Id,PostTypeId,CreationDate,Score,ViewCount,AnswerCount,AcceptedAnswerId,IsAnswered,ClosedDate,Tags
65816116,1,2021-01-20 19:13:45,0,482,1,65816373.0,True,,python
65816124,1,2021-01-20 19:14:03,0,36,0,,False,2021-01-20 19:25:49,javascript;node.js;adonis.js
65816131,1,2021-01-20 19:14:22,1,530,0,,False,,python;color-blindness
65816134,1,2021-01-20 19:14:29,0,127,1,65816184.0,True,,python;excel;csv;streaming;algorithmic-trading
65816135,1,2021-01-20 19:14:30,0,52,1,,True,,r;moving-average
65816140,1,2021-01-20 19:14:36,0,1682,2,65816339.0,True,,c#;visual-studio
65816143,1,2021-01-20 19:14:55,4,2295,4,65816398.0,True,,javascript;reactjs;react-icons
65816151,1,2021-01-20 19:15:47,0,59,1,,True,,excel;vba;nested
65816156,1,2021-01-20 19:16:00,0,42,0,,False,,android;rx-java2
65816157,1,2021-01-20 19:16:11,2,2470,1,65830200.0,True,,graalvm;graalvm-native-image
65816158,1,2021-01-20 19:16:15,0,142,1,,False,,c#;.net;azure;azure-language-understanding
65816159,1,2021-01-20 19:16:18,2,1631,1,65972289.0,True,,org-mode
65816160,1,2021-01-20 19:16:20,0,785,1,,True,,python-3.x;beautifulsoup
65816162,1,2021-01-20 19:16:25,9,3017,3,65817089.0,True,,java;java-8;comparator
65816163,1,2021-01-20 19:16:26,1,633,1,65816389.0,True,,go;go-gin
65816165,1,2021-01-20 19:16:38,3,815,1,65853217.0,True,,r;algorithm;nearest-neighbor
65816168,1,2021-01-20 19:16:45,1,789,2,65816976.0,True,,php;laravel;eloquent;eloquent-relationship
65816169,1,2021-01-20 19:16:45,7,11960,2,,True,,macos;usb;qemu
65816180,1,2021-01-20 19:17:38,1,1236,2,65816455.0,True,,c++;code-coverage;gcov;lcov
65816183,1,2021-01-20 19:17:59,0,281,2,,True,,bash;github-actions
65816186,1,2021-01-20 19:18:05,0,394,1,,False,,sql;filter;hive;duplicates;max
65816187,1,2021-01-20 19:18:07,0,780,1,,False,,javascript;reactjs;node-modules
65816188,1,2021-01-20 19:18:10,1,192,1,65830214.0,True,,node.js;firebase;http;create-react-app
65816191,1,2021-01-20 19:18:26,1,148,1,65816438.0,True,,r;ggplot2
65816198,1,2021-01-20 19:18:59,0,172,1,,False,,here-api
65816199,1,2021-01-20 19:19:08,0,43,1,,False,,python;raspberry-pi;pi;servo;thonny
65816202,1,2021-01-20 19:19:22,1,1884,1,65817768.0,True,,python;django;django-rest-framework
65816205,1,2021-01-20 19:19:44,0,188,2,65817798.0,True,,javascript;promise
65816206,1,2021-01-20 19:19:46,2,298,1,,False,,php;forms;email
65816207,1,2021-01-20 19:19:49,0,61,1,65817166.0,True,,python;python-3.x
65816210,1,2021-01-20 19:20:05,0,43,0,,False,,c++;sql;sqlite;visual-c++
65816211,1,2021-01-20 19:20:11,2,1105,3,65816510.0,True,,kotlin;weakhashmap
65816220,1,2021-01-20 19:20:41,0,65,1,65820393.0,True,,html;asp.net;asp.net-mvc;database;asp.net-core
65816224,1,2021-01-20 19:20:55,2,405,0,,False,,node.js;kubernetes;neo4j
65816225,1,2021-01-20 19:21:11,2,475,1,65880803.0,True,,knockout.js;knockout-3.0
65816227,1,2021-01-20 19:21:11,0,442,1,65816797.0,True,,oracle-sqldeveloper
65816232,1,2021-01-20 19:21:23,0,146,0,,False,,autohotkey
65816233,1,2021-01-20 19:21:24,2,50,0,,False,,java;externalizable
65816236,1,2021-01-20 19:21:39,0,1983,4,,True,,javascript;html;css
65816237,1,2021-01-20 19:21:47,0,52,1,,False,,azure;asp.net-core;authentication;asp.net-core-webapi;basic-authentication
65816238,1,2021-01-20 19:21:52,0,507,1,65816275.0,True,,reactjs
65816242,1,2021-01-20 19:22:23,0,46,2,65833317.0,True,,flutter;dart;flutter-layout
65816244,1,2021-01-20 19:22:30,4,7610,2,,True,,reactjs;react-native;expo
65816246,1,2021-01-20 19:22:47,2,203,6,,True,,java;netbeans
65816248,1,2021-01-20 19:23:13,0,79,0,,False,,python;pandas;txt
65816249,1,2021-01-20 19:23:34,-1,92,1,,False,,c#;winforms
65816251,1,2021-01-20 19:23:36,1,664,2,,True,,c
65816254,1,2021-01-20 19:23:42,0,92,1,,False,,python;pytube
65816256,1,2021-01-20 19:23:49,0,91,0,,False,,django;email
65816260,1,2021-01-20 19:24:01,3,6841,2,65951426.0,True,,python;python-3.x;windows;pip
65816263,1,2021-01-20 19:24:15,1,837,2,65816494.0,True,,python;pandas
65816264,1,2021-01-20 19:24:15,0,1073,1,,False,,azure;cpanel;domain-name;nameservers
65816265,1,2021-01-20 19:24:16,0,54,1,,True,,javascript;html;dom;google-tag-manager
65816267,1,2021-01-20 19:24:22,0,906,1,65816511.0,True,,java
65816273,1,2021-01-20 19:24:54,3,1695,2,,True,,python;pdb;ipdb
65816274,1,2021-01-20 19:24:55,1,6719,2,65822874.0,True,,php;laravel
65816276,1,2021-01-20 19:25:05,0,45,1,,False,,jquery
65816279,1,2021-01-20 19:25:11,4,11698,1,65816475.0,True,,r;plot;margin
65816280,1,2021-01-20 19:25:34,2,296,2,65817305.0,True,,git;rebase
65816281,1,2021-01-20 19:25:41,0,45,1,,False,,html;json;django
65816286,1,2021-01-20 19:26:10,0,430,1,,True,,azure-api-management
65816291,1,2021-01-20 19:26:29,0,1543,2,65816655.0,True,,javascript;typescript;vue.js;vuex
65816292,1,2021-01-20 19:26:29,1,190,1,65816462.0,True,,flutter;google-cloud-firestore;flutter-layout;flutter-dependencies;flutter-test
65816297,1,2021-01-20 19:26:49,0,442,1,65816540.0,True,,c++
65816300,1,2021-01-20 19:27:08,0,198,1,,False,,reactjs
65816304,1,2021-01-20 19:27:26,1,893,2,65818751.0,True,,python;pandas
65816306,1,2021-01-20 19:27:39,0,45,1,,True,,powershell
65816307,1,2021-01-20 19:27:39,1,3351,1,65817638.0,True,,javascript;reactjs;user-experience
65816311,1,2021-01-20 19:27:42,1,1015,1,65818694.0,True,,php;laravel
65816312,1,2021-01-20 19:27:47,-3,47,1,,False,,powershell;shell;date
65816313,1,2021-01-20 19:27:50,1,71,0,,False,,java;android;android-studio;android-fragments;webview
65816320,1,2021-01-20 19:28:06,1,61,1,65842705.0,True,,postgresql;query-optimization
65816322,1,2021-01-20 19:28:10,1,435,2,66036010.0,True,,php;cakephp;cakephp-2.x
65816324,1,2021-01-20 19:28:18,0,307,0,,False,,c#;.net;vs-code;reference;.net-assembly
65816325,1,2021-01-20 19:28:23,-1,263,2,65816366.0,True,,sql;sql-server;t-sql;average
65816328,1,2021-01-20 19:28:31,2,951,0,,False,,ruby-on-rails;ruby;msgpack;apple-m1
65816332,1,2021-01-20 19:28:49,1,75,2,65816374.0,True,,javascript;html
65816333,1,2021-01-20 19:28:52,1,3365,1,65817945.0,True,,sql;postgresql;function;permissions;privileges
65816337,1,2021-01-20 19:29:18,0,46,1,,False,,python;django
65816341,1,2021-01-20 19:29:29,0,96,1,,True,,javascript;reactjs;webstorm
65816345,1,2021-01-20 19:29:51,0,75,1,65825632.0,True,,java;android;kotlin
65816346,1,2021-01-20 19:29:59,0,135,1,65816952.0,True,,google-apps-script;google-docs-api
65816347,1,2021-01-20 19:30:01,1,350,2,,False,,javascript;node.js;mathjs
65816351,1,2021-01-20 19:30:16,1,217,1,65816563.0,True,,apache;.htaccess;http-redirect;mod-rewrite;http-status-code-403
65816352,1,2021-01-20 19:30:17,1,700,1,66172315.0,True,,android;multithreading;appium;adb;appium-android
65816355,1,2021-01-20 19:30:32,1,562,1,,False,,javascript;html;css
65816356,1,2021-01-20 19:30:33,-1,82,1,,False,,javascript;reactjs
65816357,1,2021-01-20 19:30:35,0,66,1,65816518.0,True,,python
65816359,1,2021-01-20 19:30:40,1,1228,0,,False,,vhdl;fpga;fifo;vivado
65816363,1,2021-01-20 19:31:12,-1,587,1,65820543.0,True,,c#
65816369,1,2021-01-20 19:31:30,0,47,2,65816531.0,True,,c;pointers;qsort
65816370,1,2021-01-20 19:31:31,0,549,1,65819743.0,True,,data-visualization;visualization;stata
65816377,1,2021-01-20 19:31:59,-3,77,1,65816566.0,True,2021-01-20 19:51:31,c#;date
65816378,1,2021-01-20 19:31:59,0,440,1,,True,,sql-server;excel;vba;database
65816379,1,2021-01-20 19:32:02,-1,1837,1,,False,,python;python-3.x;selenium;web-scraping;discord
65816380,1,2021-01-20 19:32:09,2,864,0,,False,,github;access-token;gitleaks
65816384,1,2021-01-20 19:32:25,-1,47,1,,True,,sql;left-join
65816390,1,2021-01-20 19:32:51,0,444,1,,True,,sql;postgresql;performance;join;subquery
65816391,1,2021-01-20 19:32:54,0,161,0,,False,,python;heroku
65816395,1,2021-01-20 19:33:05,2,1105,1,65994686.0,True,,c++;qt;qml;qtremoteobjects
65996715,1,2021-02-01 16:47:31,1,120,0,,False,,excel;vba
65996719,1,2021-02-01 16:47:59,1,502,0,,False,,php;laravel;websocket;laravel-websockets
65996722,1,2021-02-01 16:48:16,0,63,1,,False,,r;dataframe;time-series
65996725,1,2021-02-01 16:48:31,0,339,0,,False,,swiftui
65996729,1,2021-02-01 16:48:44,0,54,1,,False,,arrays;mongodb;intersection
65996731,1,2021-02-01 16:48:49,0,24,1,65996751.0,True,,python;python-imaging-library
65996732,1,2021-02-01 16:48:50,0,167,1,65996881.0,True,,r;dataframe;if-statement;dplyr
65996737,1,2021-02-01 16:49:05,0,3865,2,65996793.0,True,,reactjs;chart.js;react-chartjs;react-chartjs-2
65996741,1,2021-02-01 16:49:32,0,125,2,65997053.0,True,,google-apps-script
65996745,1,2021-02-01 16:49:45,2,1124,1,,True,,python;xml;odoo
65996749,1,2021-02-01 16:49:47,0,297,1,66006349.0,True,,python;html
65996753,1,2021-02-01 16:49:53,0,598,1,65998475.0,True,,python;django;rest;django-rest-framework;django-views
65996756,1,2021-02-01 16:50:06,0,1550,1,66163606.0,True,,oauth-2.0;discord
65996760,1,2021-02-01 16:50:30,-1,477,1,,True,2021-02-01 19:11:53,combinations
65996761,1,2021-02-01 16:50:40,0,495,1,,False,,angular;typescript
65996767,1,2021-02-01 16:51:19,0,177,1,65998099.0,True,,javascript;web-scraping;puppeteer;skyscanner
65996771,1,2021-02-01 16:51:33,1,965,1,,True,,html;css;bulma
65996774,1,2021-02-01 16:51:36,0,649,1,,True,,python;python-3.x;discord;discord.py
65996775,1,2021-02-01 16:51:38,1,28,1,65996853.0,True,,jquery;asp.net-mvc
65996779,1,2021-02-01 16:51:41,0,105,2,65996989.0,True,,c++;variadic-templates;stdtuple
65996782,1,2021-02-01 16:51:47,0,456,1,66011240.0,True,,javascript;random;photoshop;photoshop-script
65996784,1,2021-02-01 16:51:51,0,1151,1,,True,,json;flutter;dart;notifications
65996788,1,2021-02-01 16:52:02,0,1149,1,,False,2021-02-01 19:38:24,asp.net
65996789,1,2021-02-01 16:52:04,0,1974,2,65998086.0,True,,css;icons
65996792,1,2021-02-01 16:52:39,0,620,3,,True,,html;css
65996797,1,2021-02-01 16:53:05,37,33407,2,66003318.0,True,,python;jupyter-notebook
65996803,1,2021-02-01 16:53:25,0,103,1,,False,,java;macos;javafx;dependencies
65996804,1,2021-02-01 16:53:25,0,484,2,65996863.0,True,2021-02-01 17:34:47,python;list;set;nested-lists
65996805,1,2021-02-01 16:53:29,0,829,0,,False,,python;tensorflow;conda
65996807,1,2021-02-01 16:53:38,0,1615,1,,False,,c#;blazor;blazor-webassembly;.net-5;asp.net-blazor
65996811,1,2021-02-01 16:53:47,0,368,1,,False,,node.js;grpc
65996813,1,2021-02-01 16:53:53,2,2051,3,68280117.0,True,,ios;swift;xcode;avfoundation;avcapturesession
65996814,1,2021-02-01 16:54:13,0,223,1,,False,,python;tkinter;canvas;arguments
65996817,1,2021-02-01 16:54:35,0,326,2,66004555.0,True,,c#;uwp
65996819,1,2021-02-01 16:54:37,0,292,0,,False,,arrays;vue.js;sorting
65996822,1,2021-02-01 16:54:44,-1,2502,1,65997246.0,True,,flutter;dart
65996823,1,2021-02-01 16:54:48,0,7763,1,65996864.0,True,,swift;function;return-type
65996829,1,2021-02-01 16:55:11,0,84,1,,True,,google-sheets;google-sheets-formula;formula
65996831,1,2021-02-01 16:55:13,0,205,1,,True,,sql;teradata
65996832,1,2021-02-01 16:55:18,0,752,2,65996878.0,True,2021-02-01 17:18:35,javascript;reactjs;array.prototype.map
65996834,1,2021-02-01 16:55:22,0,2070,2,,False,,javascript;angular;typescript
65996836,1,2021-02-01 16:55:40,0,1517,1,,False,,amazon-web-services;amazon-s3
65996845,1,2021-02-01 16:56:15,0,96,0,,False,,html;reactjs;type-conversion
65996846,1,2021-02-01 16:56:17,1,60,1,,False,,c++
65996849,1,2021-02-01 16:56:25,2,2081,2,65996916.0,True,,reactjs
65996855,1,2021-02-01 16:56:42,0,361,1,,False,,angular;module;components
65996858,1,2021-02-01 16:56:48,1,192,1,65997488.0,True,,javascript;jquery;fadein;fadeout;cycle
65996862,1,2021-02-01 16:56:56,0,83,1,,False,,powerbi;powerquery
65996865,1,2021-02-01 16:57:13,0,70,1,65996923.0,True,,powershell
65996866,1,2021-02-01 16:57:13,0,5338,3,74896710.0,True,,typescript;graphql;apollo-client;graphql-codegen
65996869,1,2021-02-01 16:57:31,-1,3575,1,,True,,google-apps-script;unexpected-token
65996870,1,2021-02-01 16:57:32,0,729,0,,False,,firebase;swift5;ios14;xcode12
65996875,1,2021-02-01 16:57:53,0,456,3,,True,,sed
65996888,1,2021-02-01 16:58:37,0,760,3,65997614.0,True,,python;selenium;selenium-webdriver;automation
65996892,1,2021-02-01 16:58:51,1,10759,3,,True,,c#;vs-code;vscode-code-runner
65996896,1,2021-02-01 16:59:20,1,692,1,65997606.0,True,,c++;algorithm;optimization;quicksort
65996897,1,2021-02-01 16:59:21,0,939,2,66126775.0,True,,azure;azure-active-directory
65996904,1,2021-02-01 16:59:34,0,100,1,,True,,libgdx
65996914,1,2021-02-01 17:00:30,1,295,0,,False,,angular;angular2-changedetection;angular-aot;angular-dynamic-components
65996915,1,2021-02-01 17:00:33,2,3213,2,,True,,user-agent;traefik;access-log
65996918,1,2021-02-01 17:00:36,0,73,1,66003261.0,True,,java;android;google-cloud-firestore
65996926,1,2021-02-01 17:01:25,0,188,1,66035689.0,True,,webpack
65996933,1,2021-02-01 17:01:47,0,985,1,,False,,python;selenium;aws-lambda;selenium-chromedriver
65996937,1,2021-02-01 17:01:55,0,59,1,,False,,python;docker;tensorflow
65996944,1,2021-02-01 17:02:20,0,136,1,,False,,arrays;object;filter;array-map
65996945,1,2021-02-01 17:02:36,4,2860,0,,False,,npm-install;yarnpkg;package.json
65996950,1,2021-02-01 17:03:00,0,1435,1,,True,,java;amazon-web-services;kotlin;spring-data-jpa;amazon-dynamodb
65996954,1,2021-02-01 17:03:12,0,35,0,,False,,linux;file;memory;process;filesystems
65996956,1,2021-02-01 17:03:26,0,1772,1,,True,,wordpress;custom-wordpress-pages;elementor
65996958,1,2021-02-01 17:03:32,1,2103,1,65997126.0,True,,python;pip
65996961,1,2021-02-01 17:03:38,0,39,1,65997397.0,True,,android;android-layout;android-fragments
65996967,1,2021-02-01 17:04:01,-1,820,2,,False,,python;tuples
65996973,1,2021-02-01 17:04:17,0,173,1,65997195.0,True,,dart
65996977,1,2021-02-01 17:04:21,0,59,1,65997070.0,True,,python;pandas;dataframe;pandas-groupby;series
65996980,1,2021-02-01 17:04:35,0,198,3,66002894.0,True,,python;mysql;database;tkinter
65996985,1,2021-02-01 17:04:59,0,61,1,66004756.0,True,,python;web-scraping;beautifulsoup;scrapy
65996990,1,2021-02-01 17:05:13,0,95,1,,False,,python;r;file-rename
65996991,1,2021-02-01 17:05:19,1,378,1,,False,,python;excel;xlsx
65996992,1,2021-02-01 17:05:22,0,462,0,,False,,identityserver4;asp.net-core-3.1
65996994,1,2021-02-01 17:05:37,0,62,2,66130009.0,True,,python;shutil
65996998,1,2021-02-01 17:05:50,0,714,0,,False,,goland
65996999,1,2021-02-01 17:05:53,0,111,1,65998684.0,True,,ruby-on-rails;ruby;nokogiri
65997003,1,2021-02-01 17:06:14,-3,62,4,,True,2021-02-01 20:32:28,python;dictionary
65997005,1,2021-02-01 17:06:27,0,140,0,,False,,angular;angular-components
65997008,1,2021-02-01 17:06:39,0,91,1,65997191.0,True,,python;pandas;dataframe;numpy;sorting
65997009,1,2021-02-01 17:06:40,1,2310,1,66004046.0,True,,python;pandas
65997011,1,2021-02-01 17:06:43,0,560,1,,False,,r
65997013,1,2021-02-01 17:06:48,0,45,0,,False,,python;json
65997016,1,2021-02-01 17:06:51,1,81,1,,True,,javascript;html;jquery;arrays
65997017,1,2021-02-01 17:06:55,3,540,0,,False,,spring-boot;keycloak;webauthn;fido;password-less
65997019,1,2021-02-01 17:06:59,1,2232,2,66005391.0,True,,python-3.x;ubuntu;apt;ubuntu-20.04
65997026,1,2021-02-01 17:07:17,-1,31,1,,True,,javascript;arrays;reactjs;object
65997034,1,2021-02-01 17:07:52,0,292,1,65999366.0,True,,javascript;google-apps-script;google-sheets
65997036,1,2021-02-01 17:07:56,2,543,1,,True,,sockets;ada
65997038,1,2021-02-01 17:08:03,0,3476,1,65997398.0,True,,python;algorithmic-trading;trading;binance
65997040,1,2021-02-01 17:08:11,0,366,1,65999235.0,True,,python;algorithm;sequence
65997048,1,2021-02-01 17:08:43,1,263,1,,True,,cross-compiling;kotlin-coroutines;kotlin-multiplatform;kotlin-native;archlinux-arm
65997051,1,2021-02-01 17:08:52,0,130,1,66001398.0,True,,javascript;html;angularjs
65997056,1,2021-02-01 17:09:04,0,1036,1,65997271.0,True,,python;mongodb;flask;flask-mongoengine;flask-pymongo
65997059,1,2021-02-01 17:09:10,1,272,1,67212202.0,True,,c++;vulkan
66546833,1,2021-03-09 12:24:56,0,5114,1,66550885.0,True,,gradle;groovy;build.gradle;jenkins-groovy
66546840,1,2021-03-09 12:25:18,0,580,2,66579946.0,True,,activex;openedge;progress-4gl;ocx
66546842,1,2021-03-09 12:25:39,0,8851,1,,True,,reactjs;typescript;react-select
66546843,1,2021-03-09 12:25:39,0,197,1,,False,,java;windows;automation
66546844,1,2021-03-09 12:25:44,0,288,1,,True,,bots;microsoft-teams;power-automate
66546846,1,2021-03-09 12:25:47,1,114,1,66547048.0,True,,typescript
66546850,1,2021-03-09 12:25:59,0,748,1,66546975.0,True,,json;reactjs;jsonplaceholder
66546855,1,2021-03-09 12:26:13,0,215,1,,False,,selenium;selenium-chromedriver
66546861,1,2021-03-09 12:26:33,0,85,3,,True,,php;laravel;if-statement;checkbox;laravel-8
66546864,1,2021-03-09 12:26:37,-1,47,1,66547173.0,True,,javascript;class;oop
66546872,1,2021-03-09 12:27:17,0,1080,4,,False,,javascript;angular;typescript
66546874,1,2021-03-09 12:27:19,2,1768,1,,False,,elasticsearch;elastic-apm
66546876,1,2021-03-09 12:27:21,2,131,1,66547031.0,True,,php;wordpress;woocommerce;payment-gateway;shipping-method
66546882,1,2021-03-09 12:27:59,0,52,0,,False,,python;refactoring
66546883,1,2021-03-09 12:28:02,-1,990,1,66547291.0,True,,python;discord.py;command
66546884,1,2021-03-09 12:28:07,0,576,1,66553042.0,True,,c#;unity-game-engine;math;quaternions
66546885,1,2021-03-09 12:28:09,0,485,1,,False,,javascript;leaflet;osrm
66546886,1,2021-03-09 12:28:14,33,59318,9,,True,,python;pip;raspberry-pi;pyqt;pyqt5
66546894,1,2021-03-09 12:28:28,0,50,1,66547464.0,True,,amazon-web-services;amazon-s3;aws-lambda;amazon-cloudtrail
66546899,1,2021-03-09 12:28:59,1,2990,1,,True,,mongodb;grafana
66546901,1,2021-03-09 12:29:01,2,2683,1,,True,,python;data-visualization;folium
66546903,1,2021-03-09 12:29:11,2,639,0,,False,,scala;apache-spark;spark-structured-streaming;real-time-data
66546906,1,2021-03-09 12:29:33,12,652,3,66616284.0,True,,c++;language-lawyer;c++20;memory-alignment;c++-coroutine
66546907,1,2021-03-09 12:29:44,0,162,0,,False,,quickfixn
66546909,1,2021-03-09 12:29:46,1,561,0,,False,,python;linux;bash;serial-port
66546910,1,2021-03-09 12:29:46,1,1063,1,66546928.0,True,,sql;sql-server
66546912,1,2021-03-09 12:29:51,2,595,0,,False,,javascript;http-live-streaming;video.js
66546921,1,2021-03-09 12:30:17,2,1007,0,,False,,java;email;jakarta-mail;email-attachments
66546922,1,2021-03-09 12:30:32,2,1800,1,71785887.0,True,,angular;webpack;webpack-5;angular-devkit;webpack-module-federation
66546924,1,2021-03-09 12:30:48,0,827,1,66547627.0,True,,elasticsearch;nest
66546930,1,2021-03-09 12:31:15,3,1881,2,66548389.0,True,,plugins;service;shopware
66546931,1,2021-03-09 12:31:18,0,191,0,,False,,java;hibernate;jpa;tomcat;server
66546932,1,2021-03-09 12:31:25,1,132,0,,False,,css;monaco-editor
66546934,1,2021-03-09 12:31:29,5,3016,2,,True,,javascript;google-chrome;webrtc;microsoft-edge;chromium
66546943,1,2021-03-09 12:32:00,0,277,1,,False,,node.js;electron;node-serialport
66546949,1,2021-03-09 12:32:42,0,711,2,69776810.0,True,,ios;swiftui;sdk;mapbox;mapbox-ios
66546950,1,2021-03-09 12:32:47,1,1141,1,66548007.0,True,,python;json;python-3.x;postgresql
66546957,1,2021-03-09 12:33:06,3,3843,1,,True,,gitlab;gitlab-ci;gitlab-ci-runner
66546959,1,2021-03-09 12:33:11,1,485,0,,False,,javascript;jquery;angular;datatable;angular-datatables
66546960,1,2021-03-09 12:33:16,0,107,3,66547067.0,True,,javascript
66546962,1,2021-03-09 12:33:19,111,108768,10,66549433.0,True,,android;android-lifecycle;android-jetpack-compose
66546963,1,2021-03-09 12:33:23,3,5848,2,,True,,android;android-camera;android-camera2;android-camerax
66546967,1,2021-03-09 12:33:49,0,103,0,,False,,ios;swift;uilocalnotification
66546971,1,2021-03-09 12:33:57,0,1730,1,,True,,rust;ffi;rust-bindgen
66546972,1,2021-03-09 12:33:57,0,121,1,,False,,android;mongodb;android-studio;mvvm;realm
66546974,1,2021-03-09 12:33:59,2,10091,2,66547776.0,True,,angular;angular-material;angular-material-6;angular-material-7;mat-drawer
66546977,1,2021-03-09 12:34:06,1,102,1,,True,,perl;unicode;encoding;xss
66546978,1,2021-03-09 12:34:27,2,1259,1,,True,,python
66546983,1,2021-03-09 12:34:47,0,239,1,66547149.0,True,,string;spacing
66546984,1,2021-03-09 12:34:51,1,75,1,,True,,javascript;reactjs;web;babeljs;create-react-app
66546988,1,2021-03-09 12:34:57,0,550,1,66547249.0,True,,javascript;promise
66546993,1,2021-03-09 12:35:15,0,151,1,,False,,sql-server;oracle-database;t-sql;plsql
66546995,1,2021-03-09 12:35:26,0,348,1,66547379.0,True,,python;django
66546998,1,2021-03-09 12:35:49,0,143,0,,False,,google-analytics;google-tag-manager
66547003,1,2021-03-09 12:36:24,2,565,1,66547530.0,True,,reactjs
66547004,1,2021-03-09 12:36:24,1,190,0,,False,,mongodb;spring-data-mongodb;mongodb-atlas
66547008,1,2021-03-09 12:36:30,0,55,1,,False,,python;pandas;dataframe
66547012,1,2021-03-09 12:36:49,0,40,1,,False,,android;node.js;react-native
66547016,1,2021-03-09 12:37:02,0,673,1,,True,2021-03-09 12:58:38,css;css-grid
66547033,1,2021-03-09 12:37:53,0,78,1,66549710.0,True,,mysql;gps
66547036,1,2021-03-09 12:37:57,1,272,1,,False,,python;tkinter;subprocess;pyinstaller
66547039,1,2021-03-09 12:38:07,-1,1120,1,,False,,python;string;path;listdir
66547045,1,2021-03-09 12:38:40,0,411,1,,False,,python;oop;logging
66547046,1,2021-03-09 12:39:02,0,293,1,,False,,swift;uitableview;swift3;swift5
66547049,1,2021-03-09 12:39:09,0,605,1,,False,,python;azure;powerbi;adal
66547052,1,2021-03-09 12:39:22,0,260,2,66547157.0,True,,c#;json;json.net
66547055,1,2021-03-09 12:39:28,0,507,1,66547701.0,True,,sql-server-2019
66547058,1,2021-03-09 12:39:31,0,461,1,,False,,python;opencv;python-3.6
66547070,1,2021-03-09 12:40:21,2,3769,1,,True,,rest;drupal;drupal-8
66547071,1,2021-03-09 12:40:22,2,1499,1,,False,,django;django-models
66547075,1,2021-03-09 12:40:33,0,311,1,,True,,mysql;sql
66547076,1,2021-03-09 12:40:35,0,101,1,,False,,elasticsearch
66547080,1,2021-03-09 12:40:49,0,205,2,,False,,python;binary
66547086,1,2021-03-09 12:41:13,0,51,0,,False,,google-apps-script;laravel-formrequest
66547090,1,2021-03-09 12:41:24,0,79,0,,False,,javascript;reactjs
66547093,1,2021-03-09 12:41:38,0,3314,1,66547476.0,True,,json;django;serialization
66547095,1,2021-03-09 12:41:41,1,2905,2,66548120.0,True,,mysql;database;indexing;innodb
66547099,1,2021-03-09 12:41:53,1,740,2,,False,,azure;asp.net-core;asp.net-web-api;azure-functions;azure-web-app-service
66547104,1,2021-03-09 12:42:16,1,66,0,,False,,azure;oauth;botframework
66547105,1,2021-03-09 12:42:26,-1,85,2,,False,,sql;sql-server;substring
66547108,1,2021-03-09 12:42:38,1,1281,1,67096244.0,True,,cypher;agens-graph
66547109,1,2021-03-09 12:42:44,1,71,2,66547227.0,True,,regex
66547110,1,2021-03-09 12:42:49,5,4122,4,,True,,velo
66547127,1,2021-03-09 12:44:03,0,288,0,,False,,string;assembly;ascii;buffer
66547128,1,2021-03-09 12:44:03,-1,1111,2,66547238.0,True,,javascript;list;loops
66547130,1,2021-03-09 12:44:07,2,1065,1,,True,,cassandra;gremlin;janusgraph;gremlin-server
66547131,1,2021-03-09 12:44:08,0,98,1,66555845.0,True,,vba;ms-word
66547137,1,2021-03-09 12:44:31,0,717,0,,False,,aws-lambda;containers;.net-5;localstack
66547138,1,2021-03-09 12:44:42,1,1363,1,66557850.0,True,,r;buffer;extract;r-raster
66547141,1,2021-03-09 12:45:01,1,82,0,,False,2021-03-11 11:16:06,c++;opengl;shader;sfml
66547142,1,2021-03-09 12:45:06,1,1391,2,66549617.0,True,,google-cloud-platform;google-developers-console;google-tasks-api;google-tasks
66547144,1,2021-03-09 12:45:08,0,188,1,,False,,php;postgresql;codeigniter
66547147,1,2021-03-09 12:45:18,0,446,1,,True,,java;spring-boot;caching;microservices
66547148,1,2021-03-09 12:45:20,0,629,1,66547378.0,True,,android;android-databinding;android-mvvm
66547154,1,2021-03-09 12:45:48,0,960,0,,False,,javascript;laravel;vue.js;vuejs2
66547155,1,2021-03-09 12:45:58,2,1197,1,66551150.0,True,,apache;.htaccess;setenvif
66547156,1,2021-03-09 12:46:05,1,237,1,,True,2021-03-09 13:07:50,c;c-preprocessor;metaprogramming;variadic-macros;p99
66547165,1,2021-03-09 12:46:50,0,1627,1,,True,,google-cloud-platform;digital-ocean;virtualization;kvm
66547166,1,2021-03-09 12:46:51,0,38,0,,False,,excel;indexing;match
66547171,1,2021-03-09 12:47:13,8,12503,1,66550185.0,True,2021-03-09 15:51:07,firebase;google-cloud-firestore
66990275,1,2021-04-07 16:32:06,0,1253,1,67163038.0,True,,android;android-studio;tensorflow
66990276,1,2021-04-07 16:32:07,0,224,1,67019231.0,True,,java;ant;jsch;ivy
66990278,1,2021-04-07 16:32:09,-1,394,1,,False,,ocaml;lazy-sequences
66990285,1,2021-04-07 16:32:36,1,5031,1,66990482.0,True,,python;raspberry-pi;bitbake
66990292,1,2021-04-07 16:32:49,2,5682,4,66990366.0,True,,sql;oracle-database;oracle11g
66990295,1,2021-04-07 16:33:03,0,4158,1,67008057.0,True,,php;curl;openssl;centos7;nss
66990309,1,2021-04-07 16:33:41,1,229,1,66990578.0,True,,android;kotlin;realm
66990310,1,2021-04-07 16:33:42,1,570,1,66992088.0,True,,python;apache-spark;pyspark
66990317,1,2021-04-07 16:34:14,2,303,1,66999657.0,True,,benchmarking;quarkus;optaplanner
66990323,1,2021-04-07 16:34:33,1,430,1,66990583.0,True,,java;memory;memory-management;jvm;runtime
66990324,1,2021-04-07 16:34:34,1,200,1,,True,,azure-spatial-anchors
66990328,1,2021-04-07 16:34:52,0,147,0,,False,,react-native
66990332,1,2021-04-07 16:35:09,2,132,1,,False,,python;gekko
66990339,1,2021-04-07 16:35:37,2,813,0,,False,,vs-code;vscode-extensions
66990345,1,2021-04-07 16:36:11,3,2717,1,66990739.0,True,,pipeline;dagster
66990347,1,2021-04-07 16:36:15,1,835,1,66991800.0,True,,sql;django;postgresql
66990355,1,2021-04-07 16:36:55,0,560,1,66990404.0,True,,python;pandas;dataframe;python-re;findall
66990365,1,2021-04-07 16:37:45,1,5031,2,,False,,azure-cosmosdb;azure-cosmosdb-sqlapi
66990368,1,2021-04-07 16:37:56,0,464,4,,False,,sql;sql-server;string;split;sql-server-2014
66990370,1,2021-04-07 16:38:12,0,90,1,,False,,xamarin;freshmvvm
66990376,1,2021-04-07 16:38:35,1,766,1,,False,,amazon-web-services;powershell
66990377,1,2021-04-07 16:38:35,1,746,1,66990867.0,True,,python;pandas
66990382,1,2021-04-07 16:38:53,7,7001,1,66990988.0,True,,bevy
66990383,1,2021-04-07 16:39:01,0,85,1,,True,,r;dataframe
66990384,1,2021-04-07 16:39:03,0,70,0,,False,,laravel
66990385,1,2021-04-07 16:39:07,-2,33,1,66990630.0,True,,javascript;mysql;sql;node.js;sql-insert
66990389,1,2021-04-07 16:39:19,0,826,1,,False,,flutter;tensorflow-lite
66990397,1,2021-04-07 16:39:34,4,2849,1,66991718.0,True,,python;pandas;google-bigquery;airflow
66990399,1,2021-04-07 16:39:43,2,1558,2,,True,,python;installation;spacy;language-model
66990400,1,2021-04-07 16:39:49,5,7373,2,66990450.0,True,,datetime;google-bigquery;timestamp
66990401,1,2021-04-07 16:39:50,0,396,1,,False,,javascript;reactjs;typescript
66990402,1,2021-04-07 16:39:59,0,502,2,66992411.0,True,,sql;recursive-query;byte-order-mark
66990408,1,2021-04-07 16:40:11,1,60,1,,True,,html-lists;navbar;display;hidden
66990409,1,2021-04-07 16:40:13,0,222,0,,False,,angular;http;put
66990413,1,2021-04-07 16:40:22,0,184,1,,False,,tensorflow;keras;gpu;google-colaboratory
66990414,1,2021-04-07 16:40:23,1,64,2,66990752.0,True,,node.js;mongodb;mongoose;nosql
66990415,1,2021-04-07 16:40:25,0,37,1,,False,,javascript;python;jquery;django;django-forms
66990427,1,2021-04-07 16:41:01,0,53,0,,False,,php;mysql;count
66990429,1,2021-04-07 16:41:12,0,372,0,,False,,css;vue.js;bootstrap-4;google-places-autocomplete
66990432,1,2021-04-07 16:41:26,0,1147,1,66998720.0,True,,azure;kubernetes;artifactory;azure-aks
66990433,1,2021-04-07 16:41:26,11,20257,2,67020840.0,True,,amazon-web-services;amazon-s3;aws-sdk-js
66990434,1,2021-04-07 16:41:26,0,116,0,,False,,multithreading;elasticsearch;.net-core;nest
66990435,1,2021-04-07 16:41:27,0,582,1,,False,2021-04-07 16:43:18,python;pandas;dataframe
66990436,1,2021-04-07 16:41:30,0,300,1,66990540.0,True,,python;python-3.x;pandas
66990437,1,2021-04-07 16:41:31,0,136,0,,False,,scala;monix
66990438,1,2021-04-07 16:41:35,0,55,1,66994218.0,True,2021-04-08 20:24:34,macos;path;zsh
66990456,1,2021-04-07 16:42:37,1,1794,1,,True,,amazon-s3;aws-glue
66990460,1,2021-04-07 16:42:52,0,90,1,,False,,reactjs
66990464,1,2021-04-07 16:42:59,1,376,0,,False,,swift;avfoundation;avasset
66990465,1,2021-04-07 16:43:03,-2,63,1,,True,2021-04-07 17:12:30,java;time;time-complexity;big-o
66990471,1,2021-04-07 16:43:14,0,882,4,67000787.0,True,,javascript;jquery;bootstrap-4;tabs
66990481,1,2021-04-07 16:43:48,0,42,0,,False,2021-04-08 21:15:42,vue.js;vuetify.js;fabricjs;responsive
66990483,1,2021-04-07 16:44:08,2,424,1,66990554.0,True,,c;pipe;stdin;tee
66990485,1,2021-04-07 16:44:12,0,993,1,,False,,javascript;angular;typescript;pdf;hyperlink
66990486,1,2021-04-07 16:44:13,1,235,1,67101518.0,True,,python-3.x;turtle-graphics;python-turtle
66990493,1,2021-04-07 16:44:29,0,54,1,66991965.0,True,,mysql;google-apps-script;google-sheets
66990496,1,2021-04-07 16:44:51,8,18714,3,66990982.0,True,,html;css;svg
66990498,1,2021-04-07 16:45:14,1,619,1,67045658.0,True,,r;tidyverse;lubridate;as.date
66990507,1,2021-04-07 16:45:54,1,57,2,,False,,c#;excel;visual-studio;datatables
66990509,1,2021-04-07 16:46:14,3,590,1,66990510.0,True,,windows;powershell;character-encoding;mosquitto;powershell-core
66990514,1,2021-04-07 16:46:21,-1,35,2,,False,,python;list;list-comprehension
66990515,1,2021-04-07 16:46:34,0,244,1,,True,,c++;sql;multithreading;monetdb
66990518,1,2021-04-07 16:46:40,1,102,2,,True,,javascript;vue.js;svg;d3.js;charts
66990519,1,2021-04-07 16:46:51,1,2519,2,67007363.0,True,,c#;asp.net-core;iis;.net-5
66990520,1,2021-04-07 16:46:58,0,67,1,66990819.0,True,,python;regex;quotation-marks
66990527,1,2021-04-07 16:47:23,3,2223,4,66991004.0,True,,bash;shell;sed
66990533,1,2021-04-07 16:47:59,0,142,1,67018826.0,True,,c#;datetime;xamarin
66990537,1,2021-04-07 16:48:10,0,415,1,66991468.0,True,,php;laravel;laravel-8
66990546,1,2021-04-07 16:48:39,0,103,1,,True,,python;python-3.x;flask;raspberry-pi;raspberry-pi3
66990547,1,2021-04-07 16:48:49,1,127,0,,False,,z3;smt;z3py;sat
66990548,1,2021-04-07 16:48:55,2,82,1,,False,,codenameone
66990555,1,2021-04-07 16:49:37,0,2091,1,,False,,powerbi;dax;powerbi-desktop;powerbi-custom-visuals
66990558,1,2021-04-07 16:49:51,-1,39,1,66991651.0,True,,r;regex
66990559,1,2021-04-07 16:49:55,-1,1308,2,66990560.0,True,2023-08-13 16:18:49,gnome;gnome-shell
66990562,1,2021-04-07 16:50:01,1,232,1,,False,,wso2;wso2-api-manager
66990563,1,2021-04-07 16:50:04,1,537,2,66990616.0,True,,json;django;django-models;serialization;django-rest-framework
66990564,1,2021-04-07 16:50:07,0,70,1,66991061.0,True,,c#;docusignapi
66990568,1,2021-04-07 16:50:17,1,7123,2,,True,,java;spring-boot
66990571,1,2021-04-07 16:50:30,1,773,1,,True,,javascript;html;css;google-chrome
66990572,1,2021-04-07 16:50:31,1,112,2,66990721.0,True,,c++;c++11;move-semantics
66990576,1,2021-04-07 16:50:45,2,5740,1,,False,,vs-code
66990586,1,2021-04-07 16:51:09,0,1284,1,,True,,python;pandas;list;dataframe;group-by
66990589,1,2021-04-07 16:51:16,0,241,1,,False,,jquery;css;hyperlink
66990592,1,2021-04-07 16:51:34,1,35,0,,False,,python-requests;http-status-code-404
66990593,1,2021-04-07 16:51:39,0,194,1,,False,,reactjs;asynchronous;react-hooks;state;use-effect
66990597,1,2021-04-07 16:51:56,0,100,1,66990728.0,True,2021-04-07 17:57:35,python;input;printing;read-eval-print-loop;sys
66990600,1,2021-04-07 16:52:13,1,1057,1,,True,,python;bots;cryptoapi;cryptocurrency;binance
66990603,1,2021-04-07 16:52:30,-2,1406,2,66990818.0,True,,c++;output;puzzle
66990608,1,2021-04-07 16:52:54,0,476,0,,False,,amazon-redshift
66990612,1,2021-04-07 16:53:07,3,3159,1,67005103.0,True,,spring-cloud-stream;spring-cloud-stream-binder-kafka
66990613,1,2021-04-07 16:53:07,0,2505,1,68511461.0,True,,linux;linux-kernel;mips;u-boot
66990618,1,2021-04-07 16:53:20,1,975,1,66991009.0,True,,c#;sockets;task-parallel-library
66990620,1,2021-04-07 16:53:30,0,25,1,,False,,c++
66990623,1,2021-04-07 16:53:53,1,1097,1,66992651.0,True,,r;ggplot2
66990628,1,2021-04-07 16:54:15,-1,43,1,,False,,python;oop;inheritance;multiple-inheritance
66990631,1,2021-04-07 16:54:17,0,1985,1,66990800.0,True,,amazon-web-services;amazon-ec2;amazon-iam;amazon-s3
66990635,1,2021-04-07 16:54:48,0,821,2,66993074.0,True,,django;django-rest-framework;manytomanyfield
66990642,1,2021-04-07 16:55:06,9,5102,2,66991126.0,True,,swift;xcode;swift-package-manager
66990644,1,2021-04-07 16:55:10,-4,2120,2,66991873.0,True,,java
66990645,1,2021-04-07 16:55:11,1,59,1,66995809.0,True,,javascript;reactjs;material-ui
67663527,1,2021-05-23 19:19:34,0,358,1,67663620.0,True,,typescript
67663532,1,2021-05-23 19:20:16,1,782,1,67664573.0,True,,python;blender
67663533,1,2021-05-23 19:20:22,0,2881,2,67674749.0,True,,node.js;google-cloud-platform;google-cloud-functions;next.js
67663536,1,2021-05-23 19:20:49,0,987,2,,True,,flutter;dart
67663542,1,2021-05-23 19:21:23,-1,930,2,,True,,amazon-web-services;aws-lambda;salesforce;aws-step-functions
67663548,1,2021-05-23 19:22:09,0,141,0,,False,,javascript;html;wordpress;drop-down-menu;multi-select
67663552,1,2021-05-23 19:23:58,1,1259,1,67664153.0,True,2021-05-23 22:29:16,javascript;visual-studio;vs-code;vscode-tasks
67663554,1,2021-05-23 19:24:14,1,268,1,67663608.0,True,,reactjs;typescript
67663555,1,2021-05-23 19:24:17,2,109,1,,False,,java;javafx;random
67663557,1,2021-05-23 19:24:39,0,36,0,,False,,php
67663559,1,2021-05-23 19:25:04,1,932,1,,False,,javascript;reactjs;material-ui;devexpress
67663562,1,2021-05-23 19:25:35,1,62,1,67665745.0,True,,arraylist;codenameone;paint;indexoutofboundsexception
67663563,1,2021-05-23 19:25:37,3,417,3,,True,,list;algorithm;random;shuffle;seed
67663572,1,2021-05-23 19:27:01,1,182,0,,False,,javascript;ios;audio;safari;mobile-safari
67663576,1,2021-05-23 19:27:17,0,173,2,,False,,python;tensorflow;keras;tf.keras
67663577,1,2021-05-23 19:27:22,1,1253,1,67663625.0,True,,python;django;view;model
67663581,1,2021-05-23 19:27:52,-1,385,1,67663660.0,True,2021-05-23 20:14:47,c#;arrays;unity-game-engine
67663584,1,2021-05-23 19:28:14,1,120,2,67663958.0,True,,arrays;c;string;unit-testing;pointers
67663588,1,2021-05-23 19:28:19,2,85,0,,False,,java
67663589,1,2021-05-23 19:28:20,0,81,2,,False,,visual-c++;c++17
67663590,1,2021-05-23 19:28:24,0,161,0,,False,,javascript;node.js;v8
67663591,1,2021-05-23 19:28:33,2,137,3,67679777.0,True,,html;css
67663592,1,2021-05-23 19:28:39,0,256,1,67663992.0,True,,google-apps-script;google-sheets
67663596,1,2021-05-23 19:29:14,0,119,1,,False,,reactjs;typescript
67663600,1,2021-05-23 19:30:01,0,141,1,,False,2021-05-23 20:14:14,c#;async-await
67663601,1,2021-05-23 19:30:05,0,167,0,,False,,apache-kafka;ipc;apache-zookeeper
67663606,1,2021-05-23 19:30:43,10,179,1,67673597.0,True,,exception;raku;compile-time;rakudo
67663609,1,2021-05-23 19:31:13,0,386,0,,False,,ios;swift;firebase;notifications
67663610,1,2021-05-23 19:31:17,0,109,0,,False,,amazon-s3;metadata;presto
67663614,1,2021-05-23 19:31:33,0,1272,1,,True,,python;inspect;python-importlib
67663616,1,2021-05-23 19:31:43,1,4154,1,67664229.0,True,,wordpress;image;imagemagick;media
67663617,1,2021-05-23 19:32:02,0,201,0,,False,,python;django;django-templates;django-formtools
67663622,1,2021-05-23 19:32:35,1,57,0,,False,,wordpress;woocommerce;plugins
67663623,1,2021-05-23 19:32:39,4,5333,2,67844700.0,True,,android;flutter;build.gradle;apk;flutter-macos-2.0.0-stable
67663624,1,2021-05-23 19:32:53,1,53,2,67663791.0,True,,python;python-3.x;pandas;pandas-groupby
67663628,1,2021-05-23 19:33:17,-3,412,3,67663674.0,True,,javascript;recursion
67663630,1,2021-05-23 19:33:33,1,777,1,,False,,reactjs;pagination;react-hooks;use-effect
67663633,1,2021-05-23 19:34:08,0,60,3,67663884.0,True,,c#;xml;linq
67663637,1,2021-05-23 19:35:07,4,814,3,67673696.0,True,,java;android;android-drawable;android-button;rippledrawable
67663645,1,2021-05-23 19:35:54,2,163,1,,True,,animation;julia
67663648,1,2021-05-23 19:36:23,0,74,1,67663821.0,True,,node.js;neural-network;tensorflow.js
67663652,1,2021-05-23 19:36:38,2,1449,0,,False,,blazor-server-side;asp.net-core-localization
67663662,1,2021-05-23 19:38:12,1,240,0,,False,,javascript;node.js;jestjs;express-validator
67663663,1,2021-05-23 19:38:12,2,60,1,,True,,java;decimal;processing
67663664,1,2021-05-23 19:38:14,0,70,1,67665534.0,True,,javascript;c#;json
67663669,1,2021-05-23 19:39:17,0,3758,1,67681743.0,True,,linux;amazon-ec2;cloud;digital-ocean;screensaver
67663670,1,2021-05-23 19:39:29,1,554,0,,False,,node.js;pdf
67663671,1,2021-05-23 19:39:29,17,11302,2,67681054.0,True,,reactjs;svelte;svelte-3;react-context;svelte-store
67663676,1,2021-05-23 19:40:46,1,687,0,,False,,sql;postgresql;typeorm
67663681,1,2021-05-23 19:41:04,2,1672,1,67663949.0,True,,python;opencv;deep-learning;pytorch;object-detection
67663682,1,2021-05-23 19:41:12,2,6226,2,67663750.0,True,,java;arraylist;java-stream
67663685,1,2021-05-23 19:41:23,0,83,1,67663714.0,True,,sql;sql-server;t-sql;window-functions
67663689,1,2021-05-23 19:41:34,0,2395,1,,False,,python;mediapipe
67663692,1,2021-05-23 19:41:38,4,4446,1,67672829.0,True,,android;dagger-2;dagger-hilt
67663695,1,2021-05-23 19:42:11,-1,1461,2,67664093.0,True,,mysql;sql
67663696,1,2021-05-23 19:42:24,1,176,0,,False,,javascript;html;jquery
67663701,1,2021-05-23 19:43:05,0,655,2,67671260.0,True,,qt;listview;qml;qtquick2;spacing
67663702,1,2021-05-23 19:43:11,0,612,1,,False,,python;python-3.x;https;dns;gevent
67663705,1,2021-05-23 19:43:20,2,1804,1,68271569.0,True,,ubuntu;debian;forwarding;syslog-ng;qradar
67663709,1,2021-05-23 19:43:34,0,475,1,,True,,powershell
67663710,1,2021-05-23 19:43:41,1,3983,2,,True,,html;css;bootstrap-5
67663723,1,2021-05-23 19:44:52,0,386,1,67663769.0,True,,python;object;variables;python-turtle
67663728,1,2021-05-23 19:45:05,150,82852,8,67663956.0,True,,java;spring;spring-boot;kotlin;gradle
67663729,1,2021-05-23 19:45:17,1,212,2,67663875.0,True,,python;pandas;plot;timestamp
67663732,1,2021-05-23 19:45:51,1,200,1,67664841.0,True,,c#;sockets;uno-platform
67663738,1,2021-05-23 19:46:48,1,168,1,,False,,python;simulation;collision
67663742,1,2021-05-23 19:47:14,0,1478,1,,False,,gcc;gnu-make
67663743,1,2021-05-23 19:47:26,0,283,2,67663756.0,True,,sql-server;t-sql
67663744,1,2021-05-23 19:47:33,0,120,1,67664838.0,True,,c#;mvvm;data-binding
67663749,1,2021-05-23 19:48:17,6,12340,7,,True,,flutter;datetime;dart
67663751,1,2021-05-23 19:48:21,1,93,0,,False,,swift;pointers;buffer
67663752,1,2021-05-23 19:48:22,0,222,0,,False,,c;sdl;color-depth
67663757,1,2021-05-23 19:48:43,0,221,1,,False,,c
67663762,1,2021-05-23 19:49:51,0,2101,2,67663790.0,True,,flutter;riverpod
67663778,1,2021-05-23 19:52:48,1,428,1,67663998.0,True,,python;matplotlib;tkinter;canvas
67663780,1,2021-05-23 19:52:58,1,466,1,,False,,html;css
67663786,1,2021-05-23 19:53:28,1,420,1,,False,,ios;core-animation;cashapelayer;cabasicanimation;ios-animations
67663787,1,2021-05-23 19:53:37,0,77,1,67664469.0,True,,html;css
67663793,1,2021-05-23 19:54:16,1,441,1,67664665.0,True,,javascript;node.js;function;redis
67663796,1,2021-05-23 19:54:27,-1,912,1,67665443.0,True,,vue.js;cookies;frontend
67663800,1,2021-05-23 19:54:46,3,7467,2,67666300.0,True,,php;nginx;bad-gateway
67663802,1,2021-05-23 19:54:50,0,651,1,67663928.0,True,,c#;unity-game-engine
67663803,1,2021-05-23 19:55:02,1,213,1,67684464.0,True,,excel;vba
67663810,1,2021-05-23 19:55:56,0,472,1,,True,,jsonata
67663815,1,2021-05-23 19:57:05,5,1737,3,67663825.0,True,,r;max;min;na;operation
67663817,1,2021-05-23 19:57:36,5,2041,2,67664566.0,True,,java;spring;spring-boot
67663818,1,2021-05-23 19:57:37,0,700,1,,True,,angular;rxjs
67663826,1,2021-05-23 19:58:07,0,39,1,,False,,php;mysql;foreach
67663828,1,2021-05-23 19:58:26,7,11082,2,67669576.0,True,,typescript;next.js
67663832,1,2021-05-23 19:58:50,1,4082,0,,False,,java;spring-boot;keycloak
67663833,1,2021-05-23 19:59:01,0,345,1,67664695.0,True,,rust;ownership
67663835,1,2021-05-23 19:59:29,0,2777,1,,True,,jenkins;jenkins-pipeline;gitops
67663836,1,2021-05-23 19:59:33,2,2254,1,67664163.0,True,,javascript;node.js;express;node-modules
67663838,1,2021-05-23 19:59:39,0,70,1,,False,,javascript;html;css;firefox
67663844,1,2021-05-23 20:00:23,1,266,1,67665647.0,True,,arrays;excel;countif
67663847,1,2021-05-23 20:00:51,3,385,1,,True,,numpy;pybind11
67663848,1,2021-05-23 20:01:12,26,86781,8,67670280.0,True,,c#;security;jwt;identitymodel
67663849,1,2021-05-23 20:01:13,1,830,1,,False,,amazon-web-services;react-native;amazon-s3;mobile;axios
67663856,1,2021-05-23 20:01:36,-1,688,1,67664243.0,True,,sql;json;oracle-database;plsql
67663867,1,2021-05-23 20:03:30,0,1197,0,,False,,javascript;three.js;gltf
68063375,1,2021-06-21 06:40:09,0,232,1,68089594.0,True,,debugging;windbg
68063377,1,2021-06-21 06:40:17,0,2177,1,,False,,express;iframe;xss;content-security-policy;same-origin-policy
68063398,1,2021-06-21 06:41:57,0,618,1,,False,,javascript;chart.js
68063404,1,2021-06-21 06:42:45,7,3864,3,68063517.0,True,,flutter;dart;localization
68063411,1,2021-06-21 06:43:05,0,32,1,68064474.0,True,,mongodb
68063417,1,2021-06-21 06:43:36,0,144,1,68063688.0,True,,reactjs;react-hooks
68063418,1,2021-06-21 06:43:37,0,308,1,,False,,webpack-5
68063420,1,2021-06-21 06:43:43,1,1443,2,68094686.0,True,,model;onclicklistener;gltf
68063423,1,2021-06-21 06:44:00,0,132,0,,False,,json;excel;vba;dictionary
68063429,1,2021-06-21 06:44:22,1,401,2,68073843.0,True,,google-sheets;google-sheets-formula
68063430,1,2021-06-21 06:44:22,0,1139,1,,False,,git;azure-devops;repository
68063432,1,2021-06-21 06:44:32,2,1319,1,,True,,java;android;junit;appium-android;aws-device-farm
68063437,1,2021-06-21 06:45:05,0,331,0,,False,,javascript;html;jquery;css;laravel-8
68063441,1,2021-06-21 06:45:15,1,2962,1,,True,,reactjs;webpack;react-hooks;i18next
68063446,1,2021-06-21 06:45:54,-2,336,1,68063980.0,True,,winapi
68063452,1,2021-06-21 06:46:16,0,406,1,,True,,apache
68063453,1,2021-06-21 06:46:26,1,2107,1,68065322.0,True,,python;pytorch
68063454,1,2021-06-21 06:46:45,0,45,1,,False,,python;list;dictionary;counter
68063456,1,2021-06-21 06:46:58,0,34,1,,False,,python;web-scraping;beautifulsoup
68063459,1,2021-06-21 06:47:20,0,18,1,,False,,linux;rename
68063466,1,2021-06-21 06:47:47,0,45,1,68252864.0,True,,java;android;android-layout;android-webview;focus
68063476,1,2021-06-21 06:48:35,1,560,1,,False,,r;tidyverse
68063477,1,2021-06-21 06:48:36,0,145,0,,False,,android;xml;toolbar;horizontalscrollview
68063478,1,2021-06-21 06:48:45,0,606,1,68063531.0,True,2021-06-21 08:03:58,html;css;sass
68063482,1,2021-06-21 06:48:59,0,63,1,68064035.0,True,,reactjs;typescript
68063483,1,2021-06-21 06:49:12,1,305,0,,False,,android;firebase;crashlytics;crash-reports
68063484,1,2021-06-21 06:49:18,10,8893,5,,True,,ios;swift;xcode
68063487,1,2021-06-21 06:49:51,0,2583,2,68063718.0,True,,typescript
68063492,1,2021-06-21 06:50:24,0,207,0,,False,,postgresql;spring-boot;spring-batch;json-flattener
68063494,1,2021-06-21 06:50:27,0,69,0,,False,,mysql;google-cloud-platform;google-cloud-functions;google-vpc
68063495,1,2021-06-21 06:50:28,0,1927,2,,True,,azure;infrastructure-as-code;azure-bicep
68063501,1,2021-06-21 06:50:45,1,444,1,,True,,firebase;google-cloud-platform;google-cloud-firestore;firebase-security
68063504,1,2021-06-21 06:51:06,0,16,0,,False,2021-06-21 06:52:05,javascript;arrays;fetch-api
68063505,1,2021-06-21 06:51:06,0,3730,1,,True,,elasticsearch;logstash;kibana
68063508,1,2021-06-21 06:51:29,0,129,2,68063694.0,True,,python
68063509,1,2021-06-21 06:51:31,0,656,1,68066669.0,True,,c++;node.js;boost;node-gyp;n-api
68063510,1,2021-06-21 06:51:49,1,140,1,68072599.0,True,,list;google-sheets
68063512,1,2021-06-21 06:52:11,0,347,2,68063579.0,True,,flutter;dart;flutter-dependencies;sqflite;dart-null-safety
68063522,1,2021-06-21 06:52:45,0,93,1,68064145.0,True,,c#;ms-word;cell
68063526,1,2021-06-21 06:52:49,1,245,1,68064014.0,True,,r;dplyr
68063528,1,2021-06-21 06:52:57,1,2091,0,,False,,python;pytorch
68063535,1,2021-06-21 06:53:18,1,1603,1,,True,,ros
68063538,1,2021-06-21 06:53:27,0,1058,1,68065194.0,True,,python;django;react-native;django-rest-framework
68063539,1,2021-06-21 06:53:30,5,8183,2,68064213.0,True,,cmake;esp32;esp-idf
68063542,1,2021-06-21 06:53:42,0,106,0,,False,,django;postgresql;celery
68063544,1,2021-06-21 06:53:51,0,274,1,70680373.0,True,,qt;ubuntu;qt5;yubico
68063547,1,2021-06-21 06:54:08,0,691,1,,False,,ios;xamarin;renderer;keypad
68063555,1,2021-06-21 06:55:00,20,6342,2,,True,,rust
68063558,1,2021-06-21 06:55:05,0,155,0,,False,,google-vault-api
68063559,1,2021-06-21 06:55:06,1,1126,0,,False,,angular;angular-material
68063560,1,2021-06-21 06:55:08,3,538,0,,False,,c#;.net;asp.net-core;odata
68063561,1,2021-06-21 06:55:16,1,2380,2,,True,,azure;azure-functions;azure-eventhub
68063563,1,2021-06-21 06:55:20,1,170,0,,False,,css;sass;frontend;web-frontend;bulma
68063569,1,2021-06-21 06:55:41,1,180,3,,True,,r;pattern-matching;stringr
68063570,1,2021-06-21 06:55:55,0,133,1,68063625.0,True,,sql;sql-server;t-sql;sql-update
68063572,1,2021-06-21 06:56:20,7,26274,4,68099979.0,True,,reactjs;react-native
68063573,1,2021-06-21 06:56:25,2,170,0,,False,2021-06-21 07:30:09,javascript;reactjs;fetch-api
68063583,1,2021-06-21 06:56:58,3,1081,2,,False,,airflow;azure-databricks
68063585,1,2021-06-21 06:57:10,0,128,1,,False,,excel;forms;builder
68063587,1,2021-06-21 06:57:31,3,459,0,,False,,enums;client;binance
68063590,1,2021-06-21 06:57:58,2,931,1,,True,,google-cloud-platform;google-cloud-run;google-deployment-manager
68063591,1,2021-06-21 06:58:02,0,741,1,68063855.0,True,,python;django;database;django-models;admin
68063592,1,2021-06-21 06:58:22,0,831,1,68090157.0,True,,python;regex;tkinter
68063595,1,2021-06-21 06:58:42,1,114,1,,True,,flutter;dart;audio-streaming;playback
68063597,1,2021-06-21 06:58:51,2,3185,1,68063708.0,True,,r
68063598,1,2021-06-21 06:58:53,-1,238,2,,False,,javascript;google-chrome-extension
68063600,1,2021-06-21 06:59:02,3,2111,1,,False,2025-07-06 18:29:51,powerpoint
68063601,1,2021-06-21 06:59:14,0,44,0,,False,,javascript;browser
68063604,1,2021-06-21 06:59:35,1,771,1,,False,,docker;apache-kafka;apache-kafka-connect;debezium
68063607,1,2021-06-21 06:59:48,0,79,1,68063849.0,True,,javascript;discord.js
68063613,1,2021-06-21 07:00:18,2,710,1,68064436.0,True,,xml;powershell;automation
68063614,1,2021-06-21 07:00:25,1,68,1,68066702.0,True,,time;snowflake-cloud-data-platform
68063617,1,2021-06-21 07:00:35,0,23,0,,False,,android;firebase;listview
68063618,1,2021-06-21 07:00:57,0,412,1,,False,,objective-c;uitabbarcontroller
68063619,1,2021-06-21 07:01:04,0,162,1,,False,,go;concurrency
68063620,1,2021-06-21 07:01:07,0,41,0,,False,,javascript;html;jquery
68063626,1,2021-06-21 07:01:49,2,1173,2,68063987.0,True,,java;grid;vaadin-flow;vaadin14
68063629,1,2021-06-21 07:02:00,0,1436,1,,False,,javascript;iframe
68063630,1,2021-06-21 07:02:05,2,1121,1,69979744.0,True,,vue.js;vuejs3
68063631,1,2021-06-21 07:02:09,0,96,1,68080020.0,True,,jquery
68063633,1,2021-06-21 07:02:19,0,233,0,,False,,javascript;html;typescript;modal-dialog
68063642,1,2021-06-21 07:02:51,0,450,0,,False,,vue.js
68063646,1,2021-06-21 07:03:06,-2,58,2,68063918.0,True,,python;regex;pandas;date
68063657,1,2021-06-21 07:04:05,0,181,1,68063742.0,True,,python;amazon-web-services;amazon-s3;boto3
68063659,1,2021-06-21 07:04:10,0,224,1,,False,,azure-devops;azure-pipelines;azure-pipelines-yaml
68063661,1,2021-06-21 07:04:12,0,152,1,68073071.0,True,,docusignapi
68063663,1,2021-06-21 07:04:26,2,939,2,68063840.0,True,,c#;powershell
68063664,1,2021-06-21 07:04:32,1,2590,3,,True,,java;spring;jvm;java-9
68063671,1,2021-06-21 07:05:08,2,2422,0,,False,,sql-server;jdbc;tcp;dbeaver
68063673,1,2021-06-21 07:05:13,0,784,0,,False,,kdb+
68063677,1,2021-06-21 07:05:26,0,950,1,,False,,react-bootstrap
68063678,1,2021-06-21 07:05:31,2,161,0,,False,,mysql;sql;node.js;sequelize.js
68063684,1,2021-06-21 07:05:50,1,253,1,68063942.0,True,,javascript;jquery
68063695,1,2021-06-21 07:06:52,0,2135,1,68065815.0,True,,ios;reactjs;react-native;react-redux;react-native-gesture-handler
68063702,1,2021-06-21 07:07:12,-1,140,1,,True,2021-06-22 13:01:48,javascript;html;css
68063707,1,2021-06-21 07:07:36,0,187,1,,False,,javascript;audio;testim.io
68063709,1,2021-06-21 07:07:40,1,1496,1,,True,,android;ios;forms;flutter;dart
68063710,1,2021-06-21 07:07:42,1,435,2,68063837.0,True,,android;kotlin;android-recyclerview
68063712,1,2021-06-21 07:07:51,1,2137,1,68063713.0,True,,amazon-s3;hdfs;amazon-emr
68063716,1,2021-06-21 07:08:20,0,63,1,68064484.0,True,,java;jpa;spring-data-jpa
68562765,1,2021-07-28 14:58:53,0,449,1,,False,,reactjs;typescript;unit-testing;axios;jestjs
68562766,1,2021-07-28 14:58:54,1,45,0,,False,,r;string;approximate
68562767,1,2021-07-28 14:58:55,1,38,1,,True,,javascript;node.js;mongodb;mongodb-query;aggregation-framework
68562769,1,2021-07-28 14:58:59,2,84,1,68562946.0,True,,regex;recursion;block
68562773,1,2021-07-28 14:59:17,1,510,1,,False,,azure;ionic-framework;azure-active-directory;xmlhttprequest;http-headers
68562774,1,2021-07-28 14:59:19,2,2605,2,,False,,winforms;.net-core;console;.net-4.8
68562775,1,2021-07-28 14:59:20,0,302,1,68611090.0,True,,flutter;pubnub
68562776,1,2021-07-28 14:59:23,0,1469,2,68562841.0,True,,powershell;pwd
68562777,1,2021-07-28 14:59:26,0,1086,2,68562881.0,True,2021-07-28 18:04:48,python;pandas;dataframe
68562784,1,2021-07-28 14:59:33,0,1145,0,,False,,php;wordpress;woocommerce;unicode;emoji
68562794,1,2021-07-28 15:00:21,0,658,1,,False,,wordpress;ninja-forms
68562795,1,2021-07-28 15:00:23,0,217,1,,True,,c#;elasticsearch;console-application;httpclient
68562798,1,2021-07-28 15:00:38,1,529,1,68563085.0,True,,html;css
68562800,1,2021-07-28 15:00:40,0,1462,1,68563445.0,True,,javascript;three.js;3d;geometry
68562805,1,2021-07-28 15:01:08,1,1984,1,,True,,java;spring-boot
68562808,1,2021-07-28 15:01:19,1,437,0,,False,,c#;asp.net-core;authentication;asp.net-web-api
68562812,1,2021-07-28 15:01:31,0,1750,1,68563106.0,True,,python;docker;aws-lambda;gmail;smtplib
68562817,1,2021-07-28 15:01:48,0,243,1,,True,,json;ruby;logstash
68562820,1,2021-07-28 15:01:55,0,43,1,68563055.0,True,,javascript
68562826,1,2021-07-28 15:02:08,0,118,1,68564348.0,True,,powershell;for-loop;logic
68562827,1,2021-07-28 15:02:12,0,203,1,,True,,node.js;google-cloud-platform;app.yaml
68562832,1,2021-07-28 15:02:34,1,58,2,,False,,javascript;reactjs
68562833,1,2021-07-28 15:02:35,0,1053,1,,True,,r;if-statement;data.table;boolean;filtering
68562834,1,2021-07-28 15:02:37,1,391,1,,False,,flutter;dart;rive
68562837,1,2021-07-28 15:02:44,0,334,0,,False,,python;selenium;firefox;geckodriver
68562838,1,2021-07-28 15:02:45,-2,198,1,,False,,sql;sql-server;resultset
68562843,1,2021-07-28 15:03:09,0,1094,2,68563147.0,True,,java;exception;java.util.scanner
68562848,1,2021-07-28 15:03:23,1,1160,2,68562930.0,True,,javascript;reactjs;typescript
68562853,1,2021-07-28 15:03:44,-2,155,1,,True,2021-07-28 20:02:55,ruby
68562854,1,2021-07-28 15:03:55,0,1790,1,,False,,amazon-web-services;amazon-route53;aws-application-load-balancer
68562855,1,2021-07-28 15:03:57,1,2124,4,68580554.0,True,,ruby;epson;escpos;zpl-ii
68562859,1,2021-07-28 15:04:12,0,101,4,68563087.0,True,,r;tidyr
68562863,1,2021-07-28 15:04:46,3,16491,1,68563048.0,True,,flutter;dart
68562873,1,2021-07-28 15:05:29,3,1090,1,68563068.0,True,,c++;namespaces;operators;literals
68562876,1,2021-07-28 15:05:47,0,357,0,,False,,spring;spring-boot;hibernate;jpa;many-to-many
68562884,1,2021-07-28 15:06:19,0,134,1,68563188.0,True,,python;django;django-rest-framework;content-management-system;pythonanywhere
68562887,1,2021-07-28 15:06:30,1,154,1,68563049.0,True,,javascript;node.js;express;npm
68562889,1,2021-07-28 15:06:33,1,1476,2,68562983.0,True,,python;pandas;loops;tuples
68562896,1,2021-07-28 15:06:58,1,1465,2,,False,,typescript;http-live-streaming;video.js
68562897,1,2021-07-28 15:06:59,1,486,1,68604428.0,True,,python;image-processing;image-segmentation
68562899,1,2021-07-28 15:07:05,3,952,0,,False,,android;ios;macos;flutter;dart
68562903,1,2021-07-28 15:07:12,0,57,1,,False,,python;streamlit
68562919,1,2021-07-28 15:08:11,0,3578,1,68701772.0,True,,android;zip;adb;busybox
68562925,1,2021-07-28 15:08:35,2,428,2,68953366.0,True,,php;json;exact-online
68562926,1,2021-07-28 15:08:37,0,264,0,,False,,xcode;xamarin;xamarin.ios
68562929,1,2021-07-28 15:08:45,-1,1995,2,,True,,python;python-3.x;pandas;dataframe
68562934,1,2021-07-28 15:08:56,1,529,1,68563045.0,True,,firebase;firebase-authentication;nuxt.js
68562939,1,2021-07-28 15:09:26,1,158,2,,True,,reactjs;redux;react-redux;redux-toolkit
68562941,1,2021-07-28 15:09:30,0,253,1,,False,,python;bioinformatics
68562942,1,2021-07-28 15:09:33,0,233,2,68563574.0,True,,c#;json;data-structures
68562944,1,2021-07-28 15:09:44,0,745,2,68563409.0,True,,reactjs;redux;react-redux;storybook
68562950,1,2021-07-28 15:10:04,1,81,3,68563031.0,True,,javascript;arrays
68562956,1,2021-07-28 15:10:30,2,91,0,,False,,spring;spring-mvc
68562958,1,2021-07-28 15:10:38,1,118,1,68563238.0,True,2021-07-28 17:48:00,python;user-interface;kivy;exe
68562959,1,2021-07-28 15:10:39,-1,3768,3,70915674.0,True,,python;google-colaboratory;spacy
68562963,1,2021-07-28 15:10:55,0,577,2,68563499.0,True,,ios;swift;xcode;firebase
68562964,1,2021-07-28 15:10:56,-1,1115,1,,True,,javascript;html;jquery;css
68562971,1,2021-07-28 15:11:18,0,576,1,,True,,angular;data-binding;router-outlet
68562972,1,2021-07-28 15:11:20,1,2721,1,,True,,c#;monogame
68562975,1,2021-07-28 15:11:30,0,1620,1,,False,,springmockito
68562979,1,2021-07-28 15:11:45,0,603,2,,False,,javascript;vue.js
68562982,1,2021-07-28 15:11:55,1,211,2,68563132.0,True,,python;dataframe
68562985,1,2021-07-28 15:12:08,0,1215,0,,False,,oracle-database;sqlplus;dbms-metadata
68562987,1,2021-07-28 15:12:15,0,133,2,68564053.0,True,,scala;scala-3;hlist;dotty;singleton-type
68562991,1,2021-07-28 15:12:34,5,2574,1,,True,,python;python-turtle
68562992,1,2021-07-28 15:12:35,1,1117,1,,True,,flutter
68562993,1,2021-07-28 15:12:37,0,36,1,68563032.0,True,2021-07-28 15:17:42,python-3.x;discord
68562998,1,2021-07-28 15:12:58,0,131,1,68563051.0,True,,java;maven
68563001,1,2021-07-28 15:13:05,0,135,0,,False,,python;docker;tensorflow;tensorboard;tensorflow-serving
68563002,1,2021-07-28 15:13:15,0,51,0,,False,,python
68563005,1,2021-07-28 15:13:46,5,1347,2,,True,,c#;entity-framework-core;.net-5
68563006,1,2021-07-28 15:13:51,1,801,1,,False,,javascript;iframe;printing
68563013,1,2021-07-28 15:14:20,0,697,1,,True,,spring-boot;spring-mvc;jackson;json-deserialization;xml-deserialization
68563014,1,2021-07-28 15:14:25,3,1298,1,,False,,vue.js;vuejs3;vite
68563018,1,2021-07-28 15:15:03,0,186,1,,False,,angular;tslint
68563020,1,2021-07-28 15:15:08,2,75,1,68567038.0,True,,sql;ruby-on-rails;ruby;timescaledb;database-view
68563022,1,2021-07-28 15:15:13,0,617,2,68595325.0,True,,algorithm;dice;die
68563023,1,2021-07-28 15:15:21,0,440,1,,False,,java;powershell;batch-file
68563027,1,2021-07-28 15:15:42,-1,474,1,68563067.0,True,,mysql;sql;metabase
68563035,1,2021-07-28 15:16:30,-1,41,1,68563149.0,True,2021-07-28 19:47:42,html;css
68563037,1,2021-07-28 15:16:44,0,254,0,,False,,javascript;angular;typescript;angular-material
68563040,1,2021-07-28 15:17:04,15,34145,5,69923907.0,True,,windows-subsystem-for-linux;neovim;telescope.nvim
68563042,1,2021-07-28 15:17:05,0,3283,3,68563964.0,True,2021-07-31 06:50:22,c#;linq;lambda;entity-framework-core
68563047,1,2021-07-28 15:17:25,1,625,0,,False,,java;json;jackson;feign
68563057,1,2021-07-28 15:17:48,0,81,1,,False,,node.js;swift;google-cloud-firestore;google-cloud-functions
68563060,1,2021-07-28 15:18:11,0,642,1,,False,,javascript;reactjs;react-native;jsx
68563066,1,2021-07-28 15:18:51,1,1890,0,,False,,python;monitoring;cpu-usage
68563072,1,2021-07-28 15:19:04,0,318,1,,False,,sql;database;azure-sql-database
68563076,1,2021-07-28 15:19:12,-1,885,1,,True,,javascript;css;reactjs;css-variables
68563086,1,2021-07-28 15:20:00,4,2300,2,68666817.0,True,,svelte;swiper.js;sveltekit
68563089,1,2021-07-28 15:20:09,-1,417,2,68563355.0,True,,machine-learning;knn
68563092,1,2021-07-28 15:20:12,0,627,2,68563213.0,True,2021-07-28 15:37:43,python;python-3.x;list;function;append
68563103,1,2021-07-28 15:20:47,0,534,2,,False,,sql;oracle-database
68563104,1,2021-07-28 15:20:53,3,505,0,,False,,flutter;share
68563112,1,2021-07-28 15:21:07,0,439,1,,True,,cgal
68563115,1,2021-07-28 15:21:25,3,3845,1,,True,,python;scikit-learn;xgboost;ranking
68563123,1,2021-07-28 15:21:56,0,211,1,,False,,javascript;reactjs;react-native;ecmascript-6;react-redux
68563125,1,2021-07-28 15:22:01,0,1254,2,68565324.0,True,,angular;dynamic;angular-material;menu
68563126,1,2021-07-28 15:22:08,0,1283,1,68563325.0,True,,python;telegram;pyrogram
68563127,1,2021-07-28 15:22:13,0,660,1,68567427.0,True,,forms;field;netsuite;record;populate
68639797,1,2021-08-03 16:36:23,1,249,1,68642316.0,True,,maven;rabbitmq
68639799,1,2021-08-03 16:36:33,1,653,1,,False,,python;apache-spark;pyspark
68639800,1,2021-08-03 16:36:36,0,382,1,,False,,javascript;php;laravel;validation;eloquent
68639801,1,2021-08-03 16:37:00,2,1157,2,,True,,spring-boot;grpc;java-11;graalvm-native-image;spring-native
68639806,1,2021-08-03 16:37:38,1,759,1,,True,,swift;uidocumentpicker
68639808,1,2021-08-03 16:37:53,-1,250,1,68639901.0,True,,javascript
68639818,1,2021-08-03 16:38:26,1,756,1,68640644.0,True,,flutter;dart;flutter-web
68639821,1,2021-08-03 16:38:53,1,375,1,68640457.0,True,,rust
68639829,1,2021-08-03 16:39:21,1,41,1,,False,,bash;git;unix;scripting
68639837,1,2021-08-03 16:39:37,0,146,1,68703068.0,True,,python;fastapi;python-typing;pydantic
68639838,1,2021-08-03 16:40:07,0,47,2,68639934.0,True,,r;stringr
68639840,1,2021-08-03 16:40:25,0,1587,1,68639841.0,True,,sql-server;stored-procedures;azure-data-factory
68639843,1,2021-08-03 16:40:51,0,206,1,68640624.0,True,,r;date
68639846,1,2021-08-03 16:41:17,0,674,1,,False,,angular;unit-testing;karma-jasmine;auth0;karma-coverage
68639852,1,2021-08-03 16:41:50,0,257,0,,False,2021-08-03 18:24:11,java;typescript
68639855,1,2021-08-03 16:41:59,0,162,1,68639942.0,True,,javascript;html;css;bootstrap-4
68639861,1,2021-08-03 16:42:33,0,1050,1,,False,,google-cloud-platform;google-bigquery;bigquery-udf
68639865,1,2021-08-03 16:42:44,0,82,0,,False,,javascript;html;css;cpanel
68639866,1,2021-08-03 16:43:17,0,128,1,68641790.0,True,,database-design;elixir;phoenix-framework;ecto
68639868,1,2021-08-03 16:43:19,0,369,1,68640831.0,True,,r;shiny;shiny-reactivity
68639876,1,2021-08-03 16:43:43,1,262,1,68640202.0,True,,python;keras
68639879,1,2021-08-03 16:44:27,0,1425,1,,True,,javascript;validation
68639880,1,2021-08-03 16:44:31,0,388,1,68639968.0,True,,reactjs;redux;react-redux
68639882,1,2021-08-03 16:44:43,1,642,1,68639950.0,True,,azure-data-explorer
68639883,1,2021-08-03 16:44:44,0,49,0,,False,2021-08-03 17:10:28,coldfusion;concatenation;cfml;cfloop
68639886,1,2021-08-03 16:44:58,0,278,2,68640012.0,True,,java;android;kotlin;android-intent;android-activity
68639887,1,2021-08-03 16:44:59,1,364,1,,False,,php;laravel;directory;storage
68639888,1,2021-08-03 16:45:05,0,502,1,68640777.0,True,,c++;ansi-escape
68639891,1,2021-08-03 16:45:11,0,1043,1,,False,2021-08-03 17:12:21,java;selenium;selenium-webdriver
68639893,1,2021-08-03 16:45:13,8,8233,8,68790479.0,True,,c#;visual-studio;xamarin;maui
68639894,1,2021-08-03 16:45:37,-3,43,1,,True,,lua
68639899,1,2021-08-03 16:46:00,-2,989,1,,True,,angular;typescript;http
68639904,1,2021-08-03 16:46:22,1,541,1,68640966.0,True,,flutter;flutter-layout;flutter-animation
68639915,1,2021-08-03 16:47:09,0,154,1,68641643.0,True,,google-bigquery;bigquery-udf
68639916,1,2021-08-03 16:47:14,1,392,1,,False,,laravel;laravel-backpack
68639919,1,2021-08-03 16:47:37,0,1092,1,68682216.0,True,,reactjs;webpack;react-hooks;shared-libraries;react-context
68639921,1,2021-08-03 16:47:40,0,167,0,,False,,kubernetes;prometheus
68639922,1,2021-08-03 16:47:42,2,5040,1,68652643.0,True,,python;flask;python-asyncio;pyserial
68639924,1,2021-08-03 16:47:44,0,434,1,,False,,excel
68639926,1,2021-08-03 16:47:54,0,932,1,68640757.0,True,,python;discord.py
68639944,1,2021-08-03 16:48:58,-3,73,1,,True,2021-08-03 19:21:07,scala
68639945,1,2021-08-03 16:49:00,0,158,0,,False,,php;right-to-left;implode
68639946,1,2021-08-03 16:49:05,0,112,1,68640148.0,True,,javascript;reactjs;regex
68639947,1,2021-08-03 16:49:08,0,47,1,,False,,reactjs
68639956,1,2021-08-03 16:50:05,0,856,3,,True,,c#
68639958,1,2021-08-03 16:50:10,-2,86,1,,False,,python
68639960,1,2021-08-03 16:50:24,0,240,1,,True,,swift;newline;nspredicate
68639965,1,2021-08-03 16:50:31,1,650,0,,False,,algorithm
68639973,1,2021-08-03 16:51:59,0,874,2,68640064.0,True,,python;python-3.x;regex;regex-group;regex-negation
68639974,1,2021-08-03 16:52:00,0,574,1,68640521.0,True,,sas
68639975,1,2021-08-03 16:52:04,0,321,1,,False,,javascript;angular;testing;karma-jasmine
68639982,1,2021-08-03 16:52:38,2,1845,2,72376063.0,True,,python;async-await;python-asyncio;python-contextvars
68639983,1,2021-08-03 16:52:40,0,1859,1,68656979.0,True,,triggers;permissions;sql-server-2017
68639984,1,2021-08-03 16:52:48,1,17561,1,68671921.0,True,,laravel;laravel-livewire
68639987,1,2021-08-03 16:53:09,8,816,0,,False,,android;android-anr-dialog
68639991,1,2021-08-03 16:53:23,-1,753,2,68640164.0,True,,html;angular;typescript;compiler-errors
68639994,1,2021-08-03 16:53:34,1,112,0,,False,,java;android;android-studio;internal-storage
68639995,1,2021-08-03 16:53:35,0,620,1,,True,,javascript;reactjs;react-native;react-native-flatlist;react-native-navigation
68640000,1,2021-08-03 16:54:10,0,26,1,,False,,python;web-scraping;beautifulsoup
68640008,1,2021-08-03 16:54:29,1,237,1,,False,,c#;android;xamarin;speech-recognition
68640009,1,2021-08-03 16:54:36,1,1242,1,68643704.0,True,,java;scala;apache-spark
68640010,1,2021-08-03 16:54:37,0,2263,1,68640192.0,True,,elasticsearch;logstash;filebeat
68640019,1,2021-08-03 16:55:14,1,978,1,,False,,amazon-web-services;aws-cloudformation;pipeline;aws-codepipeline
68640021,1,2021-08-03 16:55:27,2,175,0,,False,,git;version-control;git-submodules;git-add
68640025,1,2021-08-03 16:55:41,2,395,1,,False,,scipy;scipy-optimize;shgo
68640026,1,2021-08-03 16:55:41,6,8940,1,,True,2021-08-03 17:16:48,typescript;typescript-generics
68640027,1,2021-08-03 16:55:49,2,82,1,68640129.0,True,,python;python-3.x;regex
68640030,1,2021-08-03 16:56:06,0,172,0,,False,,android-studio;local-storage;mediastore
68640031,1,2021-08-03 16:56:07,1,1411,2,68640065.0,True,,python;pandas;dataframe;numpy
68640034,1,2021-08-03 16:56:10,0,236,2,68640568.0,True,,python;loops;nested-lists
68640036,1,2021-08-03 16:56:21,2,535,2,,True,,android;kotlin;android-jetpack-compose
68640038,1,2021-08-03 16:56:28,0,1231,0,,False,,c#;.net;ldap;kerberos
68640039,1,2021-08-03 16:56:31,4,4767,2,,True,,typescript;eslint;svelte;prettier
68640041,1,2021-08-03 16:56:44,0,1202,1,68641372.0,True,,c++;multithreading;optimization
68640048,1,2021-08-03 16:57:27,0,609,1,68646190.0,True,,node.js;mocha.js;tdd;chai;sinon
68640049,1,2021-08-03 16:57:32,1,185,2,,True,,c++;openmp
68640052,1,2021-08-03 16:57:39,1,195,2,68640231.0,True,,python;pandas
68640053,1,2021-08-03 16:57:43,1,128,0,,False,,swiftui
68640060,1,2021-08-03 16:58:17,1,894,1,,False,,python;pandas;dataframe;multi-index;stock
68640062,1,2021-08-03 16:58:34,0,39,1,,True,,mysql
68640068,1,2021-08-03 16:58:55,2,531,3,68640343.0,True,,r;tidyverse
68640070,1,2021-08-03 16:59:00,1,208,1,,False,,python;numpy;opencl;pyopencl
68640074,1,2021-08-03 16:59:17,1,777,2,68640107.0,True,,django;django-rest-framework;django-views;django-forms;django-templates
68640078,1,2021-08-03 16:59:38,6,13356,2,,True,,flutter
68640081,1,2021-08-03 17:00:10,3,1907,1,68644214.0,True,,spring;spring-boot;metrics;spring-boot-actuator
68640085,1,2021-08-03 17:00:47,2,749,1,68640288.0,True,,javascript;unit-testing;sequelize.js
68640088,1,2021-08-03 17:00:54,0,589,1,,False,,node.js;reactjs;express;stripe-payments
68640091,1,2021-08-03 17:00:55,3,1926,4,68640145.0,True,,javascript;reactjs
68640095,1,2021-08-03 17:01:02,1,117,0,,False,,c++;boost;boost-log
68640097,1,2021-08-03 17:01:11,0,407,2,68642582.0,True,,powershell
68640102,1,2021-08-03 17:01:32,1,1656,1,,True,,azure-devops;azure-pipelines;github-actions;azure-artifacts;github-actions-artifacts
68640109,1,2021-08-03 17:02:08,1,1188,1,68640434.0,True,,sql;sql-server;t-sql
68640112,1,2021-08-03 17:02:21,0,125,0,,False,,r;igraph
68640113,1,2021-08-03 17:02:26,-1,848,4,,True,,r;dataframe
68640114,1,2021-08-03 17:02:26,1,886,3,,True,,scala
68640115,1,2021-08-03 17:02:31,1,1859,2,68640456.0,True,,assembly;x86
68640119,1,2021-08-03 17:02:43,0,42,2,,False,,list;for-loop;set
68640120,1,2021-08-03 17:02:49,1,2166,1,68640296.0,True,,go
68640121,1,2021-08-03 17:02:51,2,158,0,,False,,c++;boost;geometry
68640124,1,2021-08-03 17:03:16,0,946,2,,False,,python;sample-rate;praat
69165313,1,2021-09-13 15:24:11,7,140153,4,,True,,themes;codeblocks;darkmode
69165314,1,2021-09-13 15:24:13,0,169,0,,False,,three.js
69165315,1,2021-09-13 15:24:14,0,582,1,69165921.0,True,,python;python-3.x;request
69165319,1,2021-09-13 15:24:42,0,698,0,,False,,esp8266;arduino-uno;arduino-esp8266;baud-rate
69165323,1,2021-09-13 15:24:45,0,249,1,69165523.0,True,,node.js;reactjs
69165324,1,2021-09-13 15:24:46,0,248,3,69165659.0,True,,python;numpy;reshape
69165325,1,2021-09-13 15:24:49,0,185,1,,False,,powershell;internet-explorer;automation;bots
69165335,1,2021-09-13 15:25:53,0,577,1,69170112.0,True,,recursion;rust;mutable;borrow-checker
69165343,1,2021-09-13 15:26:41,-1,304,1,,False,,html;wordpress;pdf;attributes;custom-wordpress-pages
69165350,1,2021-09-13 15:27:16,-1,546,1,,False,,python;graph;pyvis
69165352,1,2021-09-13 15:27:21,0,86,1,69168492.0,True,,google-sheets;google-sheets-formula
69165353,1,2021-09-13 15:27:24,0,2501,1,,False,,terraform;azure-pipelines;kubernetes-helm;hashicorp-vault
69165354,1,2021-09-13 15:27:26,0,785,1,69166466.0,True,,kubernetes
69165358,1,2021-09-13 15:27:44,1,584,1,69198244.0,True,,google-apps-script
69165368,1,2021-09-13 15:28:21,1,2483,2,69195198.0,True,2025-11-05 16:20:47,openssl;postman
69165375,1,2021-09-13 15:28:34,0,266,1,,True,,javascript;datetime
69165379,1,2021-09-13 15:28:50,0,337,0,,False,,c++;allocator
69165380,1,2021-09-13 15:28:57,3,4081,2,69166087.0,True,,c++;c;pthreads;mutex
69165381,1,2021-09-13 15:28:58,-1,1406,1,69166893.0,True,,c#;asp.net-core;entity-framework-core;automapper;.net-5
69165389,1,2021-09-13 15:29:24,1,471,2,,False,,python;mysql;blob
69165392,1,2021-09-13 15:29:36,-1,179,1,,False,,teradata;geospatial;polygon
69165394,1,2021-09-13 15:29:51,0,884,1,69181566.0,True,,facebook;facebook-javascript-sdk;google-tag-manager;conversions-api;google-tag-manager-server-side
69165395,1,2021-09-13 15:29:51,0,4430,1,69704936.0,True,,docker;alpine-linux;ulimit
69165397,1,2021-09-13 15:30:04,0,55,0,,False,2021-09-14 08:04:00,docker;docker-compose;guacamole
69165401,1,2021-09-13 15:30:21,-1,88,1,69168751.0,True,,r
69165404,1,2021-09-13 15:30:24,0,1199,2,,False,,sap-commerce-cloud
69165406,1,2021-09-13 15:30:30,1,753,0,,False,,python;ipv6
69165407,1,2021-09-13 15:30:32,3,744,0,,False,,java;maven;google-cloud-platform;google-cloud-dataflow
69165415,1,2021-09-13 15:30:55,1,114,2,69165839.0,True,,c++;stl
69165418,1,2021-09-13 15:31:15,1,55,0,,False,,python;cartopy
69165423,1,2021-09-13 15:31:39,-1,133,1,,False,,javascript;html;css;wordpress
69165424,1,2021-09-13 15:31:40,2,198,1,69165459.0,True,,python;django
69165425,1,2021-09-13 15:31:45,1,4346,1,69181715.0,True,,java;rest;ssl;apache-httpclient-4.x;cyber-ark
69165428,1,2021-09-13 15:32:00,3,1825,1,,False,,android;ios;firebase;flutter;firebase-cloud-messaging
69165432,1,2021-09-13 15:32:03,0,1599,3,69165567.0,True,,r;if-statement
69165434,1,2021-09-13 15:32:14,0,141,1,69165806.0,True,,reactjs;axios;state;fetch-api
69165435,1,2021-09-13 15:32:20,0,987,1,,False,,java;reflection
69165440,1,2021-09-13 15:32:39,1,2653,2,69231946.0,True,,javascript;youtube;youtube-api
69165441,1,2021-09-13 15:32:39,0,118,0,,False,,c#;powershell
69165446,1,2021-09-13 15:32:59,0,839,1,69399320.0,True,,admob;facebook-audience-network;mobile-ad-mediation
69165449,1,2021-09-13 15:33:23,1,142,1,69170926.0,True,,c++;armadillo
69165454,1,2021-09-13 15:33:32,1,136,0,,False,,algorithm;depth-first-search;breadth-first-search
69165455,1,2021-09-13 15:33:37,0,593,0,,False,,php;phpspreadsheet
69165465,1,2021-09-13 15:34:10,2,1805,1,69169654.0,True,,angular;typescript;drag-and-drop
69165466,1,2021-09-13 15:34:12,10,9648,1,,True,,vs-code;nsregularexpression
69165468,1,2021-09-13 15:34:16,1,343,1,69165804.0,True,,python;web-scraping;beautifulsoup
69165474,1,2021-09-13 15:34:37,0,297,1,69171075.0,True,,python-3.x;pandas;dataframe;data-analysis;data-cleaning
69165475,1,2021-09-13 15:34:46,1,2296,1,69165696.0,True,,c#;signalr;blazor-webassembly
69165481,1,2021-09-13 15:35:11,0,18,0,,False,,r;dataframe;cox-regression
69165482,1,2021-09-13 15:35:12,0,65,1,69165859.0,True,,ios;swift
69165485,1,2021-09-13 15:35:26,6,238,1,69165534.0,True,,c++;language-lawyer;c++20
69165487,1,2021-09-13 15:35:29,1,1172,3,,False,2021-09-13 15:45:15,python;list;split
69165488,1,2021-09-13 15:35:30,0,125,1,,False,,reactjs;typescript
69165490,1,2021-09-13 15:35:38,3,346,3,69165896.0,True,,python;pandas;dataframe;comparison
69165491,1,2021-09-13 15:35:40,-2,46,1,69165920.0,True,,html
69165498,1,2021-09-13 15:36:11,4,129,1,69166263.0,True,,css;vaadin;highlight;vaadin8
69165501,1,2021-09-13 15:36:20,0,721,0,,False,,c#;json.net
69165504,1,2021-09-13 15:36:52,0,146,0,,False,,javascript;function;pointers;parameters;reference
69165505,1,2021-09-13 15:36:53,1,802,2,69166057.0,True,,javascript;html;reactjs
69165510,1,2021-09-13 15:37:10,1,380,1,,False,,python;arrays;keras;multidimensional-array
69165513,1,2021-09-13 15:37:13,2,2785,1,,True,,kotlin;android-jetpack-compose
69165516,1,2021-09-13 15:37:20,0,86,1,69165577.0,True,,c++;pointers;linked-list
69165517,1,2021-09-13 15:37:27,0,1322,1,,False,,android;android-layout
69165518,1,2021-09-13 15:37:28,1,465,1,69165591.0,True,2021-09-13 15:56:44,python;pandas;python-re
69165519,1,2021-09-13 15:37:33,0,159,0,,False,,javascript;node.js;child-process
69165528,1,2021-09-13 15:38:39,1,871,1,69165728.0,True,,javascript;regex
69165530,1,2021-09-13 15:38:59,9,10336,1,69169644.0,True,,azure-devops;azure-pipelines;azure-pipelines-yaml
69165532,1,2021-09-13 15:39:07,1,383,0,,False,,python;numpy;typeerror
69165535,1,2021-09-13 15:39:18,0,48,1,,True,,r;regex;regex-lookarounds
69165536,1,2021-09-13 15:39:24,1,125,0,,False,,javascript;python;bokeh
69165537,1,2021-09-13 15:39:25,-1,344,1,69170012.0,True,,javascript;jquery;fullcalendar;momentjs;fullcalendar-3
69165549,1,2021-09-13 15:40:37,0,310,1,,False,,sql;date;where-clause;amazon-athena;datediff
69165553,1,2021-09-13 15:41:06,0,47,0,,False,,c;doubly-linked-list;self-reference
69165558,1,2021-09-13 15:41:15,2,379,0,,False,,openlayers;geojson;openlayers-6
69165560,1,2021-09-13 15:41:17,0,189,1,,True,,javascript;node.js;discord.js
69165562,1,2021-09-13 15:41:30,1,454,0,,False,,google-cloud-storage
69165564,1,2021-09-13 15:41:32,0,41,0,,False,,python;python-3.x;pandas;dataframe;dictionary
69165565,1,2021-09-13 15:41:46,3,5030,2,69165677.0,True,,android;kotlin;button;android-jetpack-navigation;bottomsheetdialogfragment
69165566,1,2021-09-13 15:41:55,0,21,0,,False,2021-09-14 08:13:57,join;output;gnu
69165569,1,2021-09-13 15:42:01,3,749,2,69169906.0,True,,git
69165572,1,2021-09-13 15:42:09,0,495,0,,False,,visual-studio;visual-c++
69165575,1,2021-09-13 15:42:23,0,403,1,69165822.0,True,,c#;asp.net-core;blazor-server-side;unix-timestamp;data-conversion
69165576,1,2021-09-13 15:42:25,0,1666,2,69170416.0,True,,angular;angular-reactive-forms;angular12;formarray
69165580,1,2021-09-13 15:42:33,-1,47,1,69165752.0,True,2021-09-13 16:10:00,python;pandas
69165582,1,2021-09-13 15:42:42,1,166,1,69170872.0,True,,python;vs-code
69165586,1,2021-09-13 15:43:05,3,3824,1,69166777.0,True,,c#;.net;asp.net-core;background-service
69165593,1,2021-09-13 15:43:33,1,447,0,,False,,python;jython;scada;ignition
69165595,1,2021-09-13 15:43:38,0,91,1,69167007.0,True,,swift;firebase;google-cloud-firestore;swiftui
69165599,1,2021-09-13 15:43:55,1,81,1,69165936.0,True,,sql;sqlite;sql-update
69165601,1,2021-09-13 15:44:02,0,578,1,,True,,json;lua
69165604,1,2021-09-13 15:44:12,0,75,0,,False,,vba;ms-word
69165606,1,2021-09-13 15:44:19,0,52,1,,True,,java;mysql;hibernate;maven
69165608,1,2021-09-13 15:44:24,1,234,0,,False,,android;gradle;dependencies;lottie
69165611,1,2021-09-13 15:44:32,3,1470,1,,False,,google-chrome-devtools
69165612,1,2021-09-13 15:44:36,3,194,1,,True,,c++;c
69165617,1,2021-09-13 15:44:48,1,269,1,,False,,reactjs;typescript;mapbox;mapbox-gl-js
69165627,1,2021-09-13 15:45:09,0,771,3,69165686.0,True,,r;dplyr;conditional-statements;purrr;plyr
69165638,1,2021-09-13 15:46:01,2,4138,1,69170173.0,True,,reactjs;graphql;express-graphql
69165639,1,2021-09-13 15:46:05,1,726,0,,False,,php;kubernetes;docker-swarm;fpm;opcache
69165643,1,2021-09-13 15:46:26,1,1228,1,,False,,python;pandas;date
69412401,1,2021-10-01 22:08:40,-1,113,1,69414575.0,True,,anylogic
69412403,1,2021-10-01 22:09:11,1,1418,1,69462632.0,True,,javascript;html;angular;typescript
69412405,1,2021-10-01 22:09:22,12,2369,1,77410849.0,True,,android;kotlin;android-jetpack-compose
69412407,1,2021-10-01 22:09:44,0,583,2,,True,,swift;swiftui
69412409,1,2021-10-01 22:10:25,0,544,1,69412491.0,True,2021-10-04 01:52:39,spring-boot;authentication;spring-security;authorization
69412410,1,2021-10-01 22:10:43,0,168,2,,True,,reactjs;redux
69412414,1,2021-10-01 22:11:06,0,201,1,69412622.0,True,,entity-framework;.net-core;entity-framework-migrations
69412416,1,2021-10-01 22:11:07,3,74,2,69412427.0,True,,python;pandas;dataframe
69412418,1,2021-10-01 22:11:32,0,555,1,,True,,r;lme4
69412419,1,2021-10-01 22:11:54,0,137,2,,True,,java;data-structures;integer
69412420,1,2021-10-01 22:11:56,-1,1696,3,69415234.0,True,,snowflake-cloud-data-platform;snowflake-schema
69412421,1,2021-10-01 22:12:35,0,93,1,,True,,python;pandas;shift
69412424,1,2021-10-01 22:12:53,1,873,2,,True,,javascript;arrays;fizzbuzz
69412425,1,2021-10-01 22:12:55,1,1023,1,,False,,python;traveling-salesman
69412431,1,2021-10-01 22:13:18,2,188,0,,False,,oracle-database;docker;containers;deadlock
69412432,1,2021-10-01 22:13:30,0,19,1,,True,,css
69412435,1,2021-10-01 22:14:13,1,130,1,,True,,snowflake-cloud-data-platform;snowflake-schema
69412436,1,2021-10-01 22:14:35,-1,121,2,,False,,r;loops;vector
69412438,1,2021-10-01 22:14:59,6,200,4,69544433.0,True,,generics;types;ada
69412440,1,2021-10-01 22:15:05,0,3275,3,69433253.0,True,,deployment;digital-ocean;wagtail
69412442,1,2021-10-01 22:15:18,-1,75,1,,False,,python;pandas;dataframe;numpy
69412448,1,2021-10-01 22:16:21,0,5268,1,,True,,bootstrap-4;font-awesome
69412451,1,2021-10-01 22:16:39,1,349,2,69412503.0,True,,r;merge;time-series;xts
69412453,1,2021-10-01 22:17:04,21,13796,2,,True,2022-04-17 18:00:04,reactjs;react-hooks;react-router;next.js;router
69412455,1,2021-10-01 22:17:43,0,58,1,,True,,python;python-unittest
69412456,1,2021-10-01 22:17:55,0,149,1,69412783.0,True,,r;parallel-processing
69412467,1,2021-10-01 22:19:00,0,425,1,69412646.0,True,,java;windows;batch-file;cmd;utf
69412468,1,2021-10-01 22:19:14,-1,701,1,69710789.0,True,,omnet++;ini;inet;passive-mode
69412493,1,2021-10-01 22:23:32,0,46,0,,False,2021-10-01 22:29:53,python;password-generator
69412494,1,2021-10-01 22:23:49,0,2154,2,,True,,reactjs
69412497,1,2021-10-01 22:24:23,0,1363,1,,True,,amazon-web-services;amazon-s3;aws-lambda;cors
69412498,1,2021-10-01 22:24:31,1,142,1,69412839.0,True,,c++;c++20;assignment-operator
69412499,1,2021-10-01 22:24:35,1,77,1,,False,,flutter;android-emulator;flutter-layout;responsiveness
69412500,1,2021-10-01 22:24:35,0,176,0,,False,,reactjs;windows;authentication
69412502,1,2021-10-01 22:25:05,0,244,1,,True,,python;list;file;search;text
69412504,1,2021-10-01 22:25:28,0,137,0,,False,,excel;vba;variables
69412509,1,2021-10-01 22:26:39,0,1775,1,69416851.0,True,,latex
69412511,1,2021-10-01 22:26:56,1,139,0,,False,,flutter;dart
69412513,1,2021-10-01 22:27:20,0,30,0,,False,2021-10-01 22:34:04,c;function;pointers
69412514,1,2021-10-01 22:27:27,2,2237,1,69413044.0,True,,mqtt;mosquitto
69412515,1,2021-10-01 22:27:29,1,1993,1,,True,,python-3.x;go;cgo
69412519,1,2021-10-01 22:28:12,0,144,1,69412814.0,True,,python;keras;deep-learning;lstm
69412522,1,2021-10-01 22:28:32,5,15089,6,,True,,python
69412536,1,2021-10-01 22:31:41,0,124,1,69412569.0,True,,swift;objective-c
69412538,1,2021-10-01 22:31:58,1,1072,1,69413009.0,True,,c;usb;stm32;stm32cubeide
69412540,1,2021-10-01 22:32:01,0,740,1,,True,,amazon-quicksight
69412542,1,2021-10-01 22:32:44,2,387,1,69412769.0,True,,vulkan
69412545,1,2021-10-01 22:33:36,0,285,0,,False,,delphi;opencart
69412551,1,2021-10-01 22:34:25,-1,656,3,69414535.0,True,,python;selenium;selenium-webdriver;selenium-chromedriver
69412552,1,2021-10-01 22:34:31,1,362,1,69432240.0,True,,c++;header-files;cgal
69412553,1,2021-10-01 22:34:54,2,1255,5,,True,2021-10-04 10:46:15,javascript;typescript;functional-programming;operators;binary-operators
69412555,1,2021-10-01 22:35:19,1,66,1,69412651.0,True,,python;pandas;function
69412558,1,2021-10-01 22:36:34,-1,515,1,,False,2021-10-02 12:40:49,html;flask;csrf;flask-wtforms
69412559,1,2021-10-01 22:36:59,0,134,1,,False,,node.js;express;heroku;mongoose
69412560,1,2021-10-01 22:37:06,1,698,1,69412618.0,True,,bash;shell
69412563,1,2021-10-01 22:37:37,3,738,1,,True,,ruby-on-rails;debugging;ruby-on-rails-4;foreman;ruby-debug-ide
69412564,1,2021-10-01 22:37:38,0,1354,2,,True,,c#;asp.net-core;identityserver4
69412568,1,2021-10-01 22:38:26,0,197,0,,False,,java;kotlin;tcp;base64;outputstream
69412570,1,2021-10-01 22:38:29,0,79,1,69412601.0,True,,javascript
69412573,1,2021-10-01 22:38:54,1,67,1,69412594.0,True,,python;discord;discord.py
69412574,1,2021-10-01 22:38:58,0,77,1,69413171.0,True,,python;image;python-imaging-library
69412576,1,2021-10-01 22:39:23,0,161,1,,False,,macos;hadoop
69412577,1,2021-10-01 22:39:24,1,879,1,69412859.0,True,,python;numpy
69412578,1,2021-10-01 22:39:40,2,296,2,69448510.0,True,,.net
69412579,1,2021-10-01 22:39:41,6,1277,2,69412714.0,True,,c++;conditional-operator
69412581,1,2021-10-01 22:39:57,-3,145,2,,True,,python;tkinter
69412582,1,2021-10-01 22:39:58,0,171,1,69412679.0,True,,html;reactjs;react-hooks
69412585,1,2021-10-01 22:40:33,1,1510,0,,False,,javascript;html;streaming
69412586,1,2021-10-01 22:40:56,2,703,1,69417551.0,True,,hl7-fhir
69412593,1,2021-10-01 22:42:01,-1,136,2,69412802.0,True,,java;readfile
69412595,1,2021-10-01 22:42:21,2,375,0,,False,,typescript;jestjs;ts-jest
69412599,1,2021-10-01 22:42:31,1,461,0,,False,,javascript;angular;typescript;jspdf
69412603,1,2021-10-01 22:42:53,1,1641,2,,True,,google-colaboratory
69412605,1,2021-10-01 22:43:15,-1,103,1,69412675.0,True,,python;dictionary
69412607,1,2021-10-01 22:43:22,0,317,1,69530221.0,True,,cmd;wix
69412609,1,2021-10-01 22:43:36,0,83,1,,True,,javascript;highcharts
69412611,1,2021-10-01 22:43:52,0,562,1,69413713.0,True,,vs-code;code-snippets;vscode-snippets
69412615,1,2021-10-01 22:44:49,1,687,1,69412881.0,True,,java;android;photo;mediastore
69412617,1,2021-10-01 22:44:57,1,289,1,69455320.0,True,,vbscript;registry;32bit-64bit
69412621,1,2021-10-01 22:45:27,1,2036,2,69454823.0,True,,azure-devops
69412624,1,2021-10-01 22:46:08,1,60,2,69412642.0,True,2021-10-01 23:10:02,r;string;vector
69412625,1,2021-10-01 22:46:31,1,325,1,,True,,python;keras;deep-learning;tensorflow2.0
69412626,1,2021-10-01 22:46:33,1,1851,2,69412737.0,True,,javascript;google-apps-script;google-sheets
69412629,1,2021-10-01 22:47:57,0,429,1,69781211.0,True,,google-cloud-platform;google-bigquery;google-cloud-dataflow;google-cloud-pubsub;private-cloud
69412633,1,2021-10-01 22:49:29,1,207,0,,False,,python;python-wheel;tsne
69412638,1,2021-10-01 22:50:58,1,1145,1,,True,,azure;azure-web-app-service;httprequest
69412643,1,2021-10-01 22:52:25,0,24,0,,False,2021-10-02 00:42:17,c++;xcode;gcc;luabridge
69412647,1,2021-10-01 22:53:02,0,1275,2,69412677.0,True,,javascript;arrays
69412650,1,2021-10-01 22:53:43,3,2936,1,69431014.0,True,,typescript;vs-code;vuejs3;vscode-debugger
69412661,1,2021-10-01 22:55:39,1,1380,1,,False,,node.js;typescript;npm;azure-functions
69412663,1,2021-10-01 22:56:29,2,2044,1,69441324.0,True,,java;windows;jpackage
69412664,1,2021-10-01 22:56:34,3,7131,1,69721313.0,True,,java;spring;spring-boot;maven
69412671,1,2021-10-01 22:58:14,0,1382,2,69412697.0,True,,django;django-templates
69412678,1,2021-10-01 23:00:05,1,39,0,,False,2021-10-01 23:08:26,c++;std;cin
69412680,1,2021-10-01 23:00:40,1,152,0,,False,,python;compiler-errors;anaconda;package;open-source
69412683,1,2021-10-01 23:00:55,3,1038,1,,True,,pdf;plotly
69412693,1,2021-10-01 23:02:42,0,33,1,,True,,node.js
69412699,1,2021-10-01 23:03:54,1,2608,1,69536983.0,True,,webpack;module;webpack-5
69412702,1,2021-10-01 23:04:36,5,4326,1,69417606.0,True,,authentication;google-cloud-platform;google-authentication;impersonation;service-accounts
69412707,1,2021-10-01 23:05:43,4,1067,2,69412890.0,True,,time-series;snowflake-cloud-data-platform;data-warehouse
69872764,1,2021-11-07 13:13:22,-1,2475,1,69872821.0,True,2021-11-07 13:19:55,javascript;arrays
69872765,1,2021-11-07 13:13:26,1,1124,1,,True,,python;python-3.x;numpy;math;optimization
69872766,1,2021-11-07 13:13:29,0,1215,2,,True,,visual-studio;vue.js;npm
69872767,1,2021-11-07 13:13:50,1,2553,1,,False,,apache;nginx;http-headers;apache2;request-headers
69872768,1,2021-11-07 13:14:11,0,2093,1,69898967.0,True,,.net;model-view-controller;razor;blazor
69872769,1,2021-11-07 13:14:15,0,34,1,,False,,python;deep-learning;pytorch
69872773,1,2021-11-07 13:14:46,0,2269,1,69979065.0,True,,android-notifications;android-appcompat;android-12
69872776,1,2021-11-07 13:15:18,20,11041,2,,True,,flutter;dart;flutter-web
69872779,1,2021-11-07 13:15:42,0,814,1,,False,,vba;text;ms-word;textbox;userform
69872783,1,2021-11-07 13:15:58,0,87,0,,False,,python;panda3d
69872788,1,2021-11-07 13:16:32,7,17981,1,69872789.0,True,,docker
69872790,1,2021-11-07 13:16:42,-1,76,1,69872876.0,True,,ios;xcode
69872792,1,2021-11-07 13:17:15,0,687,1,,False,,java;android;firebase-authentication;google-play
69872798,1,2021-11-07 13:18:03,5,1708,1,69874409.0,True,,flutter
69872804,1,2021-11-07 13:18:52,2,184,1,,True,,perl;io
69872812,1,2021-11-07 13:20:00,0,82,1,,False,,xml;qt;xpath;qml;xquery
69872817,1,2021-11-07 13:20:34,0,168,0,,False,2021-11-07 13:23:19,c++
69872819,1,2021-11-07 13:20:46,1,1887,1,69872866.0,True,,reactjs;typescript
69872820,1,2021-11-07 13:21:00,0,446,0,,False,,python;pytorch
69872825,1,2021-11-07 13:21:22,1,741,0,,False,,java;maven;kotlin;intellij-idea
69872826,1,2021-11-07 13:21:27,3,652,0,,False,,realm
69872827,1,2021-11-07 13:21:33,1,588,1,,True,,django;django-rest-framework;backend
69872829,1,2021-11-07 13:21:41,-1,526,1,,False,,php;codeigniter-3
69872830,1,2021-11-07 13:21:46,-2,2988,4,69872908.0,True,,javascript;html;wordpress
69872837,1,2021-11-07 13:22:26,-1,70,1,69873038.0,True,,mysql;group-by;sum;left-join;window-functions
69872839,1,2021-11-07 13:22:39,0,1116,1,,False,,html;jquery;each;bootstrap-selectpicker;optgroup
69872842,1,2021-11-07 13:23:27,2,941,1,,True,,android;xml;kotlin
69872846,1,2021-11-07 13:23:47,2,814,1,69878713.0,True,,azure-data-factory
69872847,1,2021-11-07 13:23:48,0,871,0,,False,,java;spring;spring-boot;hibernate;entity-attribute-value
69872848,1,2021-11-07 13:23:56,0,219,2,69872880.0,True,,python;list
69872852,1,2021-11-07 13:24:07,0,41,1,,False,,.net;wpf
69872856,1,2021-11-07 13:24:30,2,4564,2,69872933.0,True,,julia
69872861,1,2021-11-07 13:25:38,4,1434,1,,True,,github;npm;github-actions;semantic-release
69872870,1,2021-11-07 13:27:11,-3,139,1,69873318.0,True,,c#;math
69872872,1,2021-11-07 13:27:16,6,25220,1,69872958.0,True,,julia
69872874,1,2021-11-07 13:27:26,0,410,1,,False,,java;excel;linux;apache-poi
69872879,1,2021-11-07 13:28:37,0,942,1,69874726.0,True,,java;discord;discord-jda
69872882,1,2021-11-07 13:29:45,0,1561,2,,False,,laravel;vue.js;daterangepicker
69872884,1,2021-11-07 13:29:51,1,160,1,69873002.0,True,,c#;entity-framework;entity-framework-core;moq;ienumerable
69872888,1,2021-11-07 13:31:09,0,138,1,,False,,javascript;webpack;webpack-5
69872889,1,2021-11-07 13:31:27,1,106,0,,False,,c#;asp.net-mvc
69872892,1,2021-11-07 13:31:59,0,372,0,,False,,reactjs;spring;spring-boot;react-native;module
69872893,1,2021-11-07 13:32:01,1,680,1,73221264.0,True,,google-chrome;lighthouse
69872894,1,2021-11-07 13:32:04,-1,150,1,69873559.0,True,,sql-server;t-sql
69872895,1,2021-11-07 13:32:13,7,4631,3,,True,,powershell;unicode
69872901,1,2021-11-07 13:33:01,-2,335,2,69873484.0,True,,php;mysql;laravel;sum;structure
69872903,1,2021-11-07 13:33:23,4,200,2,69873143.0,True,,c;loops;bit-manipulation;raster;raytracing
69872906,1,2021-11-07 13:33:35,0,59,0,,False,,postgresql
69872907,1,2021-11-07 13:33:35,-1,257,1,69873361.0,True,,javascript;html;css;z-index
69872911,1,2021-11-07 13:34:14,1,946,1,,True,,minikube;macos-big-sur;apple-m1
69872913,1,2021-11-07 13:34:36,0,194,1,69873558.0,True,,r;dplyr
69872914,1,2021-11-07 13:35:06,2,1775,2,69873371.0,True,,python-3.x;pandas;dataframe;for-loop
69872918,1,2021-11-07 13:35:29,1,124,1,69874943.0,True,,php;html;mysql;photo
69872921,1,2021-11-07 13:35:42,2,928,1,69902444.0,True,,language-lawyer;uml;interaction;communication-diagram;collaboration-diagram
69872922,1,2021-11-07 13:36:04,1,158,0,,False,,android;material-design;material-components-android;material-components
69872924,1,2021-11-07 13:36:29,0,70,0,,False,,javascript
69872936,1,2021-11-07 13:38:11,1,232,1,,False,,reactjs
69872942,1,2021-11-07 13:38:52,2,96,1,69873019.0,True,,typescript;firebase;firebase-authentication
69872943,1,2021-11-07 13:38:52,2,518,1,69873873.0,True,,delphi;freeimage
69872948,1,2021-11-07 13:39:19,2,9097,1,69873245.0,True,,python;sqlalchemy;python-asyncio;psycopg2;asyncpg
69872951,1,2021-11-07 13:39:45,0,293,1,69873009.0,True,,reactjs;events;click
69872952,1,2021-11-07 13:39:47,0,666,1,,False,,spring;spring-boot;jpa;h2db
69872955,1,2021-11-07 13:40:19,1,1802,2,69873223.0,True,,python;pandas;date;offset
69872960,1,2021-11-07 13:40:54,0,45,1,69872984.0,True,,c++;for-loop;numbers;number-formatting
69872964,1,2021-11-07 13:41:46,0,22,0,,False,2021-11-07 16:00:15,php
69872966,1,2021-11-07 13:41:55,1,489,2,69873155.0,True,,haskell;cabal
69872971,1,2021-11-07 13:42:10,0,1143,2,,True,,java;unit-testing;junit
69872973,1,2021-11-07 13:42:29,2,115,1,69873010.0,True,,c#;variables;switch-statement
69872985,1,2021-11-07 13:45:02,1,2072,1,69873471.0,True,,jmeter;performance-testing
69872986,1,2021-11-07 13:45:16,2,1351,2,69877048.0,True,,python;mongodb;pymongo;aggregation;projection
69872990,1,2021-11-07 13:45:50,0,441,1,69903649.0,True,,jenkins;kubernetes
69872995,1,2021-11-07 13:46:46,1,576,0,,False,,python;qimage;qpixmap;qt6;pyqt6
69872997,1,2021-11-07 13:47:04,0,400,1,69873189.0,True,,excel;excel-formula
69872998,1,2021-11-07 13:47:06,3,1021,1,79205754.0,True,,android;android-layout;android-statusbar
69873001,1,2021-11-07 13:47:25,2,229,1,69873116.0,True,,php;wordpress;woocommerce
69873003,1,2021-11-07 13:47:29,2,26,0,,False,2021-11-07 14:01:33,typescript;tsc
69873005,1,2021-11-07 13:47:37,1,1200,4,69873133.0,True,,python;arrays;numpy
69873006,1,2021-11-07 13:47:38,0,303,1,,False,,matlab;matlab-guide;matlab-deployment
69873012,1,2021-11-07 13:48:25,0,1293,0,,False,,c++;vs-code;gdb
69873013,1,2021-11-07 13:48:29,1,297,0,,False,,java;android;android-camera;android-camerax
69873015,1,2021-11-07 13:48:41,1,330,2,,True,,c
69873022,1,2021-11-07 13:49:38,0,1073,1,,False,,java;json;ecmascript-6;xml-to-json
69873023,1,2021-11-07 13:49:46,1,48,0,,False,,javascript;mongoose
69873026,1,2021-11-07 13:50:14,0,332,0,,False,,javascript;node.js;firebase;google-cloud-functions;node-modules
69873030,1,2021-11-07 13:50:49,0,132,2,,False,,java;arrays;list;pointers
69873041,1,2021-11-07 13:52:09,1,524,1,69894570.0,True,,kotlin;android-fragments;android-recyclerview;bottom-sheet;bottomsheetdialogfragment
69873045,1,2021-11-07 13:52:45,0,39,1,,False,,mongodb;react-native;reference
69873050,1,2021-11-07 13:53:37,0,1531,1,69873456.0,True,,javascript;jquery;bootstrap-modal
69873056,1,2021-11-07 13:54:01,0,295,0,,False,,azure-maps
69873057,1,2021-11-07 13:54:08,1,566,1,69873823.0,True,,android;kotlin;user-interface;transparency;android-jetpack-compose
69873070,1,2021-11-07 13:55:56,0,1295,1,69873573.0,True,,sql;postgresql;vs-code;auto-increment;sqldatatypes
69873078,1,2021-11-07 13:57:08,1,1585,1,,False,,c#;httplistener;long-running-processes
69873081,1,2021-11-07 13:57:25,0,103,2,,True,,pandas;apache-spark;pyspark;apache-spark-sql
69873085,1,2021-11-07 13:57:39,0,1117,1,,False,,java;hadoop;bigdata;apache-flink;flink-streaming
69873088,1,2021-11-07 13:57:54,0,245,2,,True,,android-studio
69873090,1,2021-11-07 13:58:03,0,104,1,,False,,python;twitter;tweepy
69873093,1,2021-11-07 13:58:26,5,5338,1,,True,,powershell
69873094,1,2021-11-07 13:58:28,-4,491,1,69873150.0,True,,javascript;node.js;ajax;express;cors
69873099,1,2021-11-07 13:59:09,1,386,1,69875260.0,True,,typescript;webrtc
69873100,1,2021-11-07 13:59:32,0,79,0,,False,,python;numpy;multiprocessing;python-multiprocessing
70381602,1,2021-12-16 15:28:53,0,1539,1,,True,,kotlin;kotlin-multiplatform;ktor;kotlin-multiplatform-mobile;kmm
70381605,1,2021-12-16 15:28:56,-1,73,2,70383520.0,True,2021-12-17 19:46:59,tensorflow;machine-learning;neural-network
70381606,1,2021-12-16 15:29:02,1,860,1,,False,,postgresql;docker;docker-compose;fastapi
70381609,1,2021-12-16 15:29:16,0,748,1,70383065.0,True,,autohotkey
70381612,1,2021-12-16 15:29:24,0,99,1,70381762.0,True,,node.js;express;file-upload
70381627,1,2021-12-16 15:30:10,0,231,3,,True,,c++;graph-algorithm;dijkstra
70381630,1,2021-12-16 15:30:17,1,120,0,,False,,python-3.x;django;django-rest-framework
70381637,1,2021-12-16 15:30:34,0,849,1,70383722.0,True,,java;rabbitmq;message-queue;amqp;spring-rabbit
70381643,1,2021-12-16 15:31:09,0,362,2,,False,2021-12-16 19:52:33,java;string;char;charat
70381644,1,2021-12-16 15:31:14,1,819,1,74076005.0,True,,selenium;rspec;capybara;rspec-rails
70381650,1,2021-12-16 15:31:42,4,2033,2,70381937.0,True,,python
70381651,1,2021-12-16 15:31:44,0,1090,1,70388912.0,True,,android
70381655,1,2021-12-16 15:32:02,0,646,1,,False,,vb.net;panel
70381657,1,2021-12-16 15:32:07,3,1479,3,,False,,javascript;html;bootstrap-5
70381659,1,2021-12-16 15:32:19,1,1248,1,70381841.0,True,,amazon-web-services;go;amazon-s3;aws-sdk
70381663,1,2021-12-16 15:32:26,0,197,1,70382539.0,True,,css
70381664,1,2021-12-16 15:32:26,1,8253,1,70381990.0,True,,docker;vs-code;docker-compose;syntax
70381666,1,2021-12-16 15:32:33,0,3017,1,70396777.0,True,,wiremock
70381670,1,2021-12-16 15:32:54,1,3204,2,70391501.0,True,,amazon-web-services;amazon-elastic-beanstalk;aws-codepipeline
70381672,1,2021-12-16 15:33:05,1,238,1,70382179.0,True,,reactjs;typescript;material-ui
70381673,1,2021-12-16 15:33:09,0,261,3,,True,,pandas;dataframe;numpy;pyspark
70381675,1,2021-12-16 15:33:23,2,7292,3,70498144.0,True,,sql;oracle-database;regexp-substr
70381678,1,2021-12-16 15:33:33,0,115,2,70381725.0,True,2021-12-16 16:06:46,python;python-3.x;if-statement
70381682,1,2021-12-16 15:33:56,0,545,0,,False,,image-processing;image-segmentation;edge-detection
70381688,1,2021-12-16 15:34:05,0,45,0,,False,,ionic-framework
70381697,1,2021-12-16 15:34:37,0,143,1,70381698.0,True,,palantir-foundry;foundry-code-repositories;foundry-python-transform
70381702,1,2021-12-16 15:34:49,0,867,1,70381821.0,True,,javascript;reactjs;react-hooks;axios
70381705,1,2021-12-16 15:35:05,1,264,1,70387427.0,True,,java;javasound
70381707,1,2021-12-16 15:35:13,0,1095,1,70384078.0,True,,firebase;react-native;google-cloud-firestore;stripe-payments
70381713,1,2021-12-16 15:35:27,1,1161,1,70381843.0,True,,python;telegram;pyrogram
70381715,1,2021-12-16 15:35:36,1,25,0,,False,,php;mysql;ajax;woocommerce
70381716,1,2021-12-16 15:35:39,0,978,1,70382079.0,True,,php;mysql
70381717,1,2021-12-16 15:35:41,0,57,0,,False,,.net;windows;network-programming;console-application
70381718,1,2021-12-16 15:35:45,0,3809,1,70711284.0,True,,jboss7.x
70381719,1,2021-12-16 15:35:54,1,224,1,,True,,php;htmlspecialchars
70381720,1,2021-12-16 15:36:00,0,482,1,,False,,android-layout;swiperefreshlayout
70381729,1,2021-12-16 15:36:41,1,73,1,70381918.0,True,,python;pygame
70381731,1,2021-12-16 15:36:45,0,392,0,,False,,c#;powershell;iis;exchange-server
70381732,1,2021-12-16 15:36:52,0,41,1,70382815.0,True,,intellij-idea
70381733,1,2021-12-16 15:36:53,1,1671,1,70385471.0,True,,azure;botframework;microsoft-teams
70381739,1,2021-12-16 15:37:12,1,805,0,,False,,php;laravel
70381742,1,2021-12-16 15:37:21,0,187,1,,False,,java;android
70381744,1,2021-12-16 15:37:23,-1,395,1,70390975.0,True,,rust;iso-image
70381745,1,2021-12-16 15:37:26,0,292,1,,False,,arrays;mongodb;pymongo
70381747,1,2021-12-16 15:37:30,1,44,1,,True,,html;css
70381749,1,2021-12-16 15:37:36,0,338,1,70403920.0,True,,.net;vb.net;visual-studio;windows-installer;visual-studio-2022
70381758,1,2021-12-16 15:37:56,2,697,2,,True,,tensorflow;pytorch
70381759,1,2021-12-16 15:38:10,1,335,1,70388120.0,True,,r;shiny
70381760,1,2021-12-16 15:38:14,0,622,1,,False,,python;tensorflow;neural-network
70381764,1,2021-12-16 15:38:21,0,411,1,70383404.0,True,,linux;compression;gzip;tar;bzip2
70381768,1,2021-12-16 15:38:25,-1,124,2,,True,,angular
70381771,1,2021-12-16 15:38:39,1,2249,0,,False,,python-3.x;pandas;temporary-files
70381779,1,2021-12-16 15:39:05,0,111,1,,False,,r;finance
70381781,1,2021-12-16 15:39:22,2,7640,1,70393846.0,True,,mxgraph
70381782,1,2021-12-16 15:39:22,12,8181,2,,True,,javascript;html;reactjs;react-redux
70381788,1,2021-12-16 15:39:47,0,166,1,70436970.0,True,,php;android;laravel;react-native
70381790,1,2021-12-16 15:40:00,0,342,1,,False,,reactjs;redux;redux-toolkit
70381791,1,2021-12-16 15:40:03,1,622,0,,False,,python-3.x;windows;winapi;network-printers;pymupdf
70381793,1,2021-12-16 15:40:09,0,1175,1,70383327.0,True,,python;csv;google-cloud-platform;google-cloud-asset-inventory
70381800,1,2021-12-16 15:40:42,-1,310,1,,False,,apache-nifi
70381802,1,2021-12-16 15:40:56,1,98,1,,True,,html;css;bootstrap-4
70381805,1,2021-12-16 15:41:29,0,1012,2,70382859.0,True,,javascript;reactjs;material-ui;redwoodjs
70381807,1,2021-12-16 15:41:39,1,354,1,70384061.0,True,,javascript;jquery;json;google-chrome;google-chrome-extension
70381809,1,2021-12-16 15:41:44,11,3140,1,,True,,c++;cmake;build;dependencies;fetchcontent
70381812,1,2021-12-16 15:41:49,0,775,1,70388985.0,True,,c#;xamarin;xamarin.forms;xamarin.android
70381815,1,2021-12-16 15:42:02,0,60,1,,False,,python;python-3.x;pandas;dataframe;pymongo
70381816,1,2021-12-16 15:42:04,0,546,1,,False,,python;pyqt5
70381824,1,2021-12-16 15:42:38,4,116,2,70381955.0,True,,python;arrays;numpy
70381825,1,2021-12-16 15:42:44,0,3052,1,,True,,reactjs;unit-testing;react-hooks;jestjs;react-hooks-testing-library
70381827,1,2021-12-16 15:42:51,2,1294,1,70382260.0,True,,c#;.net;entity-framework;integration-testing
70381831,1,2021-12-16 15:43:10,0,367,2,,False,,python;pandas;hdf5
70381832,1,2021-12-16 15:43:12,0,61,3,,False,,json;linux;bash;variables
70381836,1,2021-12-16 15:43:33,0,194,0,,False,,mysql;join;select;where-clause
70381838,1,2021-12-16 15:43:39,-1,571,1,70382036.0,True,2021-12-19 07:32:32,rust
70381840,1,2021-12-16 15:43:52,1,514,0,,False,,spring;maven;deployment;jboss7.x
70381842,1,2021-12-16 15:44:08,0,1684,1,,False,,azure;azure-data-factory;azure-synapse;azure-data-lake-gen2;linked-service
70381845,1,2021-12-16 15:44:31,4,3308,1,70385805.0,True,,ruby;docker;rubygems;bundler
70381850,1,2021-12-16 15:44:46,5,1822,0,,False,,git;github;push;github-actions;pull-request
70381852,1,2021-12-16 15:44:48,0,108,1,,False,,python;django;ethereum;web3py
70381854,1,2021-12-16 15:44:53,0,2183,1,,False,,windows;hadoop;exception;datanode
70381860,1,2021-12-16 15:45:05,2,123,1,70384122.0,True,,prolog;dcg
70381861,1,2021-12-16 15:45:08,0,1810,0,,False,,c#;json
70381863,1,2021-12-16 15:45:12,0,129,1,,False,,javascript;reactjs
70381864,1,2021-12-16 15:45:16,1,811,1,,True,,python-3.x;django;django-models;django-forms
70381867,1,2021-12-16 15:45:22,0,187,1,,False,,python;pandas;dataframe;group-by
70381868,1,2021-12-16 15:45:24,1,711,1,,True,,angular;laravel;laravel-8
70381869,1,2021-12-16 15:45:40,0,864,1,70383145.0,True,,java;multithreading
70381872,1,2021-12-16 15:45:58,2,4992,2,70383992.0,True,,python;matplotlib
70381876,1,2021-12-16 15:46:11,2,986,1,70381877.0,True,,pyspark;palantir-foundry;foundry-code-repositories;foundry-python-transform
70381879,1,2021-12-16 15:46:19,0,94,0,,False,,java;swing;layout;border
70381882,1,2021-12-16 15:46:55,0,1285,1,,False,,freeradius;radius
70381883,1,2021-12-16 15:47:06,0,234,1,,False,,python;pandas
70381891,1,2021-12-16 15:47:44,-1,77,1,,False,,python;pandas;binning
70381892,1,2021-12-16 15:47:48,0,111,2,70383481.0,True,,java;android;json
70381894,1,2021-12-16 15:47:57,1,696,4,70382017.0,True,,java;while-loop
70381896,1,2021-12-16 15:48:03,0,74,2,70390413.0,True,,python;sql;django
70381900,1,2021-12-16 15:48:35,0,198,0,,False,,c#;multithreading;thread-safety;locking;thread-synchronization
70381902,1,2021-12-16 15:48:56,1,702,3,70382171.0,True,,python;selenium;web-crawler;webdriverwait;expected-condition
70381904,1,2021-12-16 15:49:00,0,551,1,70387776.0,True,,angular;highcharts
70381906,1,2021-12-16 15:49:12,0,302,1,,False,,javascript;html;html5-canvas;styles
70551395,1,2022-01-01 19:43:05,1,98,2,70551540.0,True,,python;tkinter
70551402,1,2022-01-01 19:44:29,0,1104,3,70551602.0,True,,reactjs;react-router-dom
70551406,1,2022-01-01 19:45:02,-1,609,1,,True,,go;goland
70551411,1,2022-01-01 19:46:22,1,2236,1,,False,,angular;angular-ui-router;angular-routing
70551414,1,2022-01-01 19:47:12,0,558,0,,False,,r;tidyquant
70551416,1,2022-01-01 19:47:31,2,736,2,70551509.0,True,,r;regex;string;character
70551428,1,2022-01-01 19:49:13,1,3014,2,70551913.0,True,,python;geopandas;folium
70551433,1,2022-01-01 19:49:26,0,2862,2,,False,,google-sheets-formula
70551435,1,2022-01-01 19:49:38,0,618,2,,False,,javascript;typescript;react-native;asyncstorage
70551437,1,2022-01-01 19:49:45,1,5415,1,70552534.0,True,,python;selenium;cpu-usage
70551438,1,2022-01-01 19:49:46,0,1915,1,,False,,javascript;jquery;forms;radio-button;checked
70551442,1,2022-01-01 19:50:13,0,184,2,70551959.0,True,,symfony;twig;textfield;customization;message
70551445,1,2022-01-01 19:51:07,2,4569,1,70551899.0,True,,ansible;jinja2
70551447,1,2022-01-01 19:51:09,0,189,1,,False,,android;retrofit;retrofit2;philips-hue
70551448,1,2022-01-01 19:51:20,0,43,0,,False,,javascript;reactjs;react-native;react-redux;react-hooks
70551451,1,2022-01-01 19:51:38,1,2049,1,70593633.0,True,,discord;elixir;webrtc;http-live-streaming;live-streaming
70551454,1,2022-01-01 19:52:11,4,4591,1,,True,,pytorch;dataloader
70551456,1,2022-01-01 19:52:24,-2,391,1,,False,,html;forms
70551458,1,2022-01-01 19:53:04,0,1115,0,,False,,swiftui;picker
70551459,1,2022-01-01 19:53:05,0,483,1,,False,,amazon-web-services;amazon-ses
70551461,1,2022-01-01 19:53:16,3,454,1,,False,,ruby-on-rails;pundit
70551466,1,2022-01-01 19:55:18,0,1200,1,,True,,angular;tiptap
70551467,1,2022-01-01 19:56:09,1,1200,1,70635700.0,True,,java;c#;android;retrofit2;bearer-token
70551471,1,2022-01-01 19:56:39,0,455,3,,False,,python;outlook
70551473,1,2022-01-01 19:56:58,0,1393,1,,False,,python;tkinter;openpyxl
70551475,1,2022-01-01 19:57:03,0,166,1,70551541.0,True,,typescript;typescript-generics
70551477,1,2022-01-01 19:57:24,0,75,1,70553971.0,True,,html;css
70551478,1,2022-01-01 19:57:26,1,415,1,,False,,jenkins;openshift
70551485,1,2022-01-01 19:58:06,4,1437,1,,True,,opensea
70551486,1,2022-01-01 19:58:08,0,586,0,,False,,excel;excel-formula
70551490,1,2022-01-01 19:58:29,1,709,2,70551516.0,True,,python;save;python-imaging-library
70551494,1,2022-01-01 19:59:15,4,1184,1,,True,,c#;entity-framework-core
70551499,1,2022-01-01 20:00:01,0,582,1,,True,,mongo-shell
70551503,1,2022-01-01 20:00:37,1,1841,1,70552158.0,True,,ios;swift;swiftui;app-store
70551504,1,2022-01-01 20:00:40,1,247,1,70551557.0,True,,python;dataframe;tensorflow
70551506,1,2022-01-01 20:01:00,0,424,1,,False,,database;vb.net;sorting;ms-access;gridview
70551507,1,2022-01-01 20:01:15,3,489,2,70551625.0,True,,javascript;reactjs;async-await;fetch;local-storage
70551513,1,2022-01-01 20:02:06,-1,128,1,,False,,javascript;google-maps-api-3;google-maps-markers
70551518,1,2022-01-01 20:03:18,-1,680,1,,False,,javascript;php;html;laravel;laravel-livewire
70551519,1,2022-01-01 20:03:26,0,455,1,,True,,javascript
70551521,1,2022-01-01 20:03:42,1,269,1,70551579.0,True,,python;operator-overloading
70551523,1,2022-01-01 20:03:50,2,2473,1,70574819.0,True,,html;css;tailwind-css
70551524,1,2022-01-01 20:04:11,0,165,0,,False,2022-01-01 20:42:02,javascript;typescript;date;constructor
70551526,1,2022-01-01 20:04:26,0,1767,1,70555849.0,True,2022-01-02 21:59:43,java;android;firebase;firebase-realtime-database;google-cloud-platform
70551531,1,2022-01-01 20:05:09,0,1498,1,70557221.0,True,,wordpress;woocommerce;wordpress-rest-api;custom-taxonomy;woocommerce-rest-api
70551534,1,2022-01-01 20:05:35,1,215,2,70551779.0,True,,c#;.net;console-application
70551538,1,2022-01-01 20:05:59,1,444,1,70552140.0,True,,scala;linked-list;functional-programming
70551548,1,2022-01-01 20:07:28,0,1712,2,,False,,flutter;dart;post
70551550,1,2022-01-01 20:07:39,1,133,1,70551578.0,True,,java;concurrenthashmap
70551555,1,2022-01-01 20:08:23,0,42,1,70551666.0,True,,android
70551559,1,2022-01-01 20:09:05,4,168,0,,False,,javascript;html;webgl2
70551561,1,2022-01-01 20:09:21,1,650,1,70552213.0,True,,python;recursion;python-requests;python-asyncio
70551562,1,2022-01-01 20:09:25,0,107,0,,False,,haskell;persist;bytestring
70551566,1,2022-01-01 20:10:09,2,293,2,70552519.0,True,,html;css;flexbox;responsive-design;aspect-ratio
70551568,1,2022-01-01 20:10:29,1,615,1,,True,,python;sqlalchemy
70551576,1,2022-01-01 20:11:46,3,2259,2,70551706.0,True,,python;csv;interpolation
70551591,1,2022-01-01 20:14:40,-3,147,1,,False,,django
70551595,1,2022-01-01 20:14:52,1,647,1,,False,,c;gcc;ld;mingw-w64
70551596,1,2022-01-01 20:14:54,1,49,1,70551656.0,True,,navbar;bootstrap-5
70551597,1,2022-01-01 20:14:54,0,1662,1,70551703.0,True,,python;discord;discord.py
70551599,1,2022-01-01 20:15:11,0,179,2,70553018.0,True,,python;algorithm;greedy
70551606,1,2022-01-01 20:16:07,0,243,1,,True,,c#;unity-game-engine
70551607,1,2022-01-01 20:16:09,2,1926,2,,True,,javascript;html;reactjs;typescript;components
70551611,1,2022-01-01 20:17:14,0,100,2,,True,,python
70551612,1,2022-01-01 20:17:32,1,691,1,,False,,swift;swiftui;appstorage
70551614,1,2022-01-01 20:17:37,1,565,2,,True,,python;pandas
70551618,1,2022-01-01 20:17:49,0,58,2,,True,2022-01-02 02:38:03,r;dataframe;matrix
70551621,1,2022-01-01 20:18:22,2,180,1,70552852.0,True,,python;pytorch;bigdata;dataloader
70551624,1,2022-01-01 20:19:05,4,555,1,,True,,flutter
70551628,1,2022-01-01 20:20:04,0,103,1,70557639.0,True,,pandas;csv;sum;csvreader;emptydatatext
70551632,1,2022-01-01 20:21:01,1,1701,2,70551664.0,True,,python-3.x;timeit
70551635,1,2022-01-01 20:21:18,0,316,1,70552896.0,True,,python;pandas;dataframe;pandas-groupby
70551637,1,2022-01-01 20:21:34,1,340,1,70551696.0,True,,html;stockfish
70551640,1,2022-01-01 20:22:16,2,129,1,,True,,c
70551641,1,2022-01-01 20:22:19,7,5247,3,,True,,docker;docker-compose;gcloud
70551642,1,2022-01-01 20:22:43,2,241,1,70553316.0,True,,r;readline;libreadline
70551653,1,2022-01-01 20:24:39,1,217,1,70564211.0,True,,python;discord;discord.py
70551655,1,2022-01-01 20:24:55,0,784,1,,False,,apache;mod-security
70551658,1,2022-01-01 20:25:52,1,357,1,70552875.0,True,,html;css;html5-video;sections
70551661,1,2022-01-01 20:26:28,0,51,1,,False,,reactjs;flask
70551663,1,2022-01-01 20:26:46,1,321,2,70551850.0,True,,python;selenium
70551667,1,2022-01-01 20:27:53,3,17175,1,,True,,visual-c++;mfc;side-by-side;activation-context-api
70551668,1,2022-01-01 20:27:53,1,1727,1,70565444.0,True,,java;android;wear-os;android-wear-2.0;wear-os-tiles
70551672,1,2022-01-01 20:28:55,0,72,2,70551697.0,True,,c#;linq
70551673,1,2022-01-01 20:29:01,2,314,1,,False,,c#;.net;winapi;.net-4.8
70551678,1,2022-01-01 20:31:01,1,97,1,70552299.0,True,,wordpress;.htaccess;mod-rewrite
70551682,1,2022-01-01 20:31:49,0,3808,1,70554853.0,True,,laravel;laravel-blade;alpine.js
70551683,1,2022-01-01 20:32:26,1,65,1,70552525.0,True,,ios;swift
70551685,1,2022-01-01 20:33:04,0,87,2,70565463.0,True,,javascript
70551687,1,2022-01-01 20:33:45,-1,1458,1,70590093.0,True,,utf-8;sendmail;postfix-mta
70551688,1,2022-01-01 20:33:51,1,120,0,,False,,python;machine-learning;scikit-learn;google-colaboratory;ram
70551689,1,2022-01-01 20:33:52,1,1930,3,70551757.0,True,,python;mysql;mariadb
70551690,1,2022-01-01 20:33:56,1,160,1,70553587.0,True,,java;sorting;comparator;comparable;custom-sort
70551691,1,2022-01-01 20:34:10,0,79,1,70551894.0,True,,python;python-3.x;performance
70551699,1,2022-01-01 20:35:54,26,2108,4,70551743.0,True,,c++;move-semantics;stdmove
70551707,1,2022-01-01 20:37:07,-1,236,1,,False,,lua;roblox
70551719,1,2022-01-01 20:40:55,1,848,1,70551758.0,True,,python;pygame
70551722,1,2022-01-01 20:41:36,2,23968,2,70551766.0,True,,javascript;reactjs;join;next.js;typeerror
70551727,1,2022-01-01 20:41:58,-2,212,1,70551728.0,True,2023-01-29 08:30:49,shell;grep;mp3;eyed3
70551732,1,2022-01-01 20:42:10,1,135,2,,False,,javascript;php;node.js
71007636,1,2022-02-06 13:26:46,1,185,0,,False,,ruby-on-rails;postgresql;ssl;heroku;redmine
71007637,1,2022-02-06 13:26:49,2,12857,4,,True,,javascript;arrays;reactjs;next.js;local-storage
71007651,1,2022-02-06 13:28:22,1,115,0,,False,,akka;akka-stream;alpakka
71007652,1,2022-02-06 13:28:25,0,809,4,71008220.0,True,,javascript;arrays;reactjs;react-redux;use-effect
71007653,1,2022-02-06 13:28:46,1,297,1,71091468.0,True,,python;python-asyncio
71007658,1,2022-02-06 13:29:46,0,1453,1,,False,,python-3.x;pygame;pygame-surface
71007660,1,2022-02-06 13:29:55,1,504,2,71007892.0,True,,c#;asp.net-mvc
71007665,1,2022-02-06 13:30:34,0,110,1,,False,,node.js;mongoose;error-handling
71007666,1,2022-02-06 13:30:36,2,7191,2,,False,,java;quarkus
71007667,1,2022-02-06 13:30:38,1,815,0,,False,,amazon-web-services;npm;amazon-elastic-beanstalk;npm-install;aws-codepipeline
71007669,1,2022-02-06 13:30:49,5,1380,3,71045388.0,True,,javascript;algorithm;p5.js;constraint-satisfaction
71007673,1,2022-02-06 13:31:19,2,1005,1,71007727.0,True,,swift;swiftui
71007677,1,2022-02-06 13:31:51,1,782,1,71008041.0,True,,django;django-views
71007679,1,2022-02-06 13:32:09,1,969,1,,True,,airflow;airflow-scheduler;airflow-2.x
71007684,1,2022-02-06 13:32:35,0,3817,1,,True,,node.js;amazon-web-services;elasticsearch;aws-sdk-nodejs
71007685,1,2022-02-06 13:32:43,0,96,1,,True,,python;pandas
71007688,1,2022-02-06 13:33:05,1,1402,1,71041371.0,True,,javascript;release;web-audio-api;envelope;tonejs
71007690,1,2022-02-06 13:33:08,1,836,5,,True,,javascript;arrays;loops;logic
71007693,1,2022-02-06 13:33:20,10,2584,0,,False,,c++;async-await;coroutine;c++-coroutine
71007694,1,2022-02-06 13:33:25,-2,1015,1,,True,,sql;sql-server;azure-sql-database;ssms
71007695,1,2022-02-06 13:33:30,4,383,0,,False,,vs-code
71007697,1,2022-02-06 13:34:00,1,67,0,,False,,graphql;github-api
71007698,1,2022-02-06 13:34:01,0,261,1,74251988.0,True,,reactjs;jwt;express-jwt
71007700,1,2022-02-06 13:34:25,0,230,2,71008232.0,True,,php
71007705,1,2022-02-06 13:34:59,3,232,1,71007987.0,True,,julia;probability;montecarlo
71007707,1,2022-02-06 13:35:08,-1,364,1,,False,,java;spring;spring-boot;hibernate;jpa
71007715,1,2022-02-06 13:35:41,0,955,1,71007928.0,True,,rust
71007717,1,2022-02-06 13:35:47,0,458,1,,False,,mapbox-gl-js
71007720,1,2022-02-06 13:35:56,1,121,2,,True,,javascript
71007722,1,2022-02-06 13:36:11,2,555,1,,False,,ruby-on-rails;ruby;rubygems
71007723,1,2022-02-06 13:36:20,0,410,1,71008283.0,True,,postgresql;jsonb
71007734,1,2022-02-06 13:37:48,0,48,1,71015210.0,True,,elasticsearch
71007739,1,2022-02-06 13:38:27,0,118,1,,True,,c++;qt;qt5
71007741,1,2022-02-06 13:38:32,0,128,1,,True,,c++;variadic-functions
71007744,1,2022-02-06 13:39:03,0,266,1,,False,,azure-keyvault
71007750,1,2022-02-06 13:39:52,0,1586,2,,True,,vb.net;ms-access
71007753,1,2022-02-06 13:39:58,-1,1448,2,71008649.0,True,,go;channel;goroutine
71007755,1,2022-02-06 13:40:03,0,74,2,71007918.0,True,,node.js;discord.js
71007757,1,2022-02-06 13:40:22,1,1270,0,,False,,airflow;boto3;amazon-ecs
71007759,1,2022-02-06 13:40:33,1,117,0,,False,2022-02-06 14:10:12,javascript;object;instanceof;prototypal-inheritance
71007761,1,2022-02-06 13:40:58,0,745,1,,True,2022-02-07 14:08:44,selenium
71007765,1,2022-02-06 13:41:43,0,495,2,71009413.0,True,,json;jq
71007769,1,2022-02-06 13:42:10,0,169,1,71008854.0,True,,reactjs;react-hooks
71007773,1,2022-02-06 13:42:28,11,14405,0,,False,,flutter;android-studio;mapper
71007776,1,2022-02-06 13:42:42,1,4127,1,71009250.0,True,,unity-game-engine;scriptable-object
71007777,1,2022-02-06 13:42:43,0,75,1,,False,,java;android;asynchronous;android-volley
71007779,1,2022-02-06 13:43:43,1,828,1,,False,,python;apache-spark;pyspark
71007781,1,2022-02-06 13:43:48,0,424,1,71007820.0,True,,node.js;linux;mongodb;mongoose;manjaro
71007784,1,2022-02-06 13:43:52,0,87,1,71007967.0,True,2022-02-06 14:33:52,ruby
71007785,1,2022-02-06 13:43:54,0,855,1,71007907.0,True,,regex
71007788,1,2022-02-06 13:44:27,0,539,1,,False,,ruby-on-rails;activerecord;create-table
71007792,1,2022-02-06 13:44:59,3,2284,1,,False,,npm;npm-install
71007796,1,2022-02-06 13:45:25,14,10075,4,,True,,html;vs-code;format;tailwind-css;prettier
71007799,1,2022-02-06 13:46:04,0,17,0,,False,,maven
71007803,1,2022-02-06 13:46:30,0,986,1,,False,,java;android;json;rest;retrofit
71007811,1,2022-02-06 13:47:19,1,155,0,,False,,google-analytics;firebase-analytics
71007812,1,2022-02-06 13:47:32,0,269,0,,False,,grails;groovy;log4j;log4j2
71007817,1,2022-02-06 13:47:59,0,65,2,71007869.0,True,,javascript
71007821,1,2022-02-06 13:49:02,0,129,0,,False,,pdf;jpeg
71007826,1,2022-02-06 13:49:45,3,3453,1,71008293.0,True,2023-12-14 19:01:00,vs-code
71007828,1,2022-02-06 13:49:51,3,3950,3,,True,,github;artificial-intelligence;openai-api;github-copilot
71007830,1,2022-02-06 13:50:24,0,419,0,,False,,c++;windows;winapi
71007840,1,2022-02-06 13:51:34,0,233,0,,False,,java;android;kotlin;storage;android-11
71007843,1,2022-02-06 13:52:04,2,434,0,,False,,javascript;dart;promise;future;flutter-web
71007844,1,2022-02-06 13:52:05,1,126,1,71093273.0,True,,python-3.x;pandas;transpose;cumsum
71007845,1,2022-02-06 13:52:06,0,70,1,71008200.0,True,,sql;sql-server
71007847,1,2022-02-06 13:52:27,1,129,1,71010307.0,True,,cmake
71007851,1,2022-02-06 13:53:03,0,418,0,,False,,.net;.net-core;ef-core-6.0
71007855,1,2022-02-06 13:53:33,0,93,1,71007890.0,True,,sql
71007856,1,2022-02-06 13:53:42,0,2132,2,71007999.0,True,,python;decode;encode
71007858,1,2022-02-06 13:53:56,-1,72,1,,False,,python;class;data-structures
71007860,1,2022-02-06 13:54:16,0,30,0,,False,,python;tkinter;python-imaging-library;tkinter-canvas
71007861,1,2022-02-06 13:54:32,1,746,1,71009014.0,True,,javascript;dictionary;data-structures;ecmascript-6;time-complexity
71007865,1,2022-02-06 13:54:45,0,1067,2,71008531.0,True,,javascript;node.js;regex
71007866,1,2022-02-06 13:54:56,0,230,1,,False,,installation;package;uuid;newman
71007868,1,2022-02-06 13:55:09,0,162,0,,False,,python;python-3.x;performance
71007872,1,2022-02-06 13:55:36,0,403,1,,False,,javascript;vue.js;vuetify.js
71007875,1,2022-02-06 13:55:57,3,4474,1,,True,,javascript;reactjs;react-router-dom
71007876,1,2022-02-06 13:56:01,0,28,0,,False,,javascript;closures;identifier
71007878,1,2022-02-06 13:56:08,0,191,2,,False,,angular;typescript
71007879,1,2022-02-06 13:56:10,1,262,1,71426259.0,True,,vb.net;propertygrid
71007886,1,2022-02-06 13:57:18,0,193,1,71094271.0,True,,javascript;node.js;mongodb;express;mongoose
71007887,1,2022-02-06 13:57:39,0,480,3,,True,,php
71007895,1,2022-02-06 13:58:24,0,47,0,,False,,autodesk-forge
71007903,1,2022-02-06 13:59:02,0,927,0,,False,,amazon-web-services;amazon-dynamodb;amazon-dynamodb-streams
71007910,1,2022-02-06 13:59:48,-1,2788,1,,True,,html;selenium;selenium-webdriver;xpath;inspect-element
71007913,1,2022-02-06 13:59:58,0,49,1,71008010.0,True,,python;python-3.x
71007916,1,2022-02-06 14:00:14,0,77,0,,False,,python;html;document-ready
71007917,1,2022-02-06 14:00:25,2,1672,1,71007978.0,True,2022-02-06 15:47:57,ios;xcode;firebase;mobile
71007923,1,2022-02-06 14:00:56,0,422,0,,False,,javascript;reactjs;forms;formik
71007924,1,2022-02-06 14:01:06,7,2508,2,71008105.0,True,,python;typer
71007926,1,2022-02-06 14:01:16,1,585,0,,False,,ruby-on-rails;spring
71007929,1,2022-02-06 14:01:27,2,627,2,71022121.0,True,,python;validation;yaml;voluptuous
71007934,1,2022-02-06 14:02:15,0,845,3,71008141.0,True,,arrays;c
71007943,1,2022-02-06 14:03:01,2,6713,1,,True,,google-chrome-extension
71007944,1,2022-02-06 14:03:02,-1,57,1,71008081.0,True,,python;database;sqlite;tkinter;button
71007945,1,2022-02-06 14:03:06,0,83,0,,False,,arrays;excel;vba;dictionary
71007946,1,2022-02-06 14:03:24,1,7104,2,,True,,javascript;node.js;web3js;binance-smart-chain
71007949,1,2022-02-06 14:03:38,1,175,0,,False,,ruby-on-rails;ruby
71007951,1,2022-02-06 14:03:50,-1,318,1,,True,2022-02-12 20:27:25,javascript;node.js
71552354,1,2022-03-21 02:56:28,0,52,1,71554417.0,True,,c#;attributes
71552355,1,2022-03-21 02:56:29,0,2167,1,71553149.0,True,,vue.js;dependency-injection;vue-component;vuejs3;vue-composition-api
71552356,1,2022-03-21 02:56:32,-1,122,1,,True,,c++;visual-studio;c++17
71552358,1,2022-03-21 02:57:31,1,2617,1,,False,,netcdf;cdo-climate;nco;era5
71552359,1,2022-03-21 02:57:32,0,188,1,,False,,node.js;mongodb;express;mongoose;mongoose-schema
71552364,1,2022-03-21 02:58:39,-2,1912,3,71552419.0,True,,javascript;html;string;character;var
71552373,1,2022-03-21 03:01:03,1,264,0,,False,,selenium;web-scraping;scrapy
71552375,1,2022-03-21 03:01:19,0,616,0,,False,,python;text-to-speech;google-text-to-speech;speech-synthesis
71552385,1,2022-03-21 03:03:20,1,172,1,,True,,xslt-2.0;xslt-3.0
71552392,1,2022-03-21 03:04:43,0,708,0,,False,,python;pyenv-virtualenv
71552393,1,2022-03-21 03:04:43,1,79,1,,False,,docker;dockerfile
71552396,1,2022-03-21 03:05:26,2,750,1,71562163.0,True,,nlp
71552397,1,2022-03-21 03:05:49,0,468,1,71854767.0,True,,android;android-input-method
71552399,1,2022-03-21 03:05:58,0,95,1,,False,,python;multiprocessing
71552404,1,2022-03-21 03:06:42,-1,48,1,71552627.0,True,,angular
71552407,1,2022-03-21 03:07:00,1,947,0,,False,,python;python-2.7;jupyter-notebook;anaconda
71552411,1,2022-03-21 03:07:51,1,390,0,,False,,sql-server;azure;t-sql
71552412,1,2022-03-21 03:08:08,0,77,0,,False,,python;statistics;time-series;arima
71552413,1,2022-03-21 03:08:12,-1,847,1,,False,,javascript;flutter
71552414,1,2022-03-21 03:08:20,1,502,1,71553442.0,True,,linqpad;linqpad7
71552421,1,2022-03-21 03:09:43,1,165,1,71552454.0,True,,php;wordpress
71552423,1,2022-03-21 03:10:18,0,11,0,,False,2022-03-21 03:26:02,python;pyqt5;qwebenginepage
71552424,1,2022-03-21 03:10:37,0,220,1,,True,,git;github
71552430,1,2022-03-21 03:12:12,-1,46,1,71552493.0,True,,python
71552432,1,2022-03-21 03:12:44,0,6218,4,71552631.0,True,,angular;typescript
71552433,1,2022-03-21 03:12:44,0,379,2,,False,,ios;swift;mfmailcomposeviewcontroller
71552439,1,2022-03-21 03:13:34,1,841,1,,False,,python;python-3.x;multithreading;multiprocessing;python-multiprocessing
71552442,1,2022-03-21 03:14:00,-1,55,1,,False,,reactjs;database;mongodb;express;mongoose
71552443,1,2022-03-21 03:14:05,0,230,0,,False,,php;wordpress;wordpress-theming;custom-wordpress-pages
71552446,1,2022-03-21 03:14:40,0,134,0,,False,,swift;uiscrollview;scrollview
71552447,1,2022-03-21 03:14:42,0,1738,1,,True,,docker;docker-compose;containers
71552450,1,2022-03-21 03:15:04,-2,235,1,,True,,c++
71552455,1,2022-03-21 03:15:20,0,518,1,,False,,linux;ubuntu;installation;failed-installation;thingsboard
71552458,1,2022-03-21 03:15:43,0,1402,1,,False,,spring-kafka;kafka-producer-api;kafka-transactions-api
71552461,1,2022-03-21 03:15:56,2,1100,1,71568016.0,True,,c;multithreading;dining-philosopher
71552464,1,2022-03-21 03:16:30,1,490,1,71565529.0,True,,c++;linux;ubuntu-16.04;boost-spirit;coredump
71552476,1,2022-03-21 03:19:32,1,463,1,71569806.0,True,,function;llvm;static-analysis
71552482,1,2022-03-21 03:20:15,2,855,0,,False,,python;pytorch;onnx;onnxruntime
71552488,1,2022-03-21 03:22:52,0,898,1,,True,,spring-boot;jsp;thymeleaf;spring-thymeleaf
71552492,1,2022-03-21 03:23:41,1,169,1,,True,,python;algorithm;recursion;big-o
71552499,1,2022-03-21 03:25:19,1,629,1,71558672.0,True,,c#;windows;browser;electron
71552500,1,2022-03-21 03:25:26,1,318,1,71553536.0,True,,autodesk;autodesk-designautomation
71552505,1,2022-03-21 03:26:16,-2,1473,1,71552616.0,True,,go
71552506,1,2022-03-21 03:26:48,-1,467,1,71552543.0,True,,python;numpy
71552510,1,2022-03-21 03:27:07,0,9132,3,72790380.0,True,,node.js;winston;suse
71552513,1,2022-03-21 03:27:47,2,3683,2,77166086.0,True,,google-colaboratory
71552514,1,2022-03-21 03:27:56,0,910,1,71556688.0,True,,mongodb;mongodb-query;aggregation-framework;aggregation
71552518,1,2022-03-21 03:29:24,-2,68,1,,False,2022-03-21 03:40:15,javascript;reactjs
71552522,1,2022-03-21 03:30:31,0,130,1,,False,,network-programming;blockchain;ethereum;bitcoin
71552523,1,2022-03-21 03:30:37,0,27,1,,False,,android;react-native
71552525,1,2022-03-21 03:30:46,1,124,1,,False,,android;android-studio;cmake;android-ndk;android-sdk-manager
71552534,1,2022-03-21 03:32:32,1,90,0,,False,,postgresql;macos-mojave;chainlink
71552535,1,2022-03-21 03:32:36,0,92,1,,False,,flutter;dart
71552538,1,2022-03-21 03:33:33,1,1366,2,,True,,javascript
71552539,1,2022-03-21 03:33:34,0,1577,1,71552577.0,True,,c++;discord;c++98
71552541,1,2022-03-21 03:33:38,0,401,1,,False,,kubernetes;k3s;kubernetes-namespace
71552542,1,2022-03-21 03:34:30,0,669,1,,True,,python;pandas;dataframe;datetime;rolling-computation
71552546,1,2022-03-21 03:36:01,1,234,1,71552656.0,True,,android;list;flutter;for-loop;widget
71552552,1,2022-03-21 03:36:42,-3,394,1,71552759.0,True,2022-03-21 09:09:59,rust
71552553,1,2022-03-21 03:36:42,0,596,1,,False,,deployment;auth0
71552554,1,2022-03-21 03:37:02,2,566,1,,True,,reactjs;react-native
71552558,1,2022-03-21 03:38:07,1,3759,3,,True,,c#;asp.net;asp.net-core;authorization
71552560,1,2022-03-21 03:38:17,0,441,2,,False,,micronaut
71552562,1,2022-03-21 03:38:27,0,344,2,71552714.0,True,,logic
71552563,1,2022-03-21 03:38:43,0,2991,2,71552688.0,True,,c#;json;json.net
71552564,1,2022-03-21 03:38:45,0,80,1,71552605.0,True,,java;spring-boot;spring-mvc;thymeleaf
71552566,1,2022-03-21 03:38:56,0,21,2,,False,,sql;postgresql;activerecord
71552567,1,2022-03-21 03:38:56,0,393,2,71556752.0,True,,html;css;bootstrap-5
71552568,1,2022-03-21 03:39:07,0,110,1,,False,,alert;pine-script
71552569,1,2022-03-21 03:39:20,1,38,1,71552590.0,True,,sql;postgresql
71552571,1,2022-03-21 03:39:25,0,61,2,,False,,java
71552572,1,2022-03-21 03:39:59,6,3246,3,71552573.0,True,,webstorm;svelte;jetbrains-ide;sveltekit
71552575,1,2022-03-21 03:40:27,2,675,2,,True,,python;list;input;caesar-cipher
71552576,1,2022-03-21 03:40:35,-2,138,2,,False,,mongodb;mongodb-query
71552579,1,2022-03-21 03:41:40,0,87,1,71552584.0,True,,typescript
71552585,1,2022-03-21 03:43:15,1,1264,1,71555305.0,True,,java;spring-boot;maven;liquibase;jooq
71552594,1,2022-03-21 03:45:58,0,1531,1,71552793.0,True,,python;pandas
71552596,1,2022-03-21 03:46:35,0,645,1,,False,,c++;opencv
71552601,1,2022-03-21 03:47:27,0,134,1,,True,,reactjs;typescript;jestjs;enzyme
71552606,1,2022-03-21 03:48:10,1,605,1,71552722.0,True,,ruby-on-rails;actioncable
71552607,1,2022-03-21 03:48:10,0,899,1,,False,,laravel;eloquent;laravel-8
71552609,1,2022-03-21 03:48:36,-1,2954,1,71552657.0,True,,python;matplotlib
71552613,1,2022-03-21 03:49:27,0,7152,4,,True,2024-06-08 15:27:39,c#;entity-framework;.net-core;repository-pattern
71552614,1,2022-03-21 03:49:30,1,257,2,,True,,sql;snowflake-cloud-data-platform
71552617,1,2022-03-21 03:49:54,0,644,2,71552940.0,True,,javascript;angular
71552619,1,2022-03-21 03:50:37,0,1135,1,,True,,tcl;cadence
71552620,1,2022-03-21 03:50:42,0,313,1,71599431.0,True,,vb.net;gridview;data-binding;vb.net-2010
71552621,1,2022-03-21 03:50:44,0,1298,1,,False,,java;maven
71552626,1,2022-03-21 03:51:19,0,1420,1,,True,,node.js;docker;adonis.js;adonisjs-ace
71552628,1,2022-03-21 03:51:26,0,89,0,,False,,php;html;file-upload
71552629,1,2022-03-21 03:51:40,0,85,2,71556463.0,True,,python;selenium;selenium-webdriver
71552634,1,2022-03-21 03:52:37,0,3039,0,,False,,express;vs-code;vscode-debugger
71552635,1,2022-03-21 03:52:42,1,2277,1,71559862.0,True,,ruby-on-rails;dependencies;rubygems;bundler
71552638,1,2022-03-21 03:52:54,0,489,0,,False,,c#;asp.net;rest;asp.net-web-api
71552639,1,2022-03-21 03:52:59,0,1595,2,71552774.0,True,,html;css;flexbox
71552642,1,2022-03-21 03:53:26,0,1981,1,71552824.0,True,,javascript;reactjs;react-hooks;react-state
71552644,1,2022-03-21 03:53:53,0,39,0,,False,,java;for-loop
71552645,1,2022-03-21 03:53:59,0,1522,3,71562611.0,True,,function;powerbuilder
71552646,1,2022-03-21 03:54:22,1,268,1,71552881.0,True,,r;rstudio;interactive
71552647,1,2022-03-21 03:54:33,-2,91,1,,True,2022-03-21 05:41:40,python;pandas
71900184,1,2022-04-17 07:51:56,0,437,0,,False,,arduino-ide;arduino-esp8266;blynk
71900190,1,2022-04-17 07:52:57,0,91,1,,True,,android;android-constraintlayout
71900195,1,2022-04-17 07:53:09,0,1180,1,,False,,python;tesseract;pydroid
71900197,1,2022-04-17 07:53:20,0,456,1,,True,,microstream
71900199,1,2022-04-17 07:53:48,0,534,1,71900689.0,True,,list;vue.js;checkbox;items
71900202,1,2022-04-17 07:54:00,1,550,1,71900345.0,True,,flutter
71900204,1,2022-04-17 07:54:31,1,132,1,71925288.0,True,,opengl-es;assimp
71900206,1,2022-04-17 07:54:41,6,2287,3,,True,,google-cloud-firestore;google-cloud-storage
71900207,1,2022-04-17 07:54:48,0,70,1,71900278.0,True,,navbar;responsive
71900210,1,2022-04-17 07:55:31,1,1442,1,,False,,python;tkinter;calendar;tkcalendar
71900213,1,2022-04-17 07:56:07,1,75,1,,False,,c;data-structures;doubly-linked-list
71900214,1,2022-04-17 07:56:11,1,1478,1,,True,,entity-framework;linq;temporal-tables
71900216,1,2022-04-17 07:56:31,0,1077,1,,False,,react-native;tensorflow;machine-learning;expo;webgl
71900220,1,2022-04-17 07:56:43,0,378,2,,True,,java;generics;type-erasure
71900225,1,2022-04-17 07:57:39,0,161,0,,False,,c#;networkstream;datacontractjsonserializer
71900230,1,2022-04-17 07:58:24,0,51,1,,True,,python;jupyter-notebook;environment-variables
71900233,1,2022-04-17 07:58:30,0,2535,1,,True,,php
71900234,1,2022-04-17 07:58:49,2,580,0,,False,,react-native;aws-amplify;remote-debugging;react-navigation-drawer;react-native-reanimated
71900235,1,2022-04-17 07:59:02,0,723,0,,False,,node.js;docker;apache-kafka
71900241,1,2022-04-17 08:01:15,0,223,1,71907431.0,True,,javascript;node.js;mongoose
71900244,1,2022-04-17 08:01:47,1,10586,3,71900281.0,True,2022-04-17 10:20:35,javascript;arrays
71900247,1,2022-04-17 08:02:07,3,989,1,72029357.0,True,,c#;wpf;autofac;reactiveui;splat
71900248,1,2022-04-17 08:02:25,0,3557,0,,False,,sql-server;kubernetes;configmap;kubernetes-secrets
71900258,1,2022-04-17 08:04:01,3,11979,3,,True,,c#;unity-game-engine
71900260,1,2022-04-17 08:04:17,0,2113,1,71901196.0,True,,solidity;smartcontracts;ethers.js;erc721
71900265,1,2022-04-17 08:05:32,0,683,2,,False,,angular;typescript;ionic-framework;ionic5
71900266,1,2022-04-17 08:05:41,0,706,1,,True,,node.js;express;google-signin;helmet.js;cross-origin-embedder-policy
71900267,1,2022-04-17 08:05:45,0,173,1,71901151.0,True,,blockchain;nft
71900269,1,2022-04-17 08:06:18,4,7458,1,71900380.0,True,,kotlin;httpclient;ktor
71900271,1,2022-04-17 08:06:28,1,65,1,71900303.0,True,2022-04-17 08:17:47,c
71900276,1,2022-04-17 08:07:07,0,42,0,,False,,javascript;html
71900277,1,2022-04-17 08:07:12,-1,86,2,,False,,python;python-3.x
71900279,1,2022-04-17 08:07:33,2,68,1,,True,,javascript;reactjs;ecmascript-6;frontend;jsx
71900280,1,2022-04-17 08:07:46,0,261,0,,False,,firebase;flutter;dart;google-cloud-firestore
71900282,1,2022-04-17 08:08:26,1,116,1,,False,,node.js;express
71900297,1,2022-04-17 08:12:37,0,708,1,71900792.0,True,,c#;multithreading
71900304,1,2022-04-17 08:14:18,-2,119,1,71900445.0,True,,rust
71900310,1,2022-04-17 08:15:23,0,876,1,,False,,python;gunicorn;istio
71900311,1,2022-04-17 08:16:01,0,65,2,71900370.0,True,,python;sorting
71900312,1,2022-04-17 08:16:10,1,572,1,71901564.0,True,,python;algorithm;sorting;quicksort
71900313,1,2022-04-17 08:16:12,0,374,1,,True,,python-3.x;pandas;jupyter-notebook
71900316,1,2022-04-17 08:16:43,-2,2053,1,,False,,flutter
71900317,1,2022-04-17 08:16:45,0,6204,1,,True,,python;tensorflow;keras
71900320,1,2022-04-17 08:17:08,2,5958,4,,True,,android;android-jetpack-compose
71900321,1,2022-04-17 08:17:09,4,998,0,,False,,python-3.x;debugging;pytest
71900326,1,2022-04-17 08:17:54,0,234,0,,False,,wagtail
71900329,1,2022-04-17 08:19:35,2,2468,1,,False,,android;reactjs;react-native;react-redux;react-native-testing-library
71900341,1,2022-04-17 08:20:52,1,973,1,,False,,html;css
71900346,1,2022-04-17 08:21:25,1,106,1,71900426.0,True,,c
71900347,1,2022-04-17 08:21:26,0,172,1,,False,,reactjs;typescript;react-native
71900352,1,2022-04-17 08:21:45,1,81,2,71903879.0,True,,ruby-on-rails
71900359,1,2022-04-17 08:22:18,-1,250,1,,False,,python;arrays;numpy;matrix
71900363,1,2022-04-17 08:22:34,0,250,1,71900492.0,True,,python;numpy;networkx
71900366,1,2022-04-17 08:22:49,0,250,0,,False,,r;error-handling;random-forest
71900368,1,2022-04-17 08:23:14,0,367,2,,True,,javascript;html;jquery;css;datatables
71900373,1,2022-04-17 08:24:14,0,603,1,71900829.0,True,,vue.js;vuejs3;quasar
71900374,1,2022-04-17 08:24:17,0,105,1,71900783.0,True,,javascript;date;datetime;date-fns
71900377,1,2022-04-17 08:24:33,5,3563,2,71900477.0,True,,javascript;css;reactjs;next.js;tailwind-css
71900382,1,2022-04-17 08:25:16,0,765,0,,False,,python;cluster-analysis;k-means;scatter-plot;data-mining
71900388,1,2022-04-17 08:26:04,1,545,1,,False,,laravel-sanctum;laravel-vue
71900389,1,2022-04-17 08:26:07,0,157,1,,True,2022-04-17 08:36:28,python
71900391,1,2022-04-17 08:26:20,0,68,0,,False,,hadoop;sqoop;oozie
71900392,1,2022-04-17 08:26:21,0,39,1,,False,,python;pyqt5
71900393,1,2022-04-17 08:26:43,0,2809,0,,False,,typescript;webpack
71900396,1,2022-04-17 08:26:58,1,951,1,,False,2022-04-17 12:51:26,javascript;this;observers;intersection-observer
71900400,1,2022-04-17 08:27:36,0,193,0,,False,,python;pyside
71900401,1,2022-04-17 08:27:37,-2,93,1,,True,,java;mutators
71900402,1,2022-04-17 08:27:37,-2,250,1,,False,,python;python-3.x;multithreading;sockets;network-programming
71900409,1,2022-04-17 08:29:00,-2,946,1,,True,,arduino;esp32;pwm
71900420,1,2022-04-17 08:30:19,0,80,1,,False,,regex
71900433,1,2022-04-17 08:32:55,0,137,1,,False,,flutter
71900435,1,2022-04-17 08:32:59,0,40,0,,False,,r;unix
71900436,1,2022-04-17 08:33:07,2,4972,2,71917610.0,True,,vuejs3;inertiajs;laravel-9
71900439,1,2022-04-17 08:33:49,0,135,1,,False,,actionscript-3
71900446,1,2022-04-17 08:34:03,1,101,1,,True,,snowflake-cloud-data-platform
71900454,1,2022-04-17 08:35:17,0,233,1,,False,,nat;stun
71900457,1,2022-04-17 08:35:56,0,272,1,,False,,arduino;embedded;microcontroller;hardware;dali
71900460,1,2022-04-17 08:36:56,0,379,1,72008239.0,True,,c++;wic
71900462,1,2022-04-17 08:37:11,0,49,0,,False,2022-04-17 10:41:05,c++;x86;hex;nasm;machine-code
71900467,1,2022-04-17 08:37:54,-2,94,2,,True,2022-04-17 08:44:19,sql
71900468,1,2022-04-17 08:38:26,-2,136,2,,True,,python
71900469,1,2022-04-17 08:38:31,1,116,1,71900569.0,True,,c;string;c89
71900474,1,2022-04-17 08:39:11,0,702,1,,False,,swift;macos;button;swiftui;nsmenu
71900482,1,2022-04-17 08:40:19,0,139,3,71900757.0,True,,c#;sql-server;linq;lambda;entity-framework-core
71900484,1,2022-04-17 08:40:32,0,104,1,,True,,javascript;html
71900485,1,2022-04-17 08:40:35,2,781,1,71900844.0,True,,javascript;node.js;web-scraping;puppeteer
71900490,1,2022-04-17 08:41:19,0,435,1,71901791.0,True,,c++;vulkan
71900495,1,2022-04-17 08:43:08,3,1752,1,,False,,blockchain;ethers.js
71900498,1,2022-04-17 08:43:22,0,127,1,71900998.0,True,,mongodb
71900499,1,2022-04-17 08:43:24,0,193,0,,False,,swiftui;ipados
71900500,1,2022-04-17 08:43:24,4,1310,1,71901243.0,True,,python-3.x;matplotlib;testing;pytest
71900503,1,2022-04-17 08:44:06,3,201,1,,False,,mongodb
71900508,1,2022-04-17 08:45:01,0,339,1,,False,,email;authentication;network-programming;smtp
71900510,1,2022-04-17 08:45:17,2,1070,0,,False,,laravel;flutter;localization;translation
71900512,1,2022-04-17 08:46:20,3,2684,2,,True,,amazon-web-services;aws-lambda;aws-cloudformation;aws-api-gateway;aws-cdk
71900520,1,2022-04-17 08:47:17,1,266,0,,False,,android;android-intent;onactivityresult;image-capture
71900523,1,2022-04-17 08:48:12,0,196,0,,False,,python;pandas;dataframe;indexing
71900528,1,2022-04-17 08:48:47,0,558,1,,False,,javascript;reactjs;material-ui;formik;yup
71900530,1,2022-04-17 08:49:04,0,99,0,,False,,c++;linux;config
71900532,1,2022-04-17 08:49:39,-1,673,2,71900548.0,True,,python;list-comprehension
72155913,1,2022-05-07 19:48:13,1,654,1,72156006.0,True,,system-verilog;test-bench
72155916,1,2022-05-07 19:48:45,1,1593,3,72156078.0,True,,docker;docker-compose;docker-volume
72155917,1,2022-05-07 19:48:52,2,327,1,,True,,c#;winforms
72155918,1,2022-05-07 19:49:10,0,726,1,,False,,java;character;ascii
72155925,1,2022-05-07 19:50:47,0,719,2,,True,,python;loops;dictionary;matplotlib;nested
72155945,1,2022-05-07 19:54:03,1,92,2,72156135.0,True,,r;dataframe;data.table
72155947,1,2022-05-07 19:54:33,1,134,0,,False,,c;math;long-integer
72155950,1,2022-05-07 19:55:04,0,606,1,72156121.0,True,,python;neural-network;pytorch;gradient-descent;stochastic-gradient
72155955,1,2022-05-07 19:56:29,0,350,1,72158484.0,True,,mysql;query-optimization;mysql-8.0
72155958,1,2022-05-07 19:57:48,0,52,2,72156105.0,True,,arrays;angular;service;routes;subscribe
72155963,1,2022-05-07 19:58:30,0,3047,2,,False,,sql;indexing;database-partitioning;tablespace
72155966,1,2022-05-07 19:59:07,0,510,1,,True,,kubernetes;minikube
72155979,1,2022-05-07 20:01:42,0,1140,1,72156167.0,True,,database;flutter;sqlite;dart;sqflite
72155985,1,2022-05-07 20:02:06,0,455,0,,False,,javascript;php;google-analytics;event-tracking
72155986,1,2022-05-07 20:02:19,-1,305,1,72156023.0,True,2022-05-07 20:18:51,php
72155991,1,2022-05-07 20:03:20,0,73,2,72156162.0,True,,python;alphabetical
72155995,1,2022-05-07 20:03:54,0,147,2,,True,,javascript;loops;animation;foreach;requestanimationframe
72155997,1,2022-05-07 20:04:01,0,49,0,,False,2022-05-07 20:21:33,assembly;x86;nasm
72155998,1,2022-05-07 20:04:51,2,1773,2,72202715.0,True,,python;google-cloud-platform;google-cloud-functions;google-cloud-build;google-artifact-registry
72156000,1,2022-05-07 20:05:16,0,939,1,72158938.0,True,,google-colaboratory;statsmodels
72156002,1,2022-05-07 20:05:30,0,251,2,,True,,c#;multithreading;observablecollection;parallel.foreach
72156003,1,2022-05-07 20:06:05,1,282,2,72156251.0,True,,python;loops;for-loop;beautifulsoup;while-loop
72156005,1,2022-05-07 20:06:29,0,2953,1,,False,,python;opencv;image-processing;homography
72156007,1,2022-05-07 20:06:42,-1,1428,1,72156048.0,True,,html;css;tailwind-css
72156008,1,2022-05-07 20:06:45,2,1280,1,,True,,php;gmail;sendgrid;mailing
72156011,1,2022-05-07 20:07:39,0,829,1,,False,,java;selenium;scroll;testng;javascriptexecutor
72156013,1,2022-05-07 20:07:56,0,73,2,,True,,reactjs;github
72156017,1,2022-05-07 20:08:44,0,402,1,,True,,lua;roblox
72156019,1,2022-05-07 20:09:06,1,235,1,72156093.0,True,,r;list;dataframe;plot;gantt-chart
72156020,1,2022-05-07 20:09:30,0,64,1,72156033.0,True,,python
72156030,1,2022-05-07 20:11:19,0,45,1,,False,,php;html;mysql;sql;mysqli
72156045,1,2022-05-07 20:13:46,0,96,1,,False,,c++;string;function
72156046,1,2022-05-07 20:14:31,1,69,2,,True,,java;split
72156049,1,2022-05-07 20:15:29,1,858,1,72156154.0,True,,r;ggplot2;time-series;r-markdown;timeserieschart
72156050,1,2022-05-07 20:15:34,1,65,1,72179168.0,True,,node.js;mongodb;express
72156053,1,2022-05-07 20:15:37,0,304,2,,False,,docker;jenkins
72156056,1,2022-05-07 20:16:29,2,2163,0,,False,,docker;docker-compose;prometheus;prometheus-alertmanager
72156060,1,2022-05-07 20:16:59,0,333,1,,False,,pine-script;pine-script-v5;pine-script-v4
72156064,1,2022-05-07 20:17:17,0,350,3,,True,,c#;oop;abstract-class;getter;abstract-methods
72156065,1,2022-05-07 20:17:24,1,2786,1,72286777.0,True,,laravel;modal-dialog;tailwind-css;laravel-livewire;flowbite
72156072,1,2022-05-07 20:19:46,0,3468,1,,False,,python-3.x;google-colaboratory
72156077,1,2022-05-07 20:20:31,1,77,1,72156166.0,True,,r
72156080,1,2022-05-07 20:20:42,1,128,4,72156856.0,True,,python;python-3.x;list;algorithm;dictionary
72156082,1,2022-05-07 20:21:16,1,500,2,72156384.0,True,,python;python-3.x;ruby
72156086,1,2022-05-07 20:21:45,-1,515,2,72156956.0,True,,sql;amazon-web-services;amazon-redshift
72156091,1,2022-05-07 20:22:01,0,291,1,72157333.0,True,,delphi;lazarus
72156092,1,2022-05-07 20:22:29,0,946,1,,False,,unity-game-engine;animation;sample-rate
72156097,1,2022-05-07 20:23:00,-1,50,1,72156240.0,True,,python;python-3.x;dictionary;key
72156107,1,2022-05-07 20:24:04,-1,211,2,,False,,javascript;node.js;reactjs
72156108,1,2022-05-07 20:24:28,0,41,1,,False,,python
72156111,1,2022-05-07 20:25:11,-1,98,1,,False,,javascript
72156113,1,2022-05-07 20:25:34,1,1872,1,72158286.0,True,,spring-boot;spring-profiles;spring-properties
72156115,1,2022-05-07 20:25:48,1,37,2,72156150.0,True,,r;dataframe;vector;indexing
72156116,1,2022-05-07 20:25:49,0,58,0,,False,,python;pytorch;tensor;convolution
72156125,1,2022-05-07 20:26:29,1,177,1,72158882.0,True,,r;optimization;linear-programming;lpsolve
72156132,1,2022-05-07 20:27:36,0,1550,1,72156612.0,True,,c#;sql;asp.net-mvc;database;multiple-users
72156133,1,2022-05-07 20:27:47,1,946,1,,True,,c#;r;visual-studio;.net-core
72156136,1,2022-05-07 20:28:07,0,43,0,,False,,sparql
72156140,1,2022-05-07 20:29:17,0,83,1,72156773.0,True,,python;python-3.x;python-turtle
72156143,1,2022-05-07 20:29:56,0,244,1,72156236.0,True,,javascript;mysql;database;next.js
72156146,1,2022-05-07 20:30:28,3,2495,1,72158053.0,True,,excel;vba;user-experience
72156148,1,2022-05-07 20:31:00,7,12674,4,,True,,c;microcontroller;cortex-m;raspberry-pi-pico
72156158,1,2022-05-07 20:32:45,0,217,1,,False,,java;android-studio;dependencies
72156165,1,2022-05-07 20:33:34,0,1369,1,72164747.0,True,,android;react-native;animation;react-native-maps
72156168,1,2022-05-07 20:33:45,1,967,1,,True,,javascript;node.js;fs
72156170,1,2022-05-07 20:34:03,1,301,0,,False,,javascript;css;reactjs;material-ui;styles
72156173,1,2022-05-07 20:34:12,0,74,1,72156182.0,True,,javascript
72156176,1,2022-05-07 20:34:54,1,33,1,,False,,.htaccess
72156177,1,2022-05-07 20:34:54,0,294,1,,False,,python;scikit-learn;gaussian-mixture-model
72156181,1,2022-05-07 20:35:27,0,3744,2,,True,,javascript;html;jquery;css
72156189,1,2022-05-07 20:37:13,1,9137,5,72156313.0,True,,flutter;dart;vs-code
72156191,1,2022-05-07 20:37:27,1,1243,0,,False,2022-09-05 06:50:15,node.js;next.js;ethereum;ethers.js;hardhat
72156193,1,2022-05-07 20:38:05,0,42,1,72156293.0,True,,reactjs;typescript
72156195,1,2022-05-07 20:38:10,1,522,0,,False,,ios;swift;swiftui;tvos;uifocusguide
72156197,1,2022-05-07 20:38:27,0,70,1,,True,,java;swing;graphics;mouselistener;mousemotionlistener
72156198,1,2022-05-07 20:38:34,0,3153,1,72156434.0,True,,r;dplyr;glm
72156205,1,2022-05-07 20:39:26,2,1168,4,72165344.0,True,,math;statistics;probability;markov-chains;multinomial
72156206,1,2022-05-07 20:39:45,2,1831,1,72156229.0,True,,c;warnings;compiler-warnings
72156209,1,2022-05-07 20:40:29,0,34,0,,False,,javascript
72156210,1,2022-05-07 20:40:37,3,1436,1,72159988.0,True,,android;android-intent;android-jetpack-compose;android-contacts;activityresultcontracts
72156216,1,2022-05-07 20:41:42,2,650,0,,False,,java;amazon-web-services;amazon-sqs;aws-java-sdk-2.x
72156222,1,2022-05-07 20:42:33,0,1542,2,72156261.0,True,,reactjs
72156226,1,2022-05-07 20:43:01,2,1587,2,72158476.0,True,,pine-script
72156232,1,2022-05-07 20:43:35,4,10171,3,,True,,prometheus;prometheus-alertmanager
72156233,1,2022-05-07 20:43:42,1,1389,1,,False,,wordpress;docker;docker-compose;mailhog
72156235,1,2022-05-07 20:43:54,0,1075,1,,False,,flutter;dart;appbar;sfcalendar
72156237,1,2022-05-07 20:44:29,0,152,0,,False,,javascript;python;html;flask
72156244,1,2022-05-07 20:45:10,0,1406,1,,False,,html;css;css-grid
72156246,1,2022-05-07 20:45:33,0,74,2,,True,,python;list;list-comprehension
72156247,1,2022-05-07 20:45:38,1,1683,1,,True,,visual-c++;fullscreen;directx-12;alt-tab
72156248,1,2022-05-07 20:45:44,0,208,2,,True,2022-05-08 06:05:15,assembly;x86
72156249,1,2022-05-07 20:46:12,-1,34,1,,False,2022-05-07 20:56:13,javascript;filter;counting
72156250,1,2022-05-07 20:46:15,-2,106,2,,True,2022-05-08 12:51:59,ocaml
72156254,1,2022-05-07 20:46:39,-2,156,1,,False,,python;python-3.x;discord;discord.py
72156256,1,2022-05-07 20:46:58,1,1309,4,,True,,java;list;exception;arraylist;hashmap
72156257,1,2022-05-07 20:47:03,0,559,0,,False,,python;python-imaging-library
72156258,1,2022-05-07 20:47:07,0,674,1,72156308.0,True,,typescript;typeorm
72156259,1,2022-05-07 20:47:37,2,186,1,72156882.0,True,,javascript;module;es6-modules
72156263,1,2022-05-07 20:47:57,1,2007,1,72157068.0,True,,javascript;dependencies;monorepo;cl
72156264,1,2022-05-07 20:48:02,0,54,1,72156394.0,True,,python
72670588,1,2022-06-18 15:43:07,1,666,0,,False,,javascript;html;css;reactjs;redux
72670590,1,2022-06-18 15:43:19,2,161,0,,False,,encoding;fortran;diacritics
72670592,1,2022-06-18 15:43:20,0,987,2,,False,,python;pandas;cluster-analysis;k-means;convergence
72670594,1,2022-06-18 15:43:53,0,30,1,,False,,python-3.x;while-loop;try-catch
72670598,1,2022-06-18 15:44:35,1,282,2,72671647.0,True,,python;loops;data-cleaning
72670602,1,2022-06-18 15:45:02,0,1261,1,,False,2022-06-18 19:47:24,shell;sh
72670605,1,2022-06-18 15:45:15,-5,85,2,,False,,python;dictionary
72670607,1,2022-06-18 15:45:36,0,22,0,,False,,reactjs;post;xmlhttprequest
72670608,1,2022-06-18 15:46:10,1,9000,4,,True,,powerbi;powerbi-desktop;powerbi-datasource;power-bi-report-server;powerbi-datagateway
72670609,1,2022-06-18 15:46:12,1,59,0,,False,,php;codeigniter-4
72670610,1,2022-06-18 15:46:14,-1,99,2,,False,,c#;datetime;formatting
72670615,1,2022-06-18 15:46:38,2,259,2,72670653.0,True,,javascript;reactjs
72670618,1,2022-06-18 15:46:57,1,1679,1,72671856.0,True,,c#;unity-game-engine
72670619,1,2022-06-18 15:47:00,0,131,0,,False,,python;pandas;quantitative-finance
72670620,1,2022-06-18 15:47:14,3,477,1,72670638.0,True,,javascript;reactjs;firebase;google-cloud-firestore
72670628,1,2022-06-18 15:48:48,1,5088,2,,True,,javascript;react-native
72670631,1,2022-06-18 15:49:15,1,73,1,72671926.0,True,,c++;opengl
72670634,1,2022-06-18 15:49:52,0,51,1,,False,,python;django;django-models;django-views;django-forms
72670637,1,2022-06-18 15:51:15,0,475,1,72670749.0,True,,python;composition;mypy;python-3.9;enforcement
72670641,1,2022-06-18 15:51:28,0,218,0,,False,,c;makefile;user-input
72670648,1,2022-06-18 15:52:23,1,107,1,72673111.0,True,,sqlalchemy;fastapi;pydantic
72670650,1,2022-06-18 15:52:35,0,91,0,,False,,python;tkinter;debug-information
72670652,1,2022-06-18 15:52:57,0,1725,1,,True,,entity-framework-core;azure-cosmosdb;azure-cosmosdb-sqlapi;ef-core-6.0
72670661,1,2022-06-18 15:53:50,-2,69,1,72672308.0,True,,python;tkinter
72670662,1,2022-06-18 15:53:54,0,94,2,72671634.0,True,,javascript;php;jquery;ajax
72670665,1,2022-06-18 15:54:16,1,233,1,,False,,python;repr
72670667,1,2022-06-18 15:54:41,1,36,1,,False,,sql;database
72670669,1,2022-06-18 15:55:14,2,703,0,,False,,vs-code
72670672,1,2022-06-18 15:55:24,0,747,2,72722810.0,True,,manim
72670675,1,2022-06-18 15:55:37,1,103,1,,False,,reactjs;typescript;frontend;crud;react-typescript
72670681,1,2022-06-18 15:55:51,0,68,1,72672050.0,True,2022-06-19 01:00:35,git
72670683,1,2022-06-18 15:56:40,0,203,1,,False,,flutter;dart;flutter-layout
72670686,1,2022-06-18 15:56:47,1,92,2,,False,,python;pyqt5
72670688,1,2022-06-18 15:57:06,1,583,2,72672476.0,True,,c#;asp.net;asp.net-mvc;entity-framework;architecture
72670693,1,2022-06-18 15:57:19,0,70,3,,False,,javascript;html;css;video.js
72670695,1,2022-06-18 15:57:27,1,226,0,,False,,python
72670696,1,2022-06-18 15:57:43,66,510497,15,72670873.0,True,,angular;vs-code
72670697,1,2022-06-18 15:58:14,0,57,1,,False,,mysql;sql;mariadb
72670698,1,2022-06-18 15:58:20,1,338,1,,True,,opengl;glsl;shader
72670699,1,2022-06-18 15:58:30,0,246,1,72670786.0,True,,javascript;node.js;socket.io
72670700,1,2022-06-18 15:58:32,0,1303,1,,False,,javascript;spring-boot;thymeleaf
72670701,1,2022-06-18 15:58:34,-1,251,2,72670851.0,True,,discord;discord.py;command;alias
72670704,1,2022-06-18 15:58:51,0,309,1,,False,,sql-server
72670706,1,2022-06-18 15:59:16,0,70,0,,False,,javascript;ejs
72670707,1,2022-06-18 15:59:20,0,35,1,,False,,flutter;dart;sharedpreferences
72670711,1,2022-06-18 16:00:04,0,206,1,72670831.0,True,,python;arrays;numpy
72670713,1,2022-06-18 16:00:18,0,694,1,72670812.0,True,,java;function;lambda;types;interface
72670715,1,2022-06-18 16:00:30,0,87,0,,False,,python;colorama
72670717,1,2022-06-18 16:00:34,0,44,2,,False,,python;list
72670719,1,2022-06-18 16:00:53,1,1356,2,72671008.0,True,,rust
72670726,1,2022-06-18 16:01:55,0,182,1,72671072.0,True,,c#;unity-game-engine;rotation;2d
72670728,1,2022-06-18 16:02:08,1,103,2,72670760.0,True,,java;collections;iteration
72670733,1,2022-06-18 16:02:42,4,2170,3,72671713.0,True,,python;pandas
72670734,1,2022-06-18 16:02:46,0,111,0,,False,,reactjs;typescript;react-custom-hooks
72670739,1,2022-06-18 16:03:32,0,316,1,72671521.0,True,,scala;unit-testing;mockito
72670740,1,2022-06-18 16:03:51,0,3460,0,,False,,node.js;express;https;lets-encrypt
72670746,1,2022-06-18 16:04:24,1,280,1,,True,,java;android;android-webview
72670751,1,2022-06-18 16:04:55,-1,88,2,,False,,python;csv
72670752,1,2022-06-18 16:04:59,1,1263,1,72969781.0,True,,kubernetes;azure-aks
72670754,1,2022-06-18 16:05:11,0,522,0,,False,,python;django;nginx;django-rest-framework;gunicorn
72670758,1,2022-06-18 16:05:28,0,442,1,72670833.0,True,,html;css;google-chrome;css-grid;contenteditable
72670763,1,2022-06-18 16:05:41,0,51,1,72670813.0,True,,sql;postgresql;performance;common-table-expression
72670767,1,2022-06-18 16:06:25,1,185,2,,True,,python;security;encryption;hash;passwords
72670770,1,2022-06-18 16:07:02,0,12623,1,,True,,php
72670773,1,2022-06-18 16:08:04,1,497,2,,True,,css
72670775,1,2022-06-18 16:08:12,0,219,0,,False,,sql;postgresql
72670781,1,2022-06-18 16:08:35,0,118,0,,False,,django;django-migrations
72670787,1,2022-06-18 16:09:28,-1,133,1,,False,,java;android;android-recyclerview
72670789,1,2022-06-18 16:09:54,0,1448,1,,False,,scala;apache-kafka;apache-kafka-streams
72670796,1,2022-06-18 16:10:28,1,1773,2,,True,,python;exception;process;pytest;keyboardinterrupt
72670799,1,2022-06-18 16:10:35,2,195,1,72676256.0,True,,python;algorithm;pygame
72670801,1,2022-06-18 16:10:48,0,31,0,,False,,terraform;terraform-provider-aws;terraform0.12+;terraform-template-file
72670803,1,2022-06-18 16:11:05,0,86,1,72673828.0,True,,wpf;image;height;parent
72670816,1,2022-06-18 16:13:06,1,734,2,72676900.0,True,,redis
72670817,1,2022-06-18 16:13:11,3,2909,1,,True,,docker;kubernetes;docker-for-windows;docker-desktop;kubernetes-apiserver
72670818,1,2022-06-18 16:13:24,0,1328,1,,False,,javascript;reactjs
72670820,1,2022-06-18 16:13:43,2,1141,1,72671160.0,True,,r;ggplot2;kernel-density;density-plot
72670822,1,2022-06-18 16:13:55,0,87,1,72671238.0,True,,scala;scala-3
72670823,1,2022-06-18 16:13:57,1,1994,2,,False,,reactjs;input;types;numbers
72670824,1,2022-06-18 16:13:58,2,2781,1,,True,,javascript;reactjs;function;redux;redux-toolkit
72670826,1,2022-06-18 16:14:03,2,1162,0,,False,,typescript;docusaurus
72670830,1,2022-06-18 16:14:36,1,2930,1,72670880.0,True,,python;django;django-rest-framework-simplejwt
72670840,1,2022-06-18 16:15:55,0,1782,1,72672757.0,True,,ethereum;solidity;smartcontracts
72670842,1,2022-06-18 16:16:15,0,363,0,,False,,python;html;pandas
72670846,1,2022-06-18 16:16:34,1,1144,1,72671123.0,True,,nlog
72670847,1,2022-06-18 16:16:39,3,15150,2,,True,,c#;.net;.net-6.0;pomelo-entityframeworkcore-mysql
72670848,1,2022-06-18 16:16:45,-1,1360,3,72671019.0,True,,python;python-3.x;dictionary
72670849,1,2022-06-18 16:16:48,1,779,3,,True,,c
72670850,1,2022-06-18 16:16:57,0,1407,1,72670962.0,True,,mysql;django;celery;mysql-python;django-celery
72670852,1,2022-06-18 16:17:14,1,170,0,,False,,c#;.net;mongodb
72670855,1,2022-06-18 16:17:21,0,528,1,72671327.0,True,,javascript;node.js;socket.io
72670858,1,2022-06-18 16:17:29,2,518,2,72671055.0,True,,python;pandas;dataframe;combinations;python-itertools
72670860,1,2022-06-18 16:17:36,0,61,1,72670938.0,True,,mysql
72670862,1,2022-06-18 16:17:51,1,654,2,,False,,python;pyfmi
72670863,1,2022-06-18 16:18:21,-1,238,1,,False,,javascript;php;ajax;sqlite;pdo
72670865,1,2022-06-18 16:18:24,-1,221,3,,True,,excel;vba
72670869,1,2022-06-18 16:18:58,3,6472,2,,True,,remix.run
72670884,1,2022-06-18 16:22:15,1,1533,1,72670959.0,True,,python;python-3.x;pandas;dataframe;vaex
72670891,1,2022-06-18 16:22:52,1,96,1,72721878.0,True,,reactjs;leaflet;react-leaflet-v3
72670892,1,2022-06-18 16:22:57,0,163,0,,False,,php;sql
73116846,1,2022-07-26 01:24:34,4,349,2,73118708.0,True,,ios;xcode;interface-builder
73116855,1,2022-07-26 01:27:18,0,74,1,,False,,python;tkinter
73116858,1,2022-07-26 01:28:26,1,795,2,,True,,c#;.net-core;dll
73116861,1,2022-07-26 01:28:36,-1,35,0,,False,2022-07-26 01:29:35,javascript;html;css
73116867,1,2022-07-26 01:30:05,0,91,1,73117073.0,True,,angular
73116873,1,2022-07-26 01:31:22,-1,88,1,,True,,c;arguments;command;line;cs50
73116882,1,2022-07-26 01:33:22,3,3375,1,73116904.0,True,,java;java-stream
73116885,1,2022-07-26 01:33:30,1,1022,1,73117009.0,True,,node.js;reactjs;laravel
73116886,1,2022-07-26 01:33:58,0,1640,1,,False,,prediction;fast-ai
73116889,1,2022-07-26 01:34:09,1,185,1,,False,,cpu;cpu-usage
73116890,1,2022-07-26 01:34:16,0,1140,1,,True,,unity-game-engine;photon;photon-fusion
73116891,1,2022-07-26 01:34:27,1,431,0,,False,,javascript;python;html;math;blogger
73116893,1,2022-07-26 01:34:42,0,132,3,,True,,python;tkinter
73116894,1,2022-07-26 01:34:45,3,2154,3,73117083.0,True,,typescript;tuples;typescript-generics
73116896,1,2022-07-26 01:35:08,5,1915,0,,False,,ios;flutter;dart;wallet;apple-wallet
73116899,1,2022-07-26 01:35:34,1,202,0,,False,,node.js;mongodb;mongoose
73116903,1,2022-07-26 01:35:59,1,1156,0,,False,,java;intellij-idea
73116905,1,2022-07-26 01:36:02,1,915,1,73116973.0,True,,reactjs
73116910,1,2022-07-26 01:36:31,0,671,0,,False,,c#;callback;blazor
73116913,1,2022-07-26 01:36:59,0,489,1,73117023.0,True,,angular;angular-directive;angular11
73116915,1,2022-07-26 01:37:42,0,352,1,73117165.0,True,,r;dataframe;dplyr;na
73116916,1,2022-07-26 01:37:45,0,282,0,,False,,python;pyqt5;pyinstaller;github-desktop
73116917,1,2022-07-26 01:37:50,0,376,0,,False,,javascript
73116921,1,2022-07-26 01:38:57,0,219,2,,False,,gmail-api
73116927,1,2022-07-26 01:40:02,0,779,0,,False,,r;ggplot2;ggpubr
73116930,1,2022-07-26 01:40:51,1,508,1,73124463.0,True,,r;ggplot2;gtsummary;r-forestplot
73116935,1,2022-07-26 01:42:42,0,76,0,,False,,django;django-models;django-rest-framework;django-views;django-templates
73116936,1,2022-07-26 01:42:51,0,144,1,,False,,json;swift;parsing;swiftui
73116937,1,2022-07-26 01:43:00,-1,180,1,73189775.0,True,,java;generics
73116938,1,2022-07-26 01:43:19,0,724,1,,False,,javascript;floating-point;localization;internationalization;number-formatting
73116951,1,2022-07-26 01:45:36,9,168,1,73181919.0,True,,grammar;raku
73116953,1,2022-07-26 01:45:57,1,95,0,,False,,image-segmentation
73116954,1,2022-07-26 01:46:27,0,248,1,73117230.0,True,,macos;powershell;truncation
73116956,1,2022-07-26 01:46:56,0,530,1,,False,,python;selenium;web-scraping;google-news
73116957,1,2022-07-26 01:47:00,-1,36,1,,False,,javascript;ajax;wordpress;woocommerce
73116962,1,2022-07-26 01:48:52,0,1496,1,73117597.0,True,,javascript;reactjs;react-hooks;react-state;react-ref
73116965,1,2022-07-26 01:49:17,0,135,1,73116985.0,True,,python;regex
73116971,1,2022-07-26 01:50:56,0,1009,2,,True,,javascript;google-cloud-firestore;automation;cypress
73116972,1,2022-07-26 01:51:05,1,3098,1,,True,,reactjs;react-hooks;react-state
73116978,1,2022-07-26 01:52:07,0,336,1,,False,,javascript;react-native;stripe-payments
73116983,1,2022-07-26 01:53:47,1,513,0,,False,,fortran;yocto;gfortran
73116984,1,2022-07-26 01:53:54,0,1390,1,73117107.0,True,2022-07-26 03:45:57,javascript;node.js;reactjs;axios;backend
73116991,1,2022-07-26 01:55:27,-1,61,1,,False,,javascript;html
73116993,1,2022-07-26 01:55:44,-1,87,2,73117044.0,True,,html;css
73116997,1,2022-07-26 01:56:29,1,154,2,,True,,javascript;html
73116999,1,2022-07-26 01:57:07,0,104,1,,False,,date;google-apps-script;rename;gmail-api;gdrive
73117003,1,2022-07-26 01:58:34,0,250,3,73121992.0,True,,python;python-3.x;list;algorithm;dictionary
73117008,1,2022-07-26 02:00:21,0,210,1,73118664.0,True,,vue.js;vuejs2;vuex;vuejs3
73117013,1,2022-07-26 02:01:23,2,486,2,73117666.0,True,,mysql;database
73117019,1,2022-07-26 02:02:47,2,6019,1,,True,,c++;webrtc
73117026,1,2022-07-26 02:04:49,1,124,1,73117258.0,True,,f#;units-of-measurement
73117030,1,2022-07-26 02:05:31,0,744,1,,True,,reactjs;typescript;react-context
73117034,1,2022-07-26 02:06:03,0,1454,1,,False,,flutter;animation;flutter-getx;flutter-get
73117035,1,2022-07-26 02:06:12,1,856,1,73117204.0,True,,r;lubridate
73117046,1,2022-07-26 02:08:26,0,127,1,,False,,python;pandas;pivot;openpyxl
73117048,1,2022-07-26 02:09:02,0,79,3,73117140.0,True,,javascript;regex
73117050,1,2022-07-26 02:09:43,0,227,1,,False,,docker;docker-compose;harbor
73117054,1,2022-07-26 02:10:39,10,12089,4,73117358.0,True,,android;flutter;firebase-cloud-messaging;flutter-local-notification
73117061,1,2022-07-26 02:12:05,0,278,3,,True,,python;list
73117070,1,2022-07-26 02:13:40,0,160,1,73117836.0,True,,python;tkinter
73117071,1,2022-07-26 02:14:09,1,372,1,,True,,loops;ansible
73117074,1,2022-07-26 02:14:42,0,2750,2,,True,,npm;npm-install;yarnpkg
73117078,1,2022-07-26 02:15:56,0,426,1,,False,2022-07-26 07:05:20,linux;bash;shell
73117085,1,2022-07-26 02:17:30,0,83,1,73117112.0,True,,c++;clang
73117087,1,2022-07-26 02:18:02,1,66,1,73117383.0,True,,sql;sql-server;xml;xquery
73117089,1,2022-07-26 02:18:54,-2,180,2,,True,,python
73117097,1,2022-07-26 02:19:52,0,85,1,,False,,javascript;reactjs
73117103,1,2022-07-26 02:21:28,0,107,1,73117828.0,True,,html;css
73117106,1,2022-07-26 02:21:57,0,529,2,73117510.0,True,,python;matplotlib
73117109,1,2022-07-26 02:22:13,1,1059,1,73143326.0,True,,python;nlp;spacy;named-entity-recognition
73117110,1,2022-07-26 02:22:21,0,803,3,73541157.0,True,,amazon-web-services;aws-organizations;aws-control-tower;aws-landing-zone
73117121,1,2022-07-26 02:24:32,1,908,1,73117485.0,True,,node.js;google-cloud-platform;google-cloud-build
73117127,1,2022-07-26 02:25:15,5,401,1,,False,,css;ruby-on-rails;svelte;livereload
73117129,1,2022-07-26 02:25:57,0,811,1,,False,,reactjs;webpack;minio
73117131,1,2022-07-26 02:26:58,4,192,2,,True,,haskell;type-signature
73117132,1,2022-07-26 02:27:23,0,22,0,,False,2022-07-26 02:40:15,python;pandas;dataframe
73117136,1,2022-07-26 02:28:20,0,127,1,73117244.0,True,,arrays;angular;typescript;angular8;angular14
73117137,1,2022-07-26 02:28:21,1,478,1,73121433.0,True,,windows;powershell;com
73117141,1,2022-07-26 02:29:15,0,64,2,73117181.0,True,,mysql;sql
73117142,1,2022-07-26 02:29:35,1,412,0,,False,,javascript
73117151,1,2022-07-26 02:31:15,0,166,0,,False,,python;tensorflow
73117152,1,2022-07-26 02:31:15,-2,98,2,73117206.0,True,,python
73117161,1,2022-07-26 02:33:22,0,962,1,,False,,c#;asp.net-core;refit
73117164,1,2022-07-26 02:33:50,-1,12,0,,False,2022-07-26 02:34:36,javascript;es6-promise
73117166,1,2022-07-26 02:33:57,4,2491,1,,True,,google-compute-engine;google-cloud-tpu
73117176,1,2022-07-26 02:35:31,0,3759,2,,True,,python;python-3.x;django;mongodb
73117178,1,2022-07-26 02:37:00,0,571,2,73117579.0,True,,flutter;dart
73117180,1,2022-07-26 02:37:13,0,44,0,,False,,python
73117182,1,2022-07-26 02:38:21,0,225,1,,False,,javascript;node.js
73117183,1,2022-07-26 02:38:32,0,90,1,73117236.0,True,,r;dataframe;math;statistics;dataset
73117184,1,2022-07-26 02:38:38,0,417,1,,False,,spring;spring-boot;freemarker;template-engine
73117187,1,2022-07-26 02:39:00,0,260,1,73209412.0,True,,web3js;ethers.js;web3py
73117189,1,2022-07-26 02:39:22,0,1168,2,,False,,node.js;amazon-web-services;amazon-ec2;load-balancing
73117195,1,2022-07-26 02:40:22,0,1729,1,73311643.0,True,,spring;spring-boot;spring-security;csrf
73117196,1,2022-07-26 02:40:23,0,348,1,73179909.0,True,,google-apps-script;google-sheets;google-apps
73117200,1,2022-07-26 02:41:09,1,778,2,73119048.0,True,,sql;oracle-database;hierarchy
73117205,1,2022-07-26 02:42:46,1,449,0,,False,,rsync
73117207,1,2022-07-26 02:43:07,1,141,3,,True,,javascript
73117211,1,2022-07-26 02:43:50,3,8076,2,,True,,gulp;tailwind-css;postcss
73117214,1,2022-07-26 02:44:20,0,369,0,,False,,expo;eas
73188957,1,2022-08-01 04:50:16,0,94,2,,False,,javascript;html;css
73188960,1,2022-08-01 04:50:47,-3,1192,1,,True,,java;java-stream
73188961,1,2022-08-01 04:50:58,0,118,1,73190390.0,True,,f#;f#-interactive
73188962,1,2022-08-01 04:51:19,-1,823,1,73331353.0,True,,mysql;sql-server;apache-kafka;debezium;mssql-jdbc
73188966,1,2022-08-01 04:51:59,-1,91,1,,False,,c#;mongodb;naming-conventions
73188967,1,2022-08-01 04:52:32,0,297,0,,False,,javascript;css;svelte
73188969,1,2022-08-01 04:52:41,0,89,1,73195911.0,True,,c;opengl;glsl;shader
73188973,1,2022-08-01 04:53:53,1,1001,1,,True,,git;github;version-control;repository
73188975,1,2022-08-01 04:54:03,1,154,2,73189762.0,True,,typescript
73188976,1,2022-08-01 04:54:16,0,265,0,,False,,wso2;wso2-micro-integrator
73188983,1,2022-08-01 04:55:39,0,953,2,73189275.0,True,,python;loops;pyspark;apache-spark-sql
73188984,1,2022-08-01 04:55:44,1,130,1,73189006.0,True,,python;pandas
73188988,1,2022-08-01 04:56:17,1,935,1,73189878.0,True,,c#;.net-4.8;toarray;tobase64string
73188991,1,2022-08-01 04:56:57,0,73,1,73189038.0,True,,html;css
73188992,1,2022-08-01 04:56:59,0,137,2,73189012.0,True,,python;dictionary
73188996,1,2022-08-01 04:58:26,0,160,0,,False,,python;powershell;request
73189001,1,2022-08-01 05:00:19,0,1198,1,,False,,r;spline;rms;cubic-spline
73189007,1,2022-08-01 05:01:36,0,29,0,,False,,javascript;jquery
73189011,1,2022-08-01 05:02:29,3,5765,1,,True,,azure;kubernetes;rancher;docker-desktop
73189016,1,2022-08-01 05:04:18,0,184,1,,False,,javascript;html;frame;frameset
73189022,1,2022-08-01 05:05:22,1,198,3,73189266.0,True,,java;string
73189024,1,2022-08-01 05:05:46,0,385,0,,False,,google-cloud-platform;google-cloud-functions;google-cloud-storage;google-compute-engine;google-cloud-build
73189025,1,2022-08-01 05:06:24,0,403,1,,True,,socket.io
73189029,1,2022-08-01 05:07:11,0,81,2,73189117.0,True,,flutter;dart
73189030,1,2022-08-01 05:07:36,1,2794,2,,True,,javascript;reactjs
73189041,1,2022-08-01 05:09:33,0,73,1,73189451.0,True,,c++
73189048,1,2022-08-01 05:11:14,0,95,0,,False,,php
73189050,1,2022-08-01 05:11:44,-2,99,1,,False,,javascript
73189054,1,2022-08-01 05:13:17,1,1560,3,73189077.0,True,,python;numpy
73189057,1,2022-08-01 05:13:26,0,104,1,,False,,app-store;testflight
73189061,1,2022-08-01 05:14:17,0,280,2,,False,,javascript;utf-8;bluetooth;hex;decoding
73189066,1,2022-08-01 05:14:54,1,1191,1,,False,,spotfire;spotfire-analyst
73189073,1,2022-08-01 05:16:39,1,147,2,,True,,typescript
73189075,1,2022-08-01 05:17:13,1,2186,0,,False,,node.js;apache-kafka;kafka-consumer-api;kafkajs
73189076,1,2022-08-01 05:17:16,1,357,0,,False,,linux;docker;file-permissions;rhel
73189078,1,2022-08-01 05:17:29,1,324,1,,True,,amazon-web-services;amazon-ebs
73189079,1,2022-08-01 05:17:55,1,969,1,73189091.0,True,,c#;datetime;iso8601
73189080,1,2022-08-01 05:18:37,0,376,0,,False,,python;maya
73189081,1,2022-08-01 05:18:46,0,1473,1,,False,,c#;unity-game-engine;game-physics
73189084,1,2022-08-01 05:19:29,1,529,1,73226511.0,True,,batch-file
73189086,1,2022-08-01 05:20:00,4,2525,1,,True,,lit-element;lit;html-components
73189089,1,2022-08-01 05:20:23,0,1165,1,,False,,wordpress;plugins;password-recovery
73189092,1,2022-08-01 05:20:48,2,628,3,,True,,mongodb;mongoose;mongodb-query;mongodb-atlas;mongodb-oplog
73189094,1,2022-08-01 05:21:12,0,309,1,,False,,python;python-3.x;pandas
73189102,1,2022-08-01 05:21:33,1,237,2,73189179.0,True,,php;wordpress;custom-wordpress-pages;wordpress-shortcode
73189103,1,2022-08-01 05:21:44,0,428,1,,True,,assembly;avr
73189107,1,2022-08-01 05:22:39,0,1428,0,,False,,reactjs;react-beautiful-dnd
73189110,1,2022-08-01 05:22:46,2,1740,1,73189249.0,True,,apache-kafka
73189111,1,2022-08-01 05:22:49,0,583,1,,False,,gradle;dependencies
73189116,1,2022-08-01 05:23:36,0,2268,2,73193625.0,True,,javascript;html;jquery;plugins;chart.js
73189121,1,2022-08-01 05:24:29,0,344,1,,False,,mongodb;mongodb-atlas
73189124,1,2022-08-01 05:25:04,0,117,1,,False,,laravel;heroku;inertiajs
73189130,1,2022-08-01 05:26:24,0,86,1,,False,,java;android;android-studio;kotlin
73189135,1,2022-08-01 05:27:18,0,73,1,73189177.0,True,2022-08-01 05:49:23,python
73189140,1,2022-08-01 05:28:22,0,54,0,,False,2022-08-01 06:07:35,bash;shell;bitbucket-pipelines
73189143,1,2022-08-01 05:29:29,0,239,1,73189461.0,True,,android;kotlin;date
73189145,1,2022-08-01 05:29:42,1,1870,0,,False,,android;android-jetpack-compose;android-jetpack-navigation
73189147,1,2022-08-01 05:30:18,-1,38,1,,False,2022-08-01 05:32:20,python
73189150,1,2022-08-01 05:30:44,1,1159,1,,True,,javascript;reactjs;use-state
73189153,1,2022-08-01 05:31:08,0,254,2,73189279.0,True,,r;matrix;correlation
73189155,1,2022-08-01 05:31:14,-1,427,1,73190657.0,True,,php;sql-update;image-upload
73189157,1,2022-08-01 05:31:38,0,115,1,73213413.0,True,,security;session;jwt;restful-authentication
73189161,1,2022-08-01 05:32:03,0,263,1,73291017.0,True,,python;python-3.x;windows;pygame;pymunk
73189163,1,2022-08-01 05:33:08,0,26,1,,False,,excel;google-sheets;spreadsheet
73189168,1,2022-08-01 05:34:04,0,302,1,,True,,android;kotlin;mvvm;data-binding;onclicklistener
73189169,1,2022-08-01 05:34:04,0,5801,2,,False,,node.js;content-security-policy
73189181,1,2022-08-01 05:36:01,0,2984,1,,True,,ios;xcode;flutter;simulator
73189183,1,2022-08-01 05:36:06,9,4400,2,73780022.0,True,,flutter;dart;flutter-web
73189185,1,2022-08-01 05:36:17,2,151,0,,False,,git;teamcity
73189186,1,2022-08-01 05:36:21,0,188,1,73191062.0,True,,jquery;kendo-ui
73189190,1,2022-08-01 05:37:16,1,1229,0,,False,,python;tensorflow;keras;gpu
73189191,1,2022-08-01 05:37:25,0,123,1,,False,,python;list;partial
73189194,1,2022-08-01 05:37:55,0,398,0,,False,,docker;docker-compose;google-compute-engine;bitbucket-pipelines
73189196,1,2022-08-01 05:38:10,5,9051,1,,True,,opengl;glsl;shader;uniform;renderdoc
73189197,1,2022-08-01 05:38:18,1,1238,1,73189561.0,True,,node.js;express
73189198,1,2022-08-01 05:38:19,0,883,0,,False,,laravel;laravel-5.8
73189202,1,2022-08-01 05:39:31,-1,57,1,,False,2022-08-01 09:31:23,javascript;node.js;function
73189204,1,2022-08-01 05:39:59,-1,274,1,73196252.0,True,,javascript;reactjs
73189205,1,2022-08-01 05:40:01,1,99,0,,False,,python-3.x;excel;validation
73189210,1,2022-08-01 05:40:42,2,5607,3,,False,,windows;powershell;windows-sandbox
73189219,1,2022-08-01 05:41:25,0,977,1,,True,,android-studio;testing;module;android-espresso;multi-module
73189220,1,2022-08-01 05:41:39,1,129,1,,False,,c++;templates;inheritance
73189221,1,2022-08-01 05:41:52,1,2269,1,,True,,python-3.x;pandas;dataframe;lambda;null
73189222,1,2022-08-01 05:42:14,0,56,3,73189301.0,True,,java;android;android-recyclerview;refresh;presentation
73189225,1,2022-08-01 05:42:23,1,909,1,,True,,python;sql;vs-code;ip;subnet
73189229,1,2022-08-01 05:42:57,0,191,0,,False,,hadoop;namenode
73189233,1,2022-08-01 05:43:40,0,71,1,,True,,typescript
73189235,1,2022-08-01 05:44:09,0,978,1,73224655.0,True,,reactjs
73189236,1,2022-08-01 05:44:10,0,35,0,,False,,javascript;jquery
73189240,1,2022-08-01 05:44:51,0,469,1,73202582.0,True,,graphql;strapi
73189254,1,2022-08-01 05:46:40,2,4273,0,,False,,keycloak;keycloak-services;keycloak-rest-api
73189255,1,2022-08-01 05:46:51,0,149,0,,False,,c#;async-await;maui
73189270,1,2022-08-01 05:48:07,-2,985,1,,False,,java;linked-list;polynomials
73189272,1,2022-08-01 05:48:30,1,3015,1,73189603.0,True,,java;csv;opencsv
73189276,1,2022-08-01 05:48:57,0,975,1,73189823.0,True,,excel;vba;csv
73189285,1,2022-08-01 05:50:25,0,401,1,,False,,python;loops;tkinter;button;frame
73189287,1,2022-08-01 05:50:36,-1,55,1,73189507.0,True,2022-08-01 06:11:06,r
73189291,1,2022-08-01 05:51:06,0,232,0,,False,,reactjs
73189294,1,2022-08-01 05:51:43,-1,790,1,,False,,c#;wpf;powershell
73189300,1,2022-08-01 05:52:28,1,2495,0,,False,,blazor;radzen
73841864,1,2022-09-25 03:22:24,0,89,1,,False,,r;ggplot2;group-by;multivariate-time-series
73841866,1,2022-09-25 03:22:38,0,77,1,73843415.0,True,,python-3.x;django;django-models;django-rest-framework;django-forms
73841867,1,2022-09-25 03:23:02,-1,115,1,,False,,flutter;flutter-layout;flutter-image;flutter-video-player
73841870,1,2022-09-25 03:23:48,3,1135,2,73843993.0,True,,c;x86;cpu-registers
73841871,1,2022-09-25 03:24:13,2,1752,1,73851209.0,True,,javascript;html;css;vue.js;vuejs3
73841872,1,2022-09-25 03:24:19,-1,237,1,73844641.0,True,,apache-kafka;kafka-consumer-api;apache-kafka-streams
73841874,1,2022-09-25 03:25:07,0,348,0,,False,,c#;winforms
73841877,1,2022-09-25 03:26:54,6,572,1,73841931.0,True,,java;regex;unicode
73841879,1,2022-09-25 03:27:39,0,31,0,,False,2022-09-25 11:50:55,c;cmake;header;autoconf
73841880,1,2022-09-25 03:27:52,0,147,1,73841945.0,True,,python;numpy;time-series;missing-data
73841881,1,2022-09-25 03:28:12,7,2413,1,,True,,canvas;next.js;vercel;node-canvas
73841882,1,2022-09-25 03:28:20,1,886,2,73923167.0,True,,ios;core-data;swiftui;cloudkit;nspersistentcloudkitcontainer
73841883,1,2022-09-25 03:28:23,-2,168,1,73842048.0,True,2022-09-25 04:27:58,unit-testing;testing;compiler-construction;antlr;catch2
73841887,1,2022-09-25 03:29:12,1,301,1,73842061.0,True,,c;segmentation-fault;file-conversion
73841899,1,2022-09-25 03:35:15,1,60,0,,False,,javascript;reactjs;redux;react-redux
73841900,1,2022-09-25 03:35:54,2,736,1,,True,,python;parallel-processing;dask
73841901,1,2022-09-25 03:36:42,0,122,1,73841913.0,True,,python;string;list;increment
73841902,1,2022-09-25 03:36:54,-1,2037,1,,False,,python;boolean
73841904,1,2022-09-25 03:37:21,1,304,3,,True,,python;python-3.x;function;func
73841907,1,2022-09-25 03:38:19,0,147,1,,False,,javascript;unit-testing;jestjs
73841909,1,2022-09-25 03:39:44,1,52,0,,False,,python;pandas;dataframe;binance-api-client
73841911,1,2022-09-25 03:40:33,1,312,1,,False,,javascript;reactjs
73841919,1,2022-09-25 03:42:25,1,75,1,73842052.0,True,,swift;swiftui
73841920,1,2022-09-25 03:42:52,0,774,1,,False,,angular;ionic-framework;apple-m1
73841921,1,2022-09-25 03:42:53,-1,141,1,,False,,python;logging
73841923,1,2022-09-25 03:43:09,0,1885,2,,True,,php;mysql;sql;laravel;database
73841925,1,2022-09-25 03:44:00,0,386,1,,False,,javascript;html;oracle-apex
73841926,1,2022-09-25 03:44:35,0,26,0,,False,2022-09-25 03:59:11,python;windows;powershell
73841927,1,2022-09-25 03:44:41,0,26,1,,False,,java;arrays;sorting;bubble-sort
73841928,1,2022-09-25 03:44:46,0,1158,1,,False,,google-apps-script;google-sheets;google-forms
73841929,1,2022-09-25 03:44:50,0,53,1,,False,,django;django-models;django-orm
73841935,1,2022-09-25 03:47:14,1,116,1,,False,,r;ggplot2
73841938,1,2022-09-25 03:48:04,3,11587,2,73841983.0,True,2022-10-30 15:31:15,javascript;discord.js
73841940,1,2022-09-25 03:49:11,-2,247,1,73844221.0,True,,react-native
73841953,1,2022-09-25 03:54:02,0,84,1,,False,,javascript;function;class;methods
73841954,1,2022-09-25 03:54:02,-2,75,1,,False,,python;selenium;selenium-webdriver;automation
73841956,1,2022-09-25 03:54:41,0,736,0,,False,,javascript;reactjs;typescript;safari;chakra-ui
73841958,1,2022-09-25 03:55:13,0,101,1,73842871.0,True,,flutter;dart;google-cloud-firestore;firebase-authentication
73841959,1,2022-09-25 03:55:15,0,56,0,,False,,algorithm;data-structures;graph-theory
73841965,1,2022-09-25 03:57:57,1,248,1,,False,,javascript;html;reactjs;forms;url
73841974,1,2022-09-25 04:03:19,1,239,2,73841994.0,True,,linked-list
73841975,1,2022-09-25 04:03:46,0,98,1,73842954.0,True,,generics;types;vala
73841978,1,2022-09-25 04:04:17,0,135,0,,False,,java;android;retrofit
73841980,1,2022-09-25 04:05:23,0,354,1,73859260.0,True,,twitter;twitter-api-v2
73841981,1,2022-09-25 04:05:31,1,149,4,,True,,python;pandas;dataframe;numpy
73841990,1,2022-09-25 04:08:34,-1,162,1,,True,,dataweave;mulesoft
73841996,1,2022-09-25 04:09:51,2,221,2,73842645.0,True,,emacs
73842002,1,2022-09-25 04:10:52,1,4058,6,,True,,.net;vs-code;.net-6.0;omnisharp
73842005,1,2022-09-25 04:11:21,-1,51,1,,False,,java;image;random;insert
73842007,1,2022-09-25 04:12:33,0,38,0,,False,2022-09-25 08:24:58,android;bash;shell;adb
73842010,1,2022-09-25 04:12:52,0,1392,2,,False,,r;r-markdown;knitr
73842011,1,2022-09-25 04:13:26,-2,86,1,74209234.0,True,,c;segmentation-fault;function-pointers
73842013,1,2022-09-25 04:14:42,0,205,1,,False,,html;css
73842014,1,2022-09-25 04:14:50,-2,79,1,,False,,javascript;jquery
73842019,1,2022-09-25 04:16:22,-1,611,1,73842055.0,True,,rust;vim;rust-analyzer;inlay-hints
73842020,1,2022-09-25 04:16:33,0,92,1,73842250.0,True,,python;pandas;dataframe;geospatial
73842022,1,2022-09-25 04:16:45,0,1498,1,73846811.0,True,,rest;java-8;yaml;spring-webflux
73842027,1,2022-09-25 04:18:07,-1,823,1,73845254.0,True,,php;gravityforms
73842028,1,2022-09-25 04:18:10,1,646,1,73842195.0,True,,mongodb
73842034,1,2022-09-25 04:20:02,1,181,1,,False,,python;multithreading;select;network-programming;concurrency
73842042,1,2022-09-25 04:23:21,0,2799,1,73842274.0,True,,php;laravel
73842043,1,2022-09-25 04:23:46,0,1114,1,,False,,android;react-native
73842044,1,2022-09-25 04:24:16,0,2473,1,,True,,self-hosting;supabase;supabase-database
73842050,1,2022-09-25 04:26:17,1,1600,1,,False,,google-cloud-platform;google-cloud-functions;google-cloud-storage;google-cloud-sql
73842051,1,2022-09-25 04:26:34,-2,73,1,73843332.0,True,,python;dataframe;dictionary
73842057,1,2022-09-25 04:27:56,6,20284,2,,False,,python;python-3.x;pycharm
73842066,1,2022-09-25 04:30:51,-1,62,1,,False,,java;indexoutofboundsexception;sub-array
73842070,1,2022-09-25 04:31:38,1,626,0,,False,,python;docker;dockerfile;distroless
73842073,1,2022-09-25 04:33:10,-1,244,1,,False,,linux;shell
73842074,1,2022-09-25 04:33:21,-1,1770,2,,False,,vue.js;nuxt.js;vuejs3;nuxt3.js
73842078,1,2022-09-25 04:34:06,1,2896,1,,False,,javascript;html;reactjs;next.js
73842084,1,2022-09-25 04:37:49,1,88,0,,False,,node.js;react-native;react-native-navigation;react-native-firebase;react-native-maps
73842085,1,2022-09-25 04:37:49,0,48,0,,False,,python-3.x
73842088,1,2022-09-25 04:38:25,0,950,1,73938436.0,True,,python;machine-learning;scikit-learn;amazon-sagemaker;data-processing
73842091,1,2022-09-25 04:40:21,0,51,0,,False,,python-3.x;django;django-rest-framework
73842093,1,2022-09-25 04:41:03,1,66,1,73843135.0,True,,javascript;mongodb;filter;find
73842097,1,2022-09-25 04:42:27,1,81,1,,False,,javascript;html;jquery;vuejs2
73842099,1,2022-09-25 04:42:37,1,42,0,,False,2022-09-25 21:53:31,swift;swiftui
73842100,1,2022-09-25 04:42:53,-1,74,1,73842187.0,True,2022-09-25 06:28:47,python;pygame
73842104,1,2022-09-25 04:45:25,-1,926,1,,False,,python;flask;import;python-import;web-hosting
73842108,1,2022-09-25 04:46:47,1,254,1,,True,,docker;https;gitlab
73842114,1,2022-09-25 04:48:10,3,656,1,,False,,tikv;surrealdb
73842117,1,2022-09-25 04:49:06,0,59,0,,False,,java;email
73842118,1,2022-09-25 04:50:21,1,47,1,73842204.0,True,,python;list;sorting
73842120,1,2022-09-25 04:51:18,0,183,2,73842833.0,True,,java;algorithm;performance;recursion;fibonacci
73842128,1,2022-09-25 04:54:04,0,382,2,73842310.0,True,,windows;batch-file
73842137,1,2022-09-25 04:59:15,1,87,0,,False,,html;r;json;loops;url
73842138,1,2022-09-25 04:59:40,4,2722,1,,False,,javascript;npm;npm-install
73842139,1,2022-09-25 05:00:00,0,135,1,73848283.0,True,,mqtt;micropython;raspberry-pi-pico
73842140,1,2022-09-25 05:00:37,0,28,0,,False,,bash;nginx
73842145,1,2022-09-25 05:02:10,1,624,1,,False,,php;wordpress
73842148,1,2022-09-25 05:02:58,0,2206,0,,False,,python;jupyter-notebook;anaconda
73842153,1,2022-09-25 05:03:58,1,76,2,73842392.0,True,,big-o
73842157,1,2022-09-25 05:04:47,1,1154,4,,False,,javascript;html
73842158,1,2022-09-25 05:05:05,-3,56,1,73842211.0,True,,javascript;node.js;arrays;typescript;reduce
73842162,1,2022-09-25 05:05:48,10,1205,1,73875804.0,True,,javascript;node.js;reactjs;next.js
73842172,1,2022-09-25 05:09:08,0,45,0,,False,,python
73842174,1,2022-09-25 05:10:06,0,434,0,,False,,algorithm;recursion;dynamic-programming;backtracking;subset-sum
73842186,1,2022-09-25 05:14:11,-2,46,1,,True,2022-09-25 12:05:35,c#;mysql;sql
73842188,1,2022-09-25 05:14:26,0,577,0,,False,,assembly;ld;riscv;gnu-assembler
74164504,1,2022-10-22 14:41:19,0,43,0,,False,,python;csv
74164505,1,2022-10-22 14:41:22,-3,64,1,,False,,javascript;arrays
74164506,1,2022-10-22 14:41:33,0,311,1,74164581.0,True,,html;string;web;beautifulsoup
74164507,1,2022-10-22 14:41:46,0,74,2,74164688.0,True,2022-10-22 18:19:23,javascript;html
74164514,1,2022-10-22 14:42:40,0,423,1,74165452.0,True,,html;css;slider;carousel;slideshow
74164521,1,2022-10-22 14:43:13,-1,139,3,,True,,ruby;brackets;braces
74164528,1,2022-10-22 14:44:20,1,49,1,74164864.0,True,,django
74164536,1,2022-10-22 14:45:38,0,222,1,74164626.0,True,,html;reactjs;react-table
74164539,1,2022-10-22 14:45:50,0,203,1,,True,,html;css
74164545,1,2022-10-22 14:46:22,0,43,0,,False,,python;csv;object;oop
74164546,1,2022-10-22 14:46:33,0,72,2,74164689.0,True,,python;pandas;dataframe;matplotlib
74164556,1,2022-10-22 14:47:49,1,94,1,74164942.0,True,,android;android-room
74164559,1,2022-10-22 14:48:06,0,876,2,74164635.0,True,,excel-formula
74164560,1,2022-10-22 14:48:52,0,75,0,,False,,c;methods
74164561,1,2022-10-22 14:48:56,0,222,0,,False,,python;tiktok-api
74164563,1,2022-10-22 14:49:04,0,41,2,74164616.0,True,,python
74164564,1,2022-10-22 14:49:09,0,125,0,,False,,python;matplotlib;correlation;threshold
74164566,1,2022-10-22 14:49:31,-1,28,1,,False,,file;readfile
74164567,1,2022-10-22 14:49:42,0,143,0,,False,,python;recursion;avl-tree
74164574,1,2022-10-22 14:50:39,0,233,1,,False,,javascript;node.js;ethereum;solidity
74164580,1,2022-10-22 14:51:50,2,316,1,74164959.0,True,,python;button;popup;pysimplegui
74164582,1,2022-10-22 14:52:17,27,5421,4,,True,,visual-studio;visual-studio-2022
74164583,1,2022-10-22 14:52:23,0,93,0,,False,,javascript;html;jquery;css
74164588,1,2022-10-22 14:53:24,-1,253,1,,False,,powerbi;dax
74164592,1,2022-10-22 14:53:51,0,674,1,,False,,webdriver-io
74164596,1,2022-10-22 14:54:32,0,304,1,74182718.0,True,,javascript;vue.js;express;axios;vuejs3
74164599,1,2022-10-22 14:54:59,0,694,2,74164682.0,True,,javascript;reactjs;redux;redux-toolkit
74164600,1,2022-10-22 14:55:12,1,365,1,,True,,java;postgresql;indexing;jooq
74164602,1,2022-10-22 14:55:23,0,29,0,,False,2022-10-22 15:08:37,c;io
74164603,1,2022-10-22 14:55:35,0,721,2,,False,,python;graph;3d
74164604,1,2022-10-22 14:55:42,0,855,3,,False,,python;xml;parsing;search;replace
74164606,1,2022-10-22 14:55:51,0,219,0,,False,,angular;vs-code
74164619,1,2022-10-22 14:57:13,0,107,0,,False,,string;lua;number-formatting;digits
74164625,1,2022-10-22 14:58:18,0,351,1,,False,,swift;swiftui;mapkit
74164629,1,2022-10-22 14:58:53,0,145,0,,False,,arrays;c
74164633,1,2022-10-22 14:59:14,0,38,1,74165411.0,True,,typescript;types;typescript-typings;type-inference
74164636,1,2022-10-22 14:59:33,0,90,0,,False,,flutter;dart;flutter-provider;state-management
74164637,1,2022-10-22 14:59:52,1,566,1,74164638.0,True,,c#;xaml;winui-3
74164640,1,2022-10-22 15:00:10,1,46,0,,False,2022-10-22 15:12:12,c++
74164643,1,2022-10-22 15:00:31,1,352,2,74164738.0,True,,c;struct;static;linker
74164647,1,2022-10-22 15:01:05,0,70,2,74165607.0,True,,c#;enums;drop-down-menu
74164650,1,2022-10-22 15:01:26,-1,787,2,74164793.0,True,,python;graphics;python-imaging-library
74164657,1,2022-10-22 15:02:09,0,2631,4,74164747.0,True,,javascript;html;onclick;background-color
74164658,1,2022-10-22 15:02:13,0,1065,1,,False,,ibm-mq;podman
74164660,1,2022-10-22 15:02:27,2,578,0,,False,,node.js;reactjs;express;file-upload;video-upload
74164661,1,2022-10-22 15:02:54,0,181,1,74165245.0,True,,python;matplotlib;python-interactive
74164663,1,2022-10-22 15:03:35,0,144,1,,False,,c#;roslyn;assembly-resolution
74164667,1,2022-10-22 15:03:59,1,3310,1,,True,,c#;http;dotnet-httpclient;http-status-code-429
74164676,1,2022-10-22 15:04:58,0,2401,1,,False,,kubernetes;kubernetes-helm;argocd
74164679,1,2022-10-22 15:05:12,0,56,1,,False,,pine-script
74164684,1,2022-10-22 15:06:13,4,539,2,74166700.0,True,,android;kotlin;mobile;android-jetpack-compose;android-jetpack-navigation
74164685,1,2022-10-22 15:06:14,2,1846,2,74165177.0,True,,java;reactive-programming;spring-webflux;spring-webclient
74164687,1,2022-10-22 15:06:16,1,84,2,74165719.0,True,,python;regex
74164690,1,2022-10-22 15:06:39,1,86,0,,False,,database;oop;orm;dao;composition
74164703,1,2022-10-22 15:08:10,0,174,3,,False,,python;class;oop;chain
74164712,1,2022-10-22 15:09:34,0,217,1,74386837.0,True,,javascript;firebase;google-chrome-extension;content-security-policy
74164716,1,2022-10-22 15:10:23,0,478,1,,False,,makefile;gnu-make
74164718,1,2022-10-22 15:10:52,0,133,0,,False,,bash
74164719,1,2022-10-22 15:11:06,2,1012,2,74165214.0,True,,swift;macos;cocoa;iokit;diskarbitration
74164720,1,2022-10-22 15:11:20,0,46,1,,False,,excel;vba
74164722,1,2022-10-22 15:11:31,1,142,1,74165180.0,True,,optimization;rust;combinations
74164726,1,2022-10-22 15:11:51,0,241,1,,True,,google-sheets;web-scraping;google-sheets-formula;image-extraction
74164728,1,2022-10-22 15:11:57,4,975,0,,False,,angular;3d;html5-canvas;webgl;cornerstonejs
74164729,1,2022-10-22 15:12:04,0,200,1,74164762.0,True,,node.js;mongodb;mongoose;mongoose-schema
74164730,1,2022-10-22 15:12:10,1,425,1,74165221.0,True,,google-sheets;lambda;count;sequence;spreadsheet
74164735,1,2022-10-22 15:12:51,0,98,1,,False,,spring;functional-programming;cloud;spring-cloud-stream;spring-rabbit
74164739,1,2022-10-22 15:13:44,-1,610,1,,True,,python-3.x
74164743,1,2022-10-22 15:14:39,0,53,1,,False,,python;list;web-scraping;beautifulsoup
74164746,1,2022-10-22 15:15:17,5,4043,1,74176453.0,True,,visual-studio;google-chrome;microsoft-edge
74164755,1,2022-10-22 15:18:12,0,76,3,,True,,r;ggplot2;plot;tidyverse;bar-chart
74164757,1,2022-10-22 15:19:10,2,191,1,74167705.0,True,,2d;godot;gdscript
74164760,1,2022-10-22 15:19:38,0,212,3,,False,,flutter;dart;flutter-layout;sharedpreferences
74164764,1,2022-10-22 15:20:14,0,48,1,74164796.0,True,,php;mysql;date
74164766,1,2022-10-22 15:20:19,-1,101,1,,True,,html;css;image-processing
74164772,1,2022-10-22 15:22:08,1,150,1,,False,,html;excel;vba;selenium;web-scraping
74164777,1,2022-10-22 15:23:01,0,655,1,,False,,asp.net-core;nginx;.net-core
74164778,1,2022-10-22 15:23:02,0,207,0,,False,,powershell;loops;terraform;iteration
74164779,1,2022-10-22 15:23:17,1,466,1,74165362.0,True,,flutter;firebase;dart;google-cloud-firestore
74164780,1,2022-10-22 15:23:33,1,146,1,74164829.0,True,,javascript;performance;dom;webapi
74164786,1,2022-10-22 15:24:29,0,368,1,74164826.0,True,,oracle-database;amazon-rds
74164790,1,2022-10-22 15:25:27,-1,238,2,74165077.0,True,,linux;bash;busybox
74164792,1,2022-10-22 15:25:38,1,782,2,74165382.0,True,,android;android-studio
74164795,1,2022-10-22 15:26:56,0,359,1,,True,,python;dataframe;types
74164801,1,2022-10-22 15:28:18,8,12621,1,,True,,intellij-idea
74164805,1,2022-10-22 15:28:52,3,227,2,74164822.0,True,,r;list
74164809,1,2022-10-22 15:29:48,0,32,0,,False,,reactjs;localhost
74164812,1,2022-10-22 15:30:36,-2,352,1,74164881.0,True,,android-studio;kotlin
74164817,1,2022-10-22 15:31:05,0,741,1,,True,,github-actions
74164827,1,2022-10-22 15:32:34,0,195,2,74164967.0,True,,python;tkinter;python-imaging-library
74164831,1,2022-10-22 15:33:03,1,760,1,74165295.0,True,,python;file-upload;fastapi;dropzone
74164838,1,2022-10-22 15:33:57,1,159,0,,False,,deep-learning;pytorch;loss-function;cross-entropy
74164842,1,2022-10-22 15:34:56,0,840,1,74182198.0,True,,java;apache-kafka;spring-kafka
74164843,1,2022-10-22 15:34:59,-3,836,2,74165914.0,True,,c
74164844,1,2022-10-22 15:35:05,1,664,1,74164916.0,True,,javascript;json
74164850,1,2022-10-22 15:36:03,0,44,2,,True,,batch-file
74164852,1,2022-10-22 15:36:26,-3,247,1,,True,,python;discord;discord.py
74164853,1,2022-10-22 15:36:50,0,141,1,74174131.0,True,,python;numpy;pytorch
74164854,1,2022-10-22 15:36:50,-4,130,2,,True,2022-10-23 09:30:59,python
74164857,1,2022-10-22 15:36:57,3,882,1,,True,,vue.js;bootstrap-4;bootstrap-vue
74164858,1,2022-10-22 15:37:31,0,347,1,74165478.0,True,,web-scraping;scrapy
74398074,1,2022-11-11 04:38:39,1,780,2,,True,,swift;swiftui
74398075,1,2022-11-11 04:38:43,0,377,1,,False,,c#;asp.net;asp.net-mvc;razor;asp.net-mvc-5
74398079,1,2022-11-11 04:39:08,1,321,0,,False,,python;docker;huggingface-transformers;huggingface-tokenizers
74398081,1,2022-11-11 04:39:29,0,92,1,74399845.0,True,,php;regex;preg-replace
74398082,1,2022-11-11 04:39:33,0,1325,1,,True,,java;spring;spring-security
74398085,1,2022-11-11 04:39:52,1,792,1,74398266.0,True,,stripe-payments
74398086,1,2022-11-11 04:40:16,2,663,1,,True,,python;oop;pyspark
74398087,1,2022-11-11 04:40:34,0,1775,2,,False,,laravel;informix;php-8.1
74398089,1,2022-11-11 04:40:53,1,641,1,,False,,python;django;flutter;django-rest-framework;django-rest-auth
74398090,1,2022-11-11 04:41:03,0,121,2,,True,,c#;.net
74398094,1,2022-11-11 04:41:55,0,131,1,74398605.0,True,,mysql;sql;unpivot
74398095,1,2022-11-11 04:42:27,0,89,2,74400051.0,True,,scala;functional-programming
74398098,1,2022-11-11 04:43:13,6,2005,2,74425843.0,True,,flutter;dart;asynchronous;webview
74398109,1,2022-11-11 04:45:56,1,204,2,74398467.0,True,,python;matplotlib;plot;bar-chart
74398111,1,2022-11-11 04:46:20,0,1598,1,74399399.0,True,,odata;sapui5
74398131,1,2022-11-11 04:50:03,1,423,1,74401362.0,True,,html;css;vue.js
74398138,1,2022-11-11 04:50:41,2,7611,1,,False,,r;ggplot2;shiny
74398151,1,2022-11-11 04:53:00,0,157,0,,False,,node.js;reactjs;amazon-s3;aws-sdk;aws-sdk-js
74398162,1,2022-11-11 04:54:43,6,190,1,74399135.0,True,,bluetooth;bluetooth-lowenergy;core-bluetooth;observers
74398164,1,2022-11-11 04:55:09,0,293,1,74402435.0,True,,nuget;nuget-package
74398168,1,2022-11-11 04:55:35,5,131,2,74398309.0,True,,java;oop;generics
74398170,1,2022-11-11 04:55:38,1,193,1,74398206.0,True,,python;matplotlib;plot
74398172,1,2022-11-11 04:56:41,0,258,3,,False,,ios;swift;animation;uiview;position
74398176,1,2022-11-11 04:58:17,0,54,2,74398556.0,True,,python;mysql
74398177,1,2022-11-11 04:58:18,1,382,1,74408037.0,True,,entity-framework-core;change-tracking
74398179,1,2022-11-11 04:58:58,0,94,0,,False,,genexus;workwithplus
74398180,1,2022-11-11 04:58:58,0,110,1,,False,,listview;xamarin;search;mvvm;searchbar
74398183,1,2022-11-11 04:59:30,0,100,1,,False,,python;macos;tkinter;simpledialog
74398195,1,2022-11-11 05:00:52,0,26,0,,False,,python;github;directory;package;filesystems
74398199,1,2022-11-11 05:02:05,2,100,1,74398244.0,True,,r;string
74398207,1,2022-11-11 05:03:31,1,1258,1,,True,,google-bigquery
74398208,1,2022-11-11 05:03:34,1,168,0,,False,,matlab;vs-code;configuration;settings
74398213,1,2022-11-11 05:04:09,2,3995,3,74398295.0,True,,python;regex
74398215,1,2022-11-11 05:04:23,0,133,2,,True,,jmeter;performance-testing
74398216,1,2022-11-11 05:04:27,-4,861,1,,True,,python;ssl;csr
74398218,1,2022-11-11 05:04:38,0,301,1,74448049.0,True,,android;firebase;cordova;cordova-plugins
74398221,1,2022-11-11 05:04:59,0,48,0,,False,,python;django
74398222,1,2022-11-11 05:05:04,0,934,1,,False,,ubuntu;nginx;socket.io;location;config
74398226,1,2022-11-11 05:06:22,1,311,0,,False,,php;amazon-web-services;aws-lambda
74398231,1,2022-11-11 05:07:11,0,1244,3,74398745.0,True,,python;class;object;inheritance;methods
74398240,1,2022-11-11 05:08:55,0,72,0,,False,,matlab;matlab-figure
74398250,1,2022-11-11 05:10:36,-2,43,2,,False,,python;list;nested;duplicates;sublist
74398252,1,2022-11-11 05:11:18,-2,235,1,,False,,c#;unity-game-engine
74398255,1,2022-11-11 05:11:28,0,797,1,,True,,r;sparkr;sparklyr
74398260,1,2022-11-11 05:12:56,1,1492,2,74514871.0,True,,spring;oauth-2.0;cors;spring-cloud
74398262,1,2022-11-11 05:13:48,-1,139,1,,True,,c#
74398264,1,2022-11-11 05:13:56,2,729,0,,False,,php;mysql;pdo
74398267,1,2022-11-11 05:14:41,-3,49,1,,False,,java;regex;split;addition;polynomials
74398271,1,2022-11-11 05:15:22,-1,907,1,,False,,python;video-capture;face-recognition;opencv
74398272,1,2022-11-11 05:15:53,3,177,0,,False,,javascript;math;computational-geometry
74398276,1,2022-11-11 05:16:19,0,357,2,,False,,python;odoo;odoo-15
74398278,1,2022-11-11 05:16:32,1,279,3,74398751.0,True,,javascript;reactjs;time;momentjs
74398289,1,2022-11-11 05:18:24,0,79,0,,False,,c
74398292,1,2022-11-11 05:18:36,0,334,0,,False,,flutter;dart;flutter-dependencies;dart-null-safety;dart-pub
74398299,1,2022-11-11 05:19:15,1,3883,1,74398320.0,True,2022-11-12 14:15:15,string;rust;controls
74398301,1,2022-11-11 05:19:53,2,75,3,74398364.0,True,,python;python-3.x;list
74398302,1,2022-11-11 05:20:03,0,169,0,,False,,kotlin;kotlin-coroutines
74398303,1,2022-11-11 05:20:15,0,46,1,,False,,python;pandas;python-imaging-library
74398311,1,2022-11-11 05:21:37,0,1680,2,74411380.0,True,,python;machine-learning;encoding;data-science;categorical
74398313,1,2022-11-11 05:21:42,0,51,0,,False,,android;kotlin;postman
74398314,1,2022-11-11 05:21:44,0,70,2,,False,,json;groovy;jmeter;jsonpath;jmeter-5.0
74398318,1,2022-11-11 05:22:43,1,887,1,74414560.0,True,,json;firebase;google-cloud-functions
74398323,1,2022-11-11 05:23:41,0,93,1,,False,,java;amazon-s3;java-native-interface;jclouds
74398324,1,2022-11-11 05:23:41,1,1380,1,,True,,python
74398335,1,2022-11-11 05:25:07,1,1831,2,,False,,python;json;http-post;odoo;odoo-13
74398336,1,2022-11-11 05:25:09,0,56,1,74426929.0,True,,sql;join;phpmyadmin;concatenation;no-data
74398337,1,2022-11-11 05:25:15,0,139,1,,False,,flutter;dart;google-cloud-firestore;flutter-layout
74398338,1,2022-11-11 05:25:40,0,42,1,,False,,mysql;sql
74398341,1,2022-11-11 05:25:56,0,1002,1,,False,2023-11-10 16:38:55,windows;powershell
74398342,1,2022-11-11 05:26:05,0,35,1,74399888.0,True,,wpf-controls
74398345,1,2022-11-11 05:26:10,1,1276,3,,True,,ruby;palindrome
74398348,1,2022-11-11 05:26:20,1,202,0,,False,,reactjs;react-native;react-native-firebase
74398350,1,2022-11-11 05:26:37,1,76,2,74398680.0,True,,mysql;sql
74398355,1,2022-11-11 05:27:14,0,136,1,,False,,php;html;jquery;laravel
74398363,1,2022-11-11 05:27:54,0,994,1,74399525.0,True,,amazon-web-services;amazon-dynamodb;amazon-dynamodb-streams
74398367,1,2022-11-11 05:28:02,0,694,1,,False,,azure-active-directory;microsoft-graph-api;microsoft-graph-sdks
74398371,1,2022-11-11 05:28:58,2,593,0,,False,,pipeline;circleci
74398372,1,2022-11-11 05:29:01,0,59,1,74399292.0,True,,django;django-rest-framework
74398373,1,2022-11-11 05:29:11,0,185,1,,False,,xamarin;xamarin.forms;xamarin.android
74398374,1,2022-11-11 05:29:37,2,876,0,,False,,git;newline;line-endings;gitattributes
74398375,1,2022-11-11 05:29:54,0,44,1,,False,,jquery;ajax
74398376,1,2022-11-11 05:29:55,0,449,1,74399199.0,True,,javascript;mysql;node.js;promise
74398383,1,2022-11-11 05:30:18,2,144,1,,True,,macros;scheme;racket;read-eval-print-loop;r6rs
74398384,1,2022-11-11 05:30:28,0,1353,2,74399508.0,True,,flutter;build.gradle;apk
74398385,1,2022-11-11 05:30:28,0,77,1,74401088.0,True,,firebase;google-cloud-functions
74398387,1,2022-11-11 05:30:37,0,381,0,,False,,asp.net-core-mvc
74398390,1,2022-11-11 05:31:20,0,193,1,,False,,python-3.x;subprocess;pipe;signals;keystroke
74398392,1,2022-11-11 05:31:30,0,208,1,,False,,sql;amazon-web-services;union;row-number;amazon-athena
74398396,1,2022-11-11 05:32:12,0,107,2,,False,,javascript;dom;parent-child
74398398,1,2022-11-11 05:33:33,1,937,1,74400268.0,True,,heatmap;plotly
74398403,1,2022-11-11 05:35:24,0,1688,1,,False,,python;beautifulsoup;python-requests;instaloader
74398404,1,2022-11-11 05:36:00,0,1633,1,74399432.0,True,,docker;dockerfile;devops;docker-image;python-poetry
74398415,1,2022-11-11 05:37:36,0,661,0,,False,,javascript;python;css;reactjs;web
74398425,1,2022-11-11 05:38:34,1,71,0,,False,,java;android;firebase;kotlin;android-recyclerview
74398429,1,2022-11-11 05:39:08,0,565,2,,False,,laravel;eloquent;laravel-8
74398431,1,2022-11-11 05:39:38,2,1184,1,,True,,activemq-classic;amazon-mq
74398433,1,2022-11-11 05:39:43,1,198,2,,True,,c#;asp.net;customvalidator
74398437,1,2022-11-11 05:40:12,0,490,1,74541666.0,True,,c++;qt;opencv;cmake
74398446,1,2022-11-11 05:41:30,1,501,1,74399690.0,True,,javascript;svg;canvas;browser
74398448,1,2022-11-11 05:41:36,0,82,1,,True,,sql;postgresql
74693420,1,2022-12-05 19:30:03,-1,31,1,,False,,sql;oracle-database
74693423,1,2022-12-05 19:30:22,0,44,1,,False,,php;wordpress
74693427,1,2022-12-05 19:30:58,0,1043,1,,False,,android;google-play;google-play-console;maui
74693431,1,2022-12-05 19:31:17,4,462,2,74693636.0,True,,f#;anonymous-types
74693432,1,2022-12-05 19:31:20,0,573,2,,False,,sql;machine-learning;google-bigquery
74693434,1,2022-12-05 19:31:23,3,464,0,,False,,python;jenkins;groovy;jenkins-groovy
74693435,1,2022-12-05 19:31:38,1,435,0,,False,,android;mvvm;android-room;android-livedata;kotlin-flow
74693437,1,2022-12-05 19:31:52,2,290,0,,False,,python;gtk;gtk3;pygtk;pygobject
74693441,1,2022-12-05 19:32:13,-1,1101,1,,True,,javascript;promise;es6-promise
74693449,1,2022-12-05 19:33:11,0,54,0,,False,,java;spring-boot;aspectj
74693453,1,2022-12-05 19:33:36,0,78,1,,False,,python;regex
74693455,1,2022-12-05 19:33:44,0,2047,1,74706998.0,True,,firebase;kotlin;push-notification;firebase-cloud-messaging
74693461,1,2022-12-05 19:34:21,1,479,0,,False,,zebra-printers;zpl
74693464,1,2022-12-05 19:34:49,2,1172,1,74693658.0,True,,css
74693465,1,2022-12-05 19:35:00,0,126,1,,False,,python;windows;pywinauto
74693468,1,2022-12-05 19:35:19,1,326,1,,False,2025-08-24 01:15:11,python;turtle-graphics;python-turtle
74693472,1,2022-12-05 19:35:24,1,1225,2,74699163.0,True,,prometheus;grafana;promql
74693475,1,2022-12-05 19:35:42,0,68,2,,True,,python;pandas;dataframe;optimization
74693480,1,2022-12-05 19:36:08,0,140,0,,False,,java;c#;android;unity-game-engine;permissions
74693481,1,2022-12-05 19:36:10,0,263,1,74698492.0,True,,jmeter;jmeter-plugins;jmeter-maven-plugin
74693482,1,2022-12-05 19:36:17,-1,337,1,,True,,sql;oracle-database;create-view;column-alias
74693486,1,2022-12-05 19:36:42,-2,554,1,74693593.0,True,,typescript;next.js
74693488,1,2022-12-05 19:36:54,0,47,1,,False,,javascript;for-loop;google-apps-script;google-sheets
74693497,1,2022-12-05 19:37:44,3,2918,1,,False,,powershell;windows-scripting
74693500,1,2022-12-05 19:38:12,0,495,1,,False,,python;cplex;mixed-integer-programming
74693514,1,2022-12-05 19:39:45,1,151,1,74694330.0,True,,c#;xamarin.forms
74693517,1,2022-12-05 19:39:56,1,573,1,74693798.0,True,,r;ggplot2
74693522,1,2022-12-05 19:40:27,0,38,2,74693647.0,True,,python;list;for-loop;append
74693524,1,2022-12-05 19:40:44,0,303,0,,False,,python;machine-learning;artificial-intelligence;google-colaboratory;alsa
74693528,1,2022-12-05 19:41:01,0,1925,1,74696543.0,True,,python;vs-code;jupyter-notebook;atom-editor
74693530,1,2022-12-05 19:41:06,1,1265,1,,True,,node.js;firebase;google-cloud-functions;google-cloud-storage
74693531,1,2022-12-05 19:41:12,1,149,1,,True,,git;github;workflow;feature-branch
74693532,1,2022-12-05 19:41:14,2,1628,2,74693880.0,True,,google-sheets;lambda;sum;cumulative-sum;google-sheets-formula
74693541,1,2022-12-05 19:42:10,0,100,2,,False,,html;css
74693546,1,2022-12-05 19:42:41,0,29,0,,False,,java;android;firebase;spinner;android-adapterview
74693550,1,2022-12-05 19:43:08,0,145,1,,False,,json;validation;nested;schema;document
74693561,1,2022-12-05 19:44:07,5,5143,2,75838130.0,True,,android;kotlin;android-jetpack-compose
74693562,1,2022-12-05 19:44:21,-1,2495,2,74693969.0,True,,java;switch-statement
74693567,1,2022-12-05 19:44:32,0,57,3,74693625.0,True,,sql
74693573,1,2022-12-05 19:45:33,0,60,1,74701659.0,True,,wix;windows-installer;wix3.7
74693574,1,2022-12-05 19:45:38,0,305,2,,False,,intellij-idea;jetbrains-ide
74693575,1,2022-12-05 19:45:40,1,278,1,,True,,c++;c++17;c++20
74693577,1,2022-12-05 19:45:40,1,671,1,74721030.0,True,,sql;spring;kotlin;spring-jdbc
74693583,1,2022-12-05 19:46:02,1,110,1,,False,,java;salesforce;apex;builder-pattern
74693584,1,2022-12-05 19:46:06,0,31,0,,False,,python-3.x;threadpool;python-multiprocessing;python-multithreading;concurrent.futures
74693585,1,2022-12-05 19:46:10,1,138,2,,False,,javascript;date;momentjs
74693594,1,2022-12-05 19:46:35,0,91,1,74693739.0,True,,c++;std
74693600,1,2022-12-05 19:47:11,1,1476,1,,True,,ios;bluetooth-lowenergy;disconnect;ios16
74693601,1,2022-12-05 19:47:13,0,523,1,,False,,charts;victory-charts;victory-native;victory-scatter;victory-stack
74693603,1,2022-12-05 19:47:17,0,46,0,,False,,python;pandas;dataframe;numpy;matplotlib
74693605,1,2022-12-05 19:47:38,0,619,1,74734405.0,True,,python;pytube
74693607,1,2022-12-05 19:47:50,1,112,1,74693686.0,True,,powershell
74693618,1,2022-12-05 19:49:08,0,111,1,74723097.0,True,,python;flask;amazon-s3;boto3;midi
74693621,1,2022-12-05 19:49:18,-1,62,1,,False,,flutter
74693622,1,2022-12-05 19:49:19,0,204,1,,False,,java;eclipse;selenium;testing;automation
74693624,1,2022-12-05 19:49:25,0,135,1,74743562.0,True,,python;kivy-language;kivymd
74693627,1,2022-12-05 19:49:49,1,103,0,,False,,css;sass
74693628,1,2022-12-05 19:49:49,1,798,1,,True,,c++;makefile
74693632,1,2022-12-05 19:50:08,0,142,0,,False,,python;matplotlib;plot;multidimensional-array;seaborn
74693633,1,2022-12-05 19:50:27,0,79,1,74728115.0,True,,reactjs;variables;axios
74693637,1,2022-12-05 19:50:59,0,532,1,,True,,mapbox;geojson;mapbox-gl-js
74693638,1,2022-12-05 19:50:59,1,1999,0,,False,,mysql;prisma
74693642,1,2022-12-05 19:51:08,0,559,1,,False,,javascript;reactjs;next.js;swr
74693643,1,2022-12-05 19:51:08,3,773,1,,True,,node.js;discord.js;node-streams
74693645,1,2022-12-05 19:51:24,0,98,4,,False,,reactjs;react-hooks
74693653,1,2022-12-05 19:52:14,0,902,1,,False,,python;python-3.x;telegram;telegram-bot;telethon
74693656,1,2022-12-05 19:52:24,0,414,0,,False,,python;dataframe;jupyter
74693659,1,2022-12-05 19:52:48,0,877,0,,False,,google-cloud-platform;google-cloud-networking;google-cloud-load-balancer;google-cloud-api-gateway
74693660,1,2022-12-05 19:53:02,2,262,0,,False,,three.js
74693664,1,2022-12-05 19:53:21,1,54,0,,False,,reactjs
74693666,1,2022-12-05 19:53:25,0,849,1,74709639.0,True,,c#;json;postman;frombodyattribute
74693670,1,2022-12-05 19:53:36,0,374,1,,False,,node.js;typescript;microservices;nest;monorepo
74693672,1,2022-12-05 19:54:00,0,109,1,74693730.0,True,,python;list;queue;list-comprehension
74693673,1,2022-12-05 19:54:05,-1,78,2,74693696.0,True,,python;list;function;tuples;range
74693688,1,2022-12-05 19:55:27,0,2935,1,,False,,cpu-usage;windows-server;iis-10;application-pool;.net-4.8
74693689,1,2022-12-05 19:55:29,0,96,0,,False,,python;asynchronous;async-await;python-asyncio;generator
74693697,1,2022-12-05 19:56:24,0,80,1,,True,,python
74693698,1,2022-12-05 19:56:25,1,725,1,74700989.0,True,,nginx;reverse-proxy;proxypass
74693700,1,2022-12-05 19:56:35,1,51,1,74693912.0,True,,javascript;python;django;django-forms
74693701,1,2022-12-05 19:56:38,0,401,1,,False,,google-colaboratory;transfer-learning;yolov4;file-structure
74693706,1,2022-12-05 19:57:02,3,599,1,,True,,next.js;hyperlink;hydration
74693711,1,2022-12-05 19:57:23,1,944,1,,False,,python;machine-learning;bayesian;colorama
74693714,1,2022-12-05 19:57:49,0,63,0,,False,,python;c++
74693715,1,2022-12-05 19:58:22,0,554,1,74694415.0,True,,javascript;jquery;mask
74693718,1,2022-12-05 19:58:33,0,37,1,74707821.0,True,,arrays;firebase;react-native;google-cloud-firestore
74693720,1,2022-12-05 19:58:51,0,81,2,74697009.0,True,,python;ipython;global
74693723,1,2022-12-05 19:58:59,0,59,1,,False,,mysql
74693724,1,2022-12-05 19:59:04,-2,130,1,74693801.0,True,,python;class;oop
74693729,1,2022-12-05 19:59:38,0,7774,1,,False,,powershell;active-directory;powershell-remoting
74693743,1,2022-12-05 20:00:24,0,297,1,,False,,kubernetes;error-handling;dapr;sidecar
74693746,1,2022-12-05 20:01:01,0,346,1,74794429.0,True,,mocking;azure-blob-storage
74693747,1,2022-12-05 20:01:09,-2,230,1,,True,,javascript;class;next.js
74693751,1,2022-12-05 20:01:20,0,88,2,,False,,woocommerce
74693759,1,2022-12-05 20:02:05,1,1191,1,,False,,module;ansible;stat
74693760,1,2022-12-05 20:02:14,0,121,1,74693937.0,True,,reactjs
74693761,1,2022-12-05 20:02:15,0,383,1,74694428.0,True,,excel;vba
74693770,1,2022-12-05 20:02:43,0,43,0,,False,,python;automation;argv;sys
74693772,1,2022-12-05 20:02:49,1,428,1,74694291.0,True,,excel;vba
74693773,1,2022-12-05 20:02:53,1,68,3,74694371.0,True,,sql;oracle-database;sql-update
74693774,1,2022-12-05 20:02:59,0,154,1,,False,,javascript;algorithm
75286230,1,2023-01-30 15:03:43,2,1641,1,,True,,c#;slider;maui;rangeslider
75286238,1,2023-01-30 15:04:17,0,118,1,,False,,kubeflow;tfx;tensorflow-data-validation
75286240,1,2023-01-30 15:04:25,0,287,1,75289123.0,True,,r;lubridate
75286242,1,2023-01-30 15:04:40,0,134,0,,False,,html;favicon
75286247,1,2023-01-30 15:04:58,0,3979,2,,False,2023-02-07 17:34:50,python;http;backend;fastapi;limit
75286256,1,2023-01-30 15:05:38,0,172,1,,False,,flutter;dart;sharedpreferences
75286268,1,2023-01-30 15:06:58,1,481,0,,False,,azure;azure-devops;confluence
75286278,1,2023-01-30 15:07:24,0,310,1,75374580.0,True,,prometheus;grafana;promql
75286279,1,2023-01-30 15:07:30,0,134,0,,False,,android;mediastore
75286287,1,2023-01-30 15:08:03,0,519,1,,True,,android;flutter;firebase-cloud-messaging
75286289,1,2023-01-30 15:08:18,2,799,0,,False,,github;authorization;repository;private;deno
75286290,1,2023-01-30 15:08:20,0,29,1,75286318.0,True,,r
75286292,1,2023-01-30 15:08:38,0,1066,2,75303327.0,True,,python;plot;audio;signal-processing;fft
75286294,1,2023-01-30 15:08:47,1,88,1,75286471.0,True,,haskell;monads
75286296,1,2023-01-30 15:09:08,0,305,1,,False,,java;selenium;flexbox;calendar;click
75286298,1,2023-01-30 15:09:11,1,345,1,75294894.0,True,,vue.js
75286299,1,2023-01-30 15:09:15,0,1400,1,75286339.0,True,,javascript;python;keras;face-detection;face-api
75286300,1,2023-01-30 15:09:16,2,126,1,,True,,java;exception
75286301,1,2023-01-30 15:09:18,3,1412,2,75287389.0,True,,swift;swiftui
75286306,1,2023-01-30 15:09:49,1,1456,0,,False,,python;multithreading;mqtt;paho
75286307,1,2023-01-30 15:10:09,0,121,1,,False,,python;gevent
75286310,1,2023-01-30 15:10:36,0,68,1,,False,,java;r;debian;certificate;sdmx
75286312,1,2023-01-30 15:10:46,0,100,1,,False,,swift;macos
75286315,1,2023-01-30 15:10:52,1,687,1,75287679.0,True,,node.js;validation;fastify;ajv
75286320,1,2023-01-30 15:11:28,0,79,1,,True,,r;gis;r-leaflet
75286323,1,2023-01-30 15:11:37,1,363,1,,True,,python;apache-spark;pyspark;apache-kafka;spark-streaming
75286327,1,2023-01-30 15:11:52,0,62,0,,False,,javascript;html;jquery;css;arrays
75286328,1,2023-01-30 15:11:52,0,381,1,75371231.0,True,,java;database-migration;quarkus;flyway
75286329,1,2023-01-30 15:11:56,1,294,1,75287490.0,True,,bash;shell;terminal;tmux
75286333,1,2023-01-30 15:12:07,0,96,2,,False,,flutter;dart;dart-isolates
75286335,1,2023-01-30 15:12:24,1,106,1,75286676.0,True,,mysql;case
75286336,1,2023-01-30 15:12:36,0,70,1,,False,,reactjs;react-native;next.js
75286337,1,2023-01-30 15:12:56,0,131,1,,False,,e-commerce;analytics;data-conversion;google-analytics-4
75286340,1,2023-01-30 15:13:09,1,108,1,75286502.0,True,,r
75286342,1,2023-01-30 15:13:18,3,9201,1,,True,,java;maven;vs-code;sonarlint
75286343,1,2023-01-30 15:13:19,1,2051,1,,False,,javascript;html;css;reactjs;media-queries
75286346,1,2023-01-30 15:13:25,1,345,1,,False,,ios;swift;augmented-reality;roomplan
75286353,1,2023-01-30 15:13:43,0,370,1,75287131.0,True,,javascript;reactjs;firebase;react-hooks;react-context
75286354,1,2023-01-30 15:13:51,-1,82,1,,True,,javascript;three.js
75286357,1,2023-01-30 15:14:01,-1,111,2,,True,,sql;oracle-database;performance
75286359,1,2023-01-30 15:14:06,1,126,6,75286402.0,True,,shell;awk;sed;tcl
75286365,1,2023-01-30 15:14:27,0,481,3,75286715.0,True,,angular;typescript;algorithm;angular15
75286368,1,2023-01-30 15:14:51,0,153,0,,False,,realm;realm-mobile-platform
75286372,1,2023-01-30 15:15:18,0,1837,2,75289290.0,True,,c#;.net;entity-framework;entity-framework-core
75286376,1,2023-01-30 15:15:34,-1,230,1,,False,,python
75286378,1,2023-01-30 15:15:57,0,556,1,75286493.0,True,,bash;shell;scripting;command-substitution
75286380,1,2023-01-30 15:16:12,2,764,1,76790643.0,True,,ios;swift;xcode;cocoapods;aws-amplify
75286382,1,2023-01-30 15:16:17,0,245,1,75286501.0,True,,javascript;node.js;express;fetch
75286385,1,2023-01-30 15:16:31,0,264,2,75286475.0,True,,python;dataframe;timestamp
75286389,1,2023-01-30 15:16:35,2,357,0,,False,,powershell;notifications;toast;windows-11
75286392,1,2023-01-30 15:16:45,3,5697,1,,False,,oauth-2.0;oauth;prisma;next-auth
75286398,1,2023-01-30 15:17:18,0,9062,1,75317540.0,True,,docker;macos;docker-compose
75286400,1,2023-01-30 15:17:23,0,2653,3,75286401.0,True,,php;symfony;sylius
75286403,1,2023-01-30 15:17:33,1,384,0,,False,,python;matplotlib;matplotlib-basemap
75286406,1,2023-01-30 15:17:42,1,1911,1,,True,,r;r-markdown;quarto
75286408,1,2023-01-30 15:18:14,6,1052,1,,True,,c++;c++20;c++-modules
75286409,1,2023-01-30 15:18:18,1,1255,1,,True,,server;nuxt.js;nuxt3.js;nitro
75286410,1,2023-01-30 15:18:18,0,516,2,,True,,windows;batch-file
75286415,1,2023-01-30 15:18:48,-1,424,1,,False,,python;flask
75286419,1,2023-01-30 15:19:10,1,679,1,75291346.0,True,,r;word-cloud
75286422,1,2023-01-30 15:19:22,1,153,0,,False,,sql;mongodb;go;frameworks;aggregate
75286425,1,2023-01-30 15:19:34,1,53,1,75286957.0,True,,python;pandas;outliers
75286426,1,2023-01-30 15:19:37,2,2043,3,75287681.0,True,,python;data-analysis;pca;centering
75286427,1,2023-01-30 15:19:47,-1,64,1,75287336.0,True,,python;selenium;types;factory
75286428,1,2023-01-30 15:19:49,0,113,0,,False,2023-05-20 18:40:28,reactjs;npm;next.js;vercel;sanity
75286430,1,2023-01-30 15:20:05,1,80,1,75286479.0,True,,java;apache-kafka;apache-kafka-streams
75286436,1,2023-01-30 15:20:45,3,5459,1,75287878.0,True,,javascript;vue.js
75286437,1,2023-01-30 15:20:46,0,41,1,,False,,javascript;css;angularjs
75286438,1,2023-01-30 15:20:47,0,69,1,,False,,javascript
75286448,1,2023-01-30 15:21:37,1,479,1,75292881.0,True,,python;fastapi
75286451,1,2023-01-30 15:21:48,0,154,0,,False,,java;spring-boot;junit;mockito;sonarqube
75286453,1,2023-01-30 15:21:56,0,30,0,,False,,r
75286454,1,2023-01-30 15:22:01,1,62,0,,False,,angular;typescript
75286462,1,2023-01-30 15:22:38,0,416,1,,False,,jquery;ajax;laravel;search;pagination
75286465,1,2023-01-30 15:22:43,2,1314,0,,False,,kotlin;jpa;gradle
75286470,1,2023-01-30 15:23:05,0,1429,1,75302660.0,True,,python;opencv;templates;design-patterns
75286472,1,2023-01-30 15:23:09,0,219,1,,False,,python;tensorflow;keras;data-augmentation
75286474,1,2023-01-30 15:23:14,1,431,0,,False,,windows;maui;msix
75286484,1,2023-01-30 15:24:06,1,376,1,,True,,vb.net
75286485,1,2023-01-30 15:24:07,1,4839,1,,True,,json;curl;github-actions
75286488,1,2023-01-30 15:24:51,0,92,1,75286535.0,True,,html;css
75286491,1,2023-01-30 15:25:02,1,704,1,75289071.0,True,,android;react-native;build;appcenter
75286504,1,2023-01-30 15:25:45,1,393,1,75288627.0,True,,vs-code
75286505,1,2023-01-30 15:26:07,0,171,2,75315515.0,True,,maven;artifactory;artifact
75286512,1,2023-01-30 15:26:48,0,64,1,,False,,android;arrays;kotlin
75286513,1,2023-01-30 15:26:53,0,256,1,,True,,r;ggplot2
75286514,1,2023-01-30 15:26:54,2,711,1,75511828.0,True,,spring;spring-boot
75286522,1,2023-01-30 15:27:26,1,137,0,,False,,xml;web-services;soap;xsd;wsdl
75286524,1,2023-01-30 15:27:30,1,984,1,,False,,amazon-web-services;amazon-ec2;aws-lambda;amazon-vpc;aws-application-load-balancer
75286525,1,2023-01-30 15:27:34,2,250,1,,False,,fonts;hebrew;webos;lg
75286526,1,2023-01-30 15:27:36,0,1010,2,,True,,python;python-3.x;function;flask;flask-sqlalchemy
75286527,1,2023-01-30 15:27:38,0,68,1,75289607.0,True,,git;unity-game-engine;github
75286529,1,2023-01-30 15:27:59,0,85,1,75286851.0,True,,python;python-3.x;pandas;dataframe;csv
75286538,1,2023-01-30 15:28:26,1,516,2,,True,,ios;swiftui;swiftui-scrollview
75286541,1,2023-01-30 15:28:28,0,131,0,,False,,machine-learning;pytorch;tensor;feature-selection
75286543,1,2023-01-30 15:28:30,0,99,1,,False,,c++
75286545,1,2023-01-30 15:28:53,1,131,0,,False,,python;windows;sqlite;anaconda
75286548,1,2023-01-30 15:28:57,0,55,1,75289111.0,True,,python;class;attributes;iteration
75286549,1,2023-01-30 15:29:01,0,1418,1,75287278.0,True,,python;python-3.x;apache-spark;pyspark
75286550,1,2023-01-30 15:29:01,1,661,1,75302272.0,True,,go;elasticsearch
75409332,1,2023-02-10 09:47:57,0,181,1,75410040.0,True,,google-sheets;duplicates;google-sheets-formula;multiple-columns
75409334,1,2023-02-10 09:48:00,0,268,1,75415075.0,True,,three.js;react-three-fiber;react-three-drei
75409336,1,2023-02-10 09:48:14,0,181,0,,False,,kubernetes;google-cloud-platform;airflow;google-kubernetes-engine;google-cloud-composer
75409339,1,2023-02-10 09:48:27,-1,206,1,,False,,spring-boot;spring-security
75409340,1,2023-02-10 09:48:32,0,70,1,,True,,android;json;kotlin;parsing;gson
75409341,1,2023-02-10 09:48:37,1,7740,1,,True,,spring-boot;junit;activemq-artemis
75409343,1,2023-02-10 09:48:53,0,342,1,75434305.0,True,,unity-game-engine;opengl;textures
75409345,1,2023-02-10 09:49:08,0,40,0,,False,,excel;vba
75409347,1,2023-02-10 09:49:21,-3,118,2,,True,2023-02-10 10:22:53,javascript;arrays;javascript-objects
75409350,1,2023-02-10 09:49:42,1,56,1,,True,,c#;winforms;authentication;http-redirect
75409352,1,2023-02-10 09:49:46,1,270,2,75409456.0,True,,python;pandas;dataframe
75409355,1,2023-02-10 09:50:04,1,59,0,,False,,java;postgresql;jpa;substring
75409356,1,2023-02-10 09:50:10,1,1537,1,75409505.0,True,,c++;opengl;graphics;opengl-es;gpu
75409364,1,2023-02-10 09:50:37,0,42,1,,False,,jmeter
75409365,1,2023-02-10 09:50:48,1,255,1,,True,,react-typescript
75409366,1,2023-02-10 09:50:51,0,469,1,75419844.0,True,,gpu;shader;vulkan
75409372,1,2023-02-10 09:51:05,0,122,1,75409672.0,True,,regex
75409374,1,2023-02-10 09:51:11,4,3913,2,75411814.0,True,,flutter
75409377,1,2023-02-10 09:51:27,0,44,0,,False,,php;laravel;postgresql;php-pgsql
75409378,1,2023-02-10 09:51:28,0,125,1,75409926.0,True,,javascript;css;reactjs;next.js;css-grid
75409382,1,2023-02-10 09:51:35,0,141,1,75421641.0,True,,attributes;airflow;markdown
75409384,1,2023-02-10 09:51:45,-1,178,1,,False,,c++;arrays;dynamic-arrays
75409388,1,2023-02-10 09:52:13,0,343,0,,False,,azure;vs-code;azure-devops;yaml;vscode-extensions
75409391,1,2023-02-10 09:52:30,1,7775,2,,True,,java;graphql;quarkus
75409395,1,2023-02-10 09:53:17,-1,108,1,,False,,open-gauss
75409403,1,2023-02-10 09:53:30,0,1331,0,,False,,android;flutter;google-play
75409404,1,2023-02-10 09:53:34,0,1438,1,,True,,reverse-engineering;python-3.8;ida
75409405,1,2023-02-10 09:53:36,0,1569,1,75493050.0,True,,docker;azure-web-app-service;azure-container-registry
75409406,1,2023-02-10 09:53:37,0,69,1,75409802.0,True,,vuejs2;vuetify.js
75409409,1,2023-02-10 09:53:48,0,51,2,,True,,angular;typescript;multidimensional-array;rxjs;jsonresponse
75409414,1,2023-02-10 09:54:07,0,537,1,75440745.0,True,,java;audio;fft;sampling;frequency-analysis
75409416,1,2023-02-10 09:54:13,3,372,0,,False,,firebase;google-cloud-functions;firebase-tools
75409430,1,2023-02-10 09:54:58,0,34,0,,False,,nestjs
75409432,1,2023-02-10 09:55:13,0,1217,1,,True,,sql;oracle-database
75409433,1,2023-02-10 09:55:16,0,65,1,75409609.0,True,,python;class;variables;rename
75409434,1,2023-02-10 09:55:19,0,86,0,,False,,javascript;html;css;wordpress
75409436,1,2023-02-10 09:55:49,1,140,0,,False,,macos;shell;terminal;fish
75409437,1,2023-02-10 09:56:02,2,101,2,75409856.0,True,,mongodb;group-by;aggregation-framework;gis;geonear
75409438,1,2023-02-10 09:56:03,1,191,1,75443481.0,True,,amazon-web-services;lambda;aws-iot
75409440,1,2023-02-10 09:56:18,0,530,1,,False,,mouse;logitech-gaming-software
75409442,1,2023-02-10 09:56:29,0,357,1,75410103.0,True,,azure;kubernetes;envoyproxy
75409457,1,2023-02-10 09:57:40,0,1029,1,,False,,dynamics-crm;dynamics-crm-2011;microsoft-dynamics;dynamics-crm-2013;dynamics-crm-online
75409459,1,2023-02-10 09:57:48,2,65,1,75412655.0,True,,javascript;firebase;firebase-realtime-database;google-cloud-functions;firebase-security
75409462,1,2023-02-10 09:57:51,1,458,1,,False,,python;pycharm
75409463,1,2023-02-10 09:57:51,0,37,0,,False,,python;google-chrome;http;url;http-redirect
75409468,1,2023-02-10 09:58:04,-1,219,1,,False,2023-02-10 10:10:50,regex
75409475,1,2023-02-10 09:58:38,2,1003,1,75411341.0,True,,shopware6
75409476,1,2023-02-10 09:58:47,0,65,2,75409582.0,True,,r;dataframe;sorting;na
75409477,1,2023-02-10 09:58:49,0,42,0,,False,2023-02-10 11:43:54,python;selenium
75409483,1,2023-02-10 09:59:03,2,1361,2,75409912.0,True,,python;python-decorators
75409491,1,2023-02-10 09:59:47,1,244,1,,False,,azure;azure-devops;azure-blob-storage;credentials
75409492,1,2023-02-10 09:59:52,0,75,2,75409555.0,True,,python
75409493,1,2023-02-10 09:59:52,-1,248,1,75412831.0,True,,embedded;microcontroller;gpio;texas-instruments
75409495,1,2023-02-10 10:00:02,1,345,1,,True,,webrtc
75409509,1,2023-02-10 10:01:09,0,182,1,75446045.0,True,,ms-access;delphi;c++builder;adodb;tadotable
75409516,1,2023-02-10 10:01:45,3,2712,1,75530704.0,True,,docusaurus
75409518,1,2023-02-10 10:01:50,2,823,1,75411305.0,True,,python;tkinter;tk-toolkit;ttk
75409520,1,2023-02-10 10:01:58,0,440,0,,False,,python;pip;conda;python-poetry;mini-forge
75409522,1,2023-02-10 10:02:04,2,108,0,,False,,vs-code;jupyter-notebook;ipywidgets
75409524,1,2023-02-10 10:02:18,1,1712,1,75462353.0,True,,jsonpath
75409525,1,2023-02-10 10:02:19,0,103,1,75412416.0,True,,django;django-templates;digital-ocean
75409526,1,2023-02-10 10:02:25,0,45,1,,False,,corda
75409534,1,2023-02-10 10:03:02,0,188,0,,False,,optimization;pyomo;mixed-integer-programming
75409539,1,2023-02-10 10:03:34,3,321,4,75417411.0,True,,arrays;algorithm
75409540,1,2023-02-10 10:03:40,0,77,0,,False,,node.js
75409544,1,2023-02-10 10:04:00,1,920,1,,True,,spring;rabbitmq;spring-amqp
75409545,1,2023-02-10 10:04:02,2,156,1,75422987.0,True,,java;go;mocking;microservices;bdd
75409546,1,2023-02-10 10:04:10,0,64,0,,False,,github;github-actions;github-pages
75409556,1,2023-02-10 10:04:55,2,353,1,,True,,php;composer-php;updates;contao
75409557,1,2023-02-10 10:04:57,1,96,1,,False,,google-apps-script;google-sheets;spreadsheet
75409560,1,2023-02-10 10:05:31,1,1778,1,75409594.0,True,,sql;postgresql;performance
75409562,1,2023-02-10 10:05:41,1,313,0,,False,,shopify;shopify-api
75409565,1,2023-02-10 10:06:02,1,112,1,,False,,xml;vb.net
75409566,1,2023-02-10 10:06:10,0,960,1,,False,,azure-logic-apps;azure-powershell
75409575,1,2023-02-10 10:06:59,1,189,0,,False,,unity-game-engine;serialization;struct
75409577,1,2023-02-10 10:07:05,0,207,1,75412071.0,True,,rocq-prover;ltac
75409578,1,2023-02-10 10:07:35,0,31,0,,False,,jquery;recursion;queue;each
75409584,1,2023-02-10 10:07:40,0,53,0,,False,,r;dataframe;date;filter
75409593,1,2023-02-10 10:08:37,0,2502,3,,False,,java;spring;spring-boot;spring-data-jpa;spring-boot-test
75409597,1,2023-02-10 10:08:49,1,1329,1,,False,,swiftui;swiftui-sharelink;core-transferable
75409606,1,2023-02-10 10:09:24,0,192,2,75409627.0,True,,python;pandas
75409608,1,2023-02-10 10:09:30,0,58,1,75409685.0,True,,unix;curl;cmd;jq
75409611,1,2023-02-10 10:10:06,0,78,0,,False,,php;hex
75409613,1,2023-02-10 10:10:18,1,398,1,,True,,angular;typescript;angular-reactive-forms;angular-forms
75409615,1,2023-02-10 10:10:22,0,133,3,,True,,flutter;list;dart;flutter-dependencies
75409618,1,2023-02-10 10:10:33,0,563,1,75436326.0,True,,nuxt.js;web-crawler;seo;facebook-opengraph
75409619,1,2023-02-10 10:10:41,1,754,0,,False,,javascript;reactjs;next.js;environment-variables;runtime
75409620,1,2023-02-10 10:10:51,0,43,0,,False,,asp.net;.net;asp.net-mvc;asp.net-web-api;action-filter
75409621,1,2023-02-10 10:10:53,0,885,2,,False,,react-native;ionic-framework
75409624,1,2023-02-10 10:11:10,1,738,1,,True,,php;wordpress;composer-php
75409625,1,2023-02-10 10:11:14,1,1155,1,75414787.0,True,,python;plotly-dash;plotly
75409629,1,2023-02-10 10:11:24,0,88,1,,False,,python;discord;pycord
75409630,1,2023-02-10 10:11:24,0,446,1,75410528.0,True,,ios;swift;pencilkit;pktoolpicker
75409633,1,2023-02-10 10:11:47,0,86,3,75410783.0,True,,html;css;responsive
75409634,1,2023-02-10 10:11:49,-1,94,1,,False,,javascript
75409641,1,2023-02-10 10:12:21,0,125,1,75429971.0,True,,extjs;sencha-architect
75409644,1,2023-02-10 10:12:31,0,2040,2,,True,,python;apache-spark;pyspark;apache-spark-sql
75409645,1,2023-02-10 10:12:36,-1,93,2,75409698.0,True,,python;numpy;matrix
75409646,1,2023-02-10 10:12:40,0,305,2,75414323.0,True,,azure;azure-cosmosdb;azure-databricks;spark-cassandra-connector;azure-cosmosdb-cassandra-api
75409649,1,2023-02-10 10:12:47,0,43,0,,False,,html;css;center;sticky
75631781,1,2023-03-03 20:53:29,1,582,1,,False,,ruby-on-rails;sidekiq;ruby-on-rails-6.1
75631782,1,2023-03-03 20:53:29,0,61,1,75631843.0,True,,javascript;daterangepicker
75631784,1,2023-03-03 20:54:03,-1,38,1,75631815.0,True,,python
75631787,1,2023-03-03 20:54:56,0,340,1,75633007.0,True,,amazon-web-services;aws-certificate-manager
75631792,1,2023-03-03 20:55:21,0,43,0,,False,,css;reactjs;vs-code
75631798,1,2023-03-03 20:56:29,0,1294,1,,False,,google-bigquery;materialized-views
75631799,1,2023-03-03 20:56:33,0,199,0,,False,,python;keras;deep-learning;neural-network
75631800,1,2023-03-03 20:56:36,0,365,1,,True,,unity-game-engine;oculusquest
75631805,1,2023-03-03 20:57:10,0,1218,1,,False,,node.js;vs-code
75631807,1,2023-03-03 20:57:19,0,281,0,,False,,csv;shuffle
75631812,1,2023-03-03 20:58:19,-1,756,1,,True,,postgresql
75631826,1,2023-03-03 20:59:51,0,263,1,,False,,nginx
75631827,1,2023-03-03 21:00:11,0,693,1,75632171.0,True,,javascript;html;datatables
75631832,1,2023-03-03 21:00:45,1,157,0,,False,,spring-boot;kotlin;spring-restcontroller
75631837,1,2023-03-03 21:01:11,0,246,2,,False,,javascript;stripe-payments;angular14
75631839,1,2023-03-03 21:01:22,1,177,0,,False,,vb.net;active-directory
75631846,1,2023-03-03 21:02:55,0,572,1,,False,,makefile;gnu-make
75631847,1,2023-03-03 21:03:05,1,267,1,75632219.0,True,,java;maven;java-native-interface;maven-central
75631848,1,2023-03-03 21:03:07,0,397,0,,False,,bluetooth;bluetooth-lowenergy;embedded-linux
75631849,1,2023-03-03 21:03:10,1,514,0,,False,,security;dependencies;gis;gdal;libtiff
75631852,1,2023-03-03 21:03:56,0,238,1,,False,,vb.net;tabcontrol
75631853,1,2023-03-03 21:04:10,1,87,1,75631915.0,True,,python;html;selenium-webdriver;shopify;webdriverwait
75631857,1,2023-03-03 21:04:31,0,242,1,,True,,r
75631860,1,2023-03-03 21:04:49,0,179,0,,False,,flutter
75631863,1,2023-03-03 21:05:03,0,262,2,,False,,sql;reporting;tableau-prep
75631865,1,2023-03-03 21:05:15,0,377,1,,False,,angular
75631869,1,2023-03-03 21:05:27,1,68,1,,True,,reactjs;react-hooks
75631873,1,2023-03-03 21:06:46,0,181,1,,False,,bash;if-statement;grep;skopeo
75631876,1,2023-03-03 21:06:49,0,112,2,75631913.0,True,,sql;sql-server;filter
75631880,1,2023-03-03 21:07:59,0,97,1,,False,,javascript;node.js;reactjs
75631887,1,2023-03-03 21:09:25,0,132,1,75631960.0,True,,javascript;internet-explorer
75631890,1,2023-03-03 21:10:02,0,35,0,,False,,python;conda;virtualenv;python-venv;python-packaging
75631894,1,2023-03-03 21:10:17,1,1802,0,,False,,delphi;installation
75631895,1,2023-03-03 21:10:17,0,84,0,,False,,powershell
75631896,1,2023-03-03 21:10:20,0,149,1,75631918.0,True,,typescript
75631900,1,2023-03-03 21:10:52,1,543,1,,False,,c#;azure;azure-functions;openapi
75631903,1,2023-03-03 21:11:12,-2,358,1,,False,,macos;github-actions;arm64;godot;conan
75631910,1,2023-03-03 21:12:09,0,1392,1,,False,,postgresql;go;go-gorm;go-gin;pgbouncer
75631926,1,2023-03-03 21:13:59,1,1108,1,,True,,android;kotlin;android-version
75631927,1,2023-03-03 21:14:05,0,98,1,,False,,c#;unity-game-engine;game-development
75631930,1,2023-03-03 21:14:26,-1,523,1,,False,,telegram-bot
75631933,1,2023-03-03 21:14:36,0,166,0,,False,,python;wxpython
75631934,1,2023-03-03 21:14:37,-1,72,1,75631977.0,True,,arrays;swift;dictionary;higher-order-functions
75631937,1,2023-03-03 21:15:10,1,352,2,,False,,python;json;python-3.x;parsing;formatting
75631941,1,2023-03-03 21:16:03,1,482,0,,False,,iframe;youtube;embed
75631944,1,2023-03-03 21:16:29,-1,85,1,,True,2023-03-03 21:20:05,javascript;arrays;charts;chart.js;dataset
75631946,1,2023-03-03 21:16:45,0,251,3,76498038.0,True,,c#;refactoring;nullable;decomposition
75631947,1,2023-03-03 21:16:52,2,400,1,75631989.0,True,,github;ssh
75631948,1,2023-03-03 21:16:57,1,220,1,,True,,ios;iphone;xcode;pwabuilder
75631949,1,2023-03-03 21:17:13,1,768,1,75632041.0,True,,javascript;google-analytics;google-tag-manager;google-analytics-4
75631952,1,2023-03-03 21:17:31,0,873,2,75632560.0,True,,database;flutter;dart;localhost;asp.net-core-webapi
75631968,1,2023-03-03 21:19:36,0,698,1,75633424.0,True,,sql;google-bigquery;procedural
75631969,1,2023-03-03 21:19:44,0,1722,1,75632148.0,True,,blazor
75631974,1,2023-03-03 21:20:20,-1,202,1,,False,,c#;unity-game-engine
75631976,1,2023-03-03 21:20:43,-1,38,1,,False,,html;removing-whitespace
75631983,1,2023-03-03 21:21:31,0,55,1,75639702.0,True,,html;css;bootstrap-5
75631985,1,2023-03-03 21:21:41,0,232,1,,True,,reactjs;asp.net-mvc;asp.net-core
75631986,1,2023-03-03 21:21:42,0,506,1,,False,,python;azure;function;encoding;base64
75631992,1,2023-03-03 21:22:32,1,104,1,,True,,javascript;reactjs;react-hooks
75631997,1,2023-03-03 21:23:44,0,179,0,,False,,r;statistics;bootstrapper;statistics-bootstrap;sample-data
75631999,1,2023-03-03 21:24:02,-1,400,2,75636223.0,True,,swift;swiftui;realm;kotlin-multiplatform
75632000,1,2023-03-03 21:24:13,0,46,1,75632235.0,True,,mongodb;mongoose
75632001,1,2023-03-03 21:24:24,1,768,3,75632510.0,True,,swift
75632002,1,2023-03-03 21:24:25,0,263,3,75632215.0,True,,r;hex;binaryfiles
75632004,1,2023-03-03 21:24:45,0,61,0,,False,,c#;.net;.htaccess;httpwebrequest;basic-authentication
75632005,1,2023-03-03 21:24:50,0,55,0,,False,,entity-framework-6;ef-code-first;entity-framework-migrations
75632008,1,2023-03-03 21:25:45,3,101,1,,True,,javascript;vue.js;vue-component
75632011,1,2023-03-03 21:26:06,0,41,1,75632055.0,True,,regex;react-hooks
75632012,1,2023-03-03 21:26:08,-1,64,1,,False,,python;tkinter;optionmenu
75632024,1,2023-03-03 21:28:08,0,73,1,75642360.0,True,,javascript;python;django;django-templates
75632025,1,2023-03-03 21:28:14,1,1218,1,,False,,oauth-2.0;azure-active-directory
75632027,1,2023-03-03 21:28:46,1,137,0,,False,,node.js;heroku;latency
75632028,1,2023-03-03 21:28:47,0,128,1,,True,,unity-game-engine
75632032,1,2023-03-03 21:29:27,0,172,1,75632094.0,True,,python;plotly;stacked-bar-chart
75632046,1,2023-03-03 21:30:57,0,41,0,,False,,php;terminal;command-line
75632047,1,2023-03-03 21:30:59,0,19,1,75632212.0,True,,oracle-database
75632048,1,2023-03-03 21:31:02,5,3066,3,75632782.0,True,,ios;swift;nskeyedunarchiver
75632049,1,2023-03-03 21:31:08,0,1340,1,75632586.0,True,,c#;blazor;blazor-server-side
75632056,1,2023-03-03 21:32:12,0,40,0,,False,,assembly;mips;mars-simulator
75632057,1,2023-03-03 21:32:27,2,89,2,75632116.0,True,,python;pandas;dataframe;numpy
75632060,1,2023-03-03 21:33:08,0,297,0,,False,,python;ubuntu;jupyter-notebook;terminal;ipython
75632066,1,2023-03-03 21:33:31,1,1238,3,75649061.0,True,,database;amazon-web-services;snapshot;database-backups;point-in-time-recovery
75632068,1,2023-03-03 21:33:43,1,71,1,,True,,java;web-services;wsdl;ibm-rad;junit-jupiter
75632071,1,2023-03-03 21:34:01,-1,8943,2,,True,,python;selenium-webdriver;selenium-chromedriver;browser-automation
75632074,1,2023-03-03 21:34:06,1,324,1,75644249.0,True,,r;ggplot2;shiny
75632079,1,2023-03-03 21:34:45,0,989,2,,False,,java;spring-mvc;httpclient;inputstream;closeablehttpresponse
75632080,1,2023-03-03 21:34:50,0,164,1,75635010.0,True,,excel;vba;microsoft-edge
75632082,1,2023-03-03 21:35:03,1,750,1,,True,,docker;ssh;docker-compose
75632085,1,2023-03-03 21:35:36,0,139,1,,False,,vs-code;vscode-extensions
75632099,1,2023-03-03 21:37:34,0,137,1,,False,2023-03-03 21:42:41,python;arrays;numpy;copy;python-xarray
75632100,1,2023-03-03 21:37:37,0,60,1,75632165.0,True,,c++;multithreading
75632101,1,2023-03-03 21:37:52,0,62,1,75632140.0,True,,html;css
75632109,1,2023-03-03 21:39:08,2,202,0,,False,,c;gcc;gnu;ld
75632110,1,2023-03-03 21:39:22,-1,216,1,,True,,swift;swiftui;combine
75632114,1,2023-03-03 21:39:42,0,626,1,,False,,python;pandas;dataframe;for-loop;matplotlib
75632115,1,2023-03-03 21:40:03,1,573,0,,False,,razor;blazor;radzen
75632119,1,2023-03-03 21:40:59,-1,826,1,,True,,popup;logic;survey;redcap
75632120,1,2023-03-03 21:41:12,0,121,1,,True,,loops;stata
75632121,1,2023-03-03 21:42:01,0,610,0,,False,,java;kotlin;google-drive-api;android-jetpack-compose
75632123,1,2023-03-03 21:42:47,-1,326,1,75632422.0,True,,multithreading;flask
75923914,1,2023-04-03 21:29:09,-1,43,0,,False,2023-04-03 21:32:44,c;compiler-errors
75923919,1,2023-04-03 21:29:40,0,230,1,,False,,html5-canvas;transform;radial-gradients
75923921,1,2023-04-03 21:30:17,0,539,1,,False,,sass;bootstrap-5
75923925,1,2023-04-03 21:31:05,0,125,2,75934497.0,True,,python;python-3.x;tkinter
75923928,1,2023-04-03 21:31:42,0,52,2,75923967.0,True,,python;pandas
75923930,1,2023-04-03 21:32:08,0,1576,1,,False,,rabbitmq
75923931,1,2023-04-03 21:32:17,0,75,1,,False,,c++;file
75923932,1,2023-04-03 21:32:19,0,972,1,,False,,typescript;path
75923934,1,2023-04-03 21:32:35,1,78,0,,False,,java;hibernate;hibernate-mapping
75923936,1,2023-04-03 21:33:28,1,2803,2,75945124.0,True,,javascript;reactjs;material-ui;datepicker;react-hook-form
75923939,1,2023-04-03 21:33:45,0,113,1,,True,,reactjs;typescript;react-redux;state
75923940,1,2023-04-03 21:34:00,2,1837,1,75927132.0,True,,google-cloud-platform;google-cloud-tasks
75923944,1,2023-04-03 21:34:22,0,320,2,,False,,c#;asp.net-core-mvc;model-binding;redirecttoaction;asp.net-core-7.0
75923947,1,2023-04-03 21:34:27,1,86,0,,False,,scala;scala-cats;http4s
75923949,1,2023-04-03 21:34:41,1,100,1,75924061.0,True,,javascript;css;dom;button;display
75923957,1,2023-04-03 21:37:12,2,3195,1,,False,,java;mockito;junit5;powermock
75923959,1,2023-04-03 21:37:37,0,55,1,,False,,angular
75923962,1,2023-04-03 21:38:48,1,847,1,75936206.0,True,,reactjs;react-router;redux-toolkit
75923964,1,2023-04-03 21:39:26,0,81,3,75924317.0,True,,python
75923965,1,2023-04-03 21:39:33,-2,99,1,,False,,javascript;arrays;string;split
75923968,1,2023-04-03 21:39:43,2,87,1,75924291.0,True,,python;pandas;database
75923969,1,2023-04-03 21:39:47,0,418,1,75926950.0,True,,reactjs;material-ui;datagrid;mui-x-data-grid
75923972,1,2023-04-03 21:40:43,0,1383,1,75924491.0,True,,flutter;geolocation;flutter-dependencies;geolocator
75923975,1,2023-04-03 21:40:51,0,83,0,,False,,c++;opengl;glsl
75923978,1,2023-04-03 21:41:44,-1,102,1,,False,,javascript;vue.js;vuejs2
75923979,1,2023-04-03 21:41:56,1,972,1,,True,,next.js;facebook-opengraph;html-meta;next.js13
75923986,1,2023-04-03 21:42:46,1,2235,1,,False,,css;reactjs;css-transitions;dnd-kit
75923993,1,2023-04-03 21:43:50,-1,39,1,,False,,string;list
75923995,1,2023-04-03 21:44:34,1,92,1,75925272.0,True,,angular;typescript;frontend
75924004,1,2023-04-03 21:46:33,0,298,1,,False,,reactjs;azure;docker
75924005,1,2023-04-03 21:46:54,1,65,1,75939292.0,True,,r;cluster-analysis;pca
75924011,1,2023-04-03 21:48:32,0,816,1,75924088.0,True,,java;spring;spring-boot
75924012,1,2023-04-03 21:48:40,1,129,0,,False,,go;swagger;swagger-2.0
75924020,1,2023-04-03 21:50:18,0,78,1,75924031.0,True,,python;dataframe;numpy
75924024,1,2023-04-03 21:51:32,1,425,0,,False,,c;perl;zeromq
75924025,1,2023-04-03 21:51:35,-3,169,1,,True,2023-04-03 22:26:08,c++;variables;scope
75924030,1,2023-04-03 21:52:43,5,7316,3,,True,,java;spring-boot
75924032,1,2023-04-03 21:53:27,0,14,0,,False,2023-04-03 21:55:24,python;pandas;dataframe
75924038,1,2023-04-03 21:54:54,1,1009,1,,False,,javascript;html;shopify;liquid
75924039,1,2023-04-03 21:55:08,0,496,1,,False,,r;statistics;linear-regression;glm;multicollinearity
75924040,1,2023-04-03 21:55:09,0,1365,2,,False,,jenkins;groovy;jenkins-pipeline;pipeline;jenkins-groovy
75924044,1,2023-04-03 21:56:32,0,1492,1,75932648.0,True,,spring;spring-mvc;media-player;basic-authentication;http-live-streaming
75924047,1,2023-04-03 21:57:02,-1,1060,1,75935007.0,True,,javascript;html;indexeddb
75924049,1,2023-04-03 21:57:10,-1,53,1,,True,,api-design
75924052,1,2023-04-03 21:57:51,0,195,1,76118569.0,True,,google-chrome;reporting-services
75924054,1,2023-04-03 21:58:33,1,124,1,76175779.0,True,,ios;firebase;google-cloud-firestore;firebase-authentication
75924055,1,2023-04-03 21:58:40,2,573,5,75924191.0,True,,linux;bash;shell;awk
75924056,1,2023-04-03 21:58:45,0,609,1,75970557.0,True,,c#;windows;registry;administrator;taskmanager
75924057,1,2023-04-03 21:58:45,2,718,1,75928346.0,True,,laravel;amazon-web-services;amazon-elastic-beanstalk
75924058,1,2023-04-03 21:58:48,1,1496,2,75924415.0,True,,razor;bootstrap-4
75924060,1,2023-04-03 21:59:02,0,202,0,,False,,database;typeorm;node.js-typeorm
75924068,1,2023-04-03 22:00:31,-1,37,0,,False,2023-04-03 22:03:44,java;temperature
75924074,1,2023-04-03 22:01:22,0,380,0,,False,,sqlite;c++11
75924080,1,2023-04-03 22:03:13,2,1951,2,75924115.0,True,,google-sheets;google-sheets-formula
75924086,1,2023-04-03 22:05:19,0,1190,1,,False,,powershell;azure-devops;azure-powershell;azure-devops-rest-api
75924089,1,2023-04-03 22:06:08,1,521,0,,False,,pyqt;widget;resize;pyqt6
75924093,1,2023-04-03 22:07:07,0,81,1,,False,,pine-script;pine-script-v5
75924095,1,2023-04-03 22:07:24,12,11398,4,75924143.0,True,,c#;entity-framework-core
75924098,1,2023-04-03 22:08:08,0,56,0,,False,,android;google-drive-api
75924099,1,2023-04-03 22:08:23,2,1068,0,,False,,react-native;image;react-native-image
75924111,1,2023-04-03 22:10:54,0,69,1,75924173.0,True,,angular;typescript;observable
75924112,1,2023-04-03 22:11:10,4,1257,2,75924243.0,True,,r;brms
75924116,1,2023-04-03 22:11:51,2,1086,1,,True,,python;odoo-16
75924123,1,2023-04-03 22:12:24,1,48,0,,False,,mysql;sql;debugging
75924124,1,2023-04-03 22:12:28,0,83,1,,False,,ruby-on-rails
75924126,1,2023-04-03 22:12:46,0,32,1,,False,,python;web-scraping;python-requests
75924132,1,2023-04-03 22:15:31,3,3393,1,76011018.0,True,,javascript;reactjs;next.js;next.js13;react-server-components
75924136,1,2023-04-03 22:16:24,0,230,1,75931941.0,True,,telegram;telethon
75924142,1,2023-04-03 22:18:01,2,5064,1,,False,,javascript;reactjs;next.js;polyfills
75924146,1,2023-04-03 22:18:44,0,182,1,,True,2023-04-03 23:49:28,c;recursion;macros;c-preprocessor;preprocessor
75924148,1,2023-04-03 22:19:01,-1,98,3,,True,,sql;sql-server
75924153,1,2023-04-03 22:20:30,2,787,2,75924236.0,True,,python;algorithm;indexing
75924156,1,2023-04-03 22:21:59,0,316,1,76035249.0,True,,c#;roslyn
75924168,1,2023-04-03 22:24:29,-2,128,2,75924195.0,True,,c#;multidimensional-array
75924171,1,2023-04-03 22:25:24,1,606,0,,False,,bash;amazon-web-services;aws-cli
75924172,1,2023-04-03 22:26:11,1,905,0,,False,,git;terminal;command-line;gitlab;merge-request
75924177,1,2023-04-03 22:27:01,0,1289,1,,True,,ios;swift;swiftui
75924179,1,2023-04-03 22:27:15,8,10299,2,,True,,python;openai-api;gpt-3;llama-index
75924184,1,2023-04-03 22:27:59,0,96,0,,False,,web-services;discord;bots;google-cloud-run
75924185,1,2023-04-03 22:28:28,0,1146,1,,False,,github;build;yaml;github-actions;release
75924189,1,2023-04-03 22:28:58,4,8220,1,,True,,javascript;reactjs;typescript;webpack
75924192,1,2023-04-03 22:29:53,0,2271,1,75925168.0,True,,terraform
75924194,1,2023-04-03 22:30:05,1,223,1,75925670.0,True,,reactjs;post;fetch-api;formik;getform
75924196,1,2023-04-03 22:30:16,1,469,0,,False,,flutter;dart
75924200,1,2023-04-03 22:30:51,1,142,1,,False,,security;twilio;sms;auth-token
75924211,1,2023-04-03 22:33:00,0,202,1,,False,,mplfinance
75924214,1,2023-04-03 22:34:48,0,545,2,75927133.0,True,,vba;outlook;sharepoint-online
75924216,1,2023-04-03 22:35:13,2,916,1,75932208.0,True,,sorting;binary;mariadb;collation;character-set
75924226,1,2023-04-03 22:38:05,1,895,1,75929711.0,True,,eslint;typescript-eslint
75924228,1,2023-04-03 22:38:14,1,677,0,,False,,reactjs;next.js;create-react-app;chakra-ui
75924230,1,2023-04-03 22:38:15,1,207,0,,False,,node.js;angular;nestjs;nginx-reverse-proxy
75924234,1,2023-04-03 22:39:04,0,187,0,,False,,mongodb;google-bigquery
75924237,1,2023-04-03 22:40:08,1,38,1,75924359.0,True,,postgresql
75924238,1,2023-04-03 22:40:30,0,471,1,75927468.0,True,,swift;swiftui;combine;swiftui-list;swiftui-tabview
75924246,1,2023-04-03 22:43:10,1,621,1,,False,,git;docker;google-cloud-platform;docker-compose;payload-cms
75924247,1,2023-04-03 22:43:17,1,411,1,75925039.0,True,,scala;class;reflection;subclass
75924248,1,2023-04-03 22:43:22,1,66,1,75924386.0,True,,javascript;css;reactjs
75924256,1,2023-04-03 22:45:28,0,177,1,,False,,memory;heap-memory;dynamic-memory-allocation;deque
75924261,1,2023-04-03 22:46:59,4,9695,2,75928672.0,True,,typescript;ui-automation;playwright;playwright-test
75924263,1,2023-04-03 22:47:11,0,283,1,,True,,html;css;excel;vba
76345394,1,2023-05-27 05:06:43,0,342,1,76346071.0,True,,solidity
76345395,1,2023-05-27 05:06:44,-1,88,1,,False,,python;list;loops;append
76345399,1,2023-05-27 05:08:26,1,75,2,76345732.0,True,,svg
76345400,1,2023-05-27 05:08:31,-2,86,1,76345693.0,True,,sql;sql-server
76345404,1,2023-05-27 05:09:26,-1,117,2,,True,,python;django;django-models
76345415,1,2023-05-27 05:11:03,0,603,3,,False,,javascript;jquery;ajax;wordpress;woocommerce
76345418,1,2023-05-27 05:13:04,2,81,1,76345469.0,True,,python;dictionary;graph;shortest-path
76345419,1,2023-05-27 05:13:12,0,643,2,76345526.0,True,,go;go-gin
76345422,1,2023-05-27 05:14:12,1,44,1,76345718.0,True,,powerbi;dax
76345427,1,2023-05-27 05:15:25,-1,440,1,76351862.0,True,,data-structures;heap;min-heap
76345429,1,2023-05-27 05:17:29,1,1186,1,,True,,vue.js;vuetify.js;antd;ant-design-vue
76345430,1,2023-05-27 05:18:58,2,1470,2,76396530.0,True,,java;log4j2
76345434,1,2023-05-27 05:20:25,4,2882,2,,True,,flutter;flutter-linux
76345436,1,2023-05-27 05:20:32,0,970,0,,False,,kubernetes;azure-aks
76345438,1,2023-05-27 05:22:46,1,622,1,,True,,command-line-interface;tmux;neovim;alacritty
76345442,1,2023-05-27 05:24:13,2,1657,1,,False,,alacritty
76345445,1,2023-05-27 05:25:16,0,73,1,76346185.0,True,,haskell
76345448,1,2023-05-27 05:26:13,0,152,0,,False,,php;sorting;woocommerce
76345453,1,2023-05-27 05:29:21,5,5103,4,,True,,vs-code;next.js;tailwind-css;intellisense;next.js13
76345454,1,2023-05-27 05:29:40,1,43,1,,True,,sql;postgresql
76345456,1,2023-05-27 05:29:54,1,615,0,,False,,swift;avaudiosession;avaudioengine;avkit
76345465,1,2023-05-27 05:33:45,1,710,1,76353207.0,True,,apache-spark;pyspark;jdbc
76345467,1,2023-05-27 05:34:14,3,1114,1,,True,,javascript;pdf;next.js;tauri
76345474,1,2023-05-27 05:36:24,3,9776,3,,True,,javascript;reactjs;next.js;next.js13;react-suspense
76345477,1,2023-05-27 05:37:20,0,157,1,76352810.0,True,,python;clips;clipspy
76345479,1,2023-05-27 05:37:38,0,89,1,76345680.0,True,,python;html;forms;flask;jinja2
76345481,1,2023-05-27 05:38:01,0,95,1,,False,,debugging;swiftui
76345485,1,2023-05-27 05:39:44,1,519,0,,False,,react-native;background-service;agora
76345487,1,2023-05-27 05:39:53,-1,175,1,,True,2023-05-27 08:04:22,c#;asp.net-mvc
76345490,1,2023-05-27 05:41:46,0,281,1,,False,,java;android;android-fragments;android-viewpager
76345492,1,2023-05-27 05:42:02,0,82,0,,False,,java;android;location;android-service
76345498,1,2023-05-27 05:45:29,-1,670,1,,True,,swift;string;pattern-matching
76345504,1,2023-05-27 05:47:12,0,1369,1,,False,,flutter;flutter-datatable
76345506,1,2023-05-27 05:48:55,0,238,0,,False,,javascript;animation;canvas;gsap
76345511,1,2023-05-27 05:50:00,1,108,1,76346057.0,True,,javascript;css;css-animations;card
76345514,1,2023-05-27 05:51:08,1,117,1,76345536.0,True,,java;inheritance
76345515,1,2023-05-27 05:51:12,0,584,1,76356953.0,True,,machine-learning;pytorch;time-series;lstm;early-stopping
76345522,1,2023-05-27 05:53:48,0,547,1,,False,,amazon-web-services;aws-lambda;aws-api-gateway;amazon-iam;serverless-framework
76345523,1,2023-05-27 05:53:51,0,39,0,,False,,qt;opencv;dll
76345524,1,2023-05-27 05:54:08,3,2394,4,,True,,deployment;vercel
76345529,1,2023-05-27 05:57:08,0,115,0,,False,,go;locking;goroutine
76345531,1,2023-05-27 05:57:28,0,82,1,,False,,html;css;reactjs;tailwind-css
76345532,1,2023-05-27 05:57:53,0,166,0,,False,,javafx
76345533,1,2023-05-27 05:57:57,-2,45,1,76345618.0,True,2023-05-27 08:02:38,mysql
76345535,1,2023-05-27 05:58:44,0,739,2,76345567.0,True,,java;intellij-idea
76345539,1,2023-05-27 06:01:10,1,1522,1,,True,,constraints;system-verilog
76345545,1,2023-05-27 06:03:08,0,401,0,,False,,image;opencv
76345546,1,2023-05-27 06:03:14,0,108,1,76345777.0,True,,django;django-rest-framework;django-views;django-rest-viewsets
76345547,1,2023-05-27 06:03:19,-1,71,2,,False,,session;cookies
76345548,1,2023-05-27 06:03:25,0,912,1,,True,2023-06-01 15:47:31,kubernetes
76345549,1,2023-05-27 06:03:33,0,111,1,,False,,javascript;angular;angular-material;mat-datepicker
76345552,1,2023-05-27 06:04:37,0,35,1,76345769.0,True,,asp.net-mvc
76345556,1,2023-05-27 06:06:10,2,1622,1,,True,,next.js;next.js13
76345558,1,2023-05-27 06:06:12,0,131,1,,False,,spring-boot;hibernate
76345559,1,2023-05-27 06:06:14,0,535,1,,False,,powershell;azure-blob-storage
76345560,1,2023-05-27 06:06:22,-3,166,3,76347021.0,True,,c;time;limit
76345568,1,2023-05-27 06:09:56,0,693,3,76345617.0,True,,c#;winforms
76345572,1,2023-05-27 06:11:34,2,371,0,,False,,c#;amazon-web-services;integration
76345575,1,2023-05-27 06:11:56,0,37,1,,False,,django;forms
76345578,1,2023-05-27 06:13:00,9,6025,5,,True,,kotlin;facebook;facebook-login
76345583,1,2023-05-27 06:14:30,0,103,1,,False,,python;python-3.x;regex;string;list
76345586,1,2023-05-27 06:15:25,-2,52,1,76345609.0,True,,javascript
76345593,1,2023-05-27 06:18:24,0,100,0,,False,,django;github-actions
76345599,1,2023-05-27 06:20:48,0,372,1,,False,,android;react-native;react-native-flatlist
76345600,1,2023-05-27 06:20:52,1,137,1,,True,,javascript
76345605,1,2023-05-27 06:22:00,1,97,1,76345673.0,True,,python
76345607,1,2023-05-27 06:23:02,0,102,1,76345723.0,True,,json;jq;export-to-csv
76345619,1,2023-05-27 06:26:15,1,80,1,76345881.0,True,,scrapy;css-selectors
76345624,1,2023-05-27 06:29:25,0,132,1,76358692.0,True,,c#;unity-game-engine
76345631,1,2023-05-27 06:31:05,0,215,0,,False,,docker;terraform;dockerfile;containers;google-cloud-run
76345638,1,2023-05-27 06:33:56,0,2602,3,,True,,next.js
76345642,1,2023-05-27 06:35:15,0,466,1,,False,,java;selenium-webdriver;internet-explorer;microsoft-edge
76345645,1,2023-05-27 06:36:18,0,39,1,76345671.0,True,,python-3.x;pandas;dataframe
76345655,1,2023-05-27 06:39:49,1,292,0,,False,,javascript;html;r;plotly;htmltools
76345656,1,2023-05-27 06:40:03,1,1982,2,76444160.0,True,,google-cloud-run
76345657,1,2023-05-27 06:40:29,0,112,0,,False,,java;servlets;hcl
76345659,1,2023-05-27 06:40:50,0,57,0,,False,,node.js;postgresql;sequelize.js
76345679,1,2023-05-27 06:48:52,1,8,0,,False,,testing;jupyter-notebook;training-data;mode;generative-adversarial-network
76345682,1,2023-05-27 06:49:09,1,346,0,,False,,python;github;machine-learning;google-cloud-platform;google-cloud-vertex-ai
76345690,1,2023-05-27 06:51:31,1,1374,4,76352999.0,True,,typescript;vs-code;mapbox-gl-js;definitelytyped
76345694,1,2023-05-27 06:53:30,1,1060,1,,True,,c#;blazor;blazor-server-side;.net-7.0
76345695,1,2023-05-27 06:53:38,1,139,1,76345852.0,True,,c;algorithm;subset;dynamic-memory-allocation
76345697,1,2023-05-27 06:53:42,3,4838,1,76364342.0,True,,python;python-typing
76345705,1,2023-05-27 06:56:07,0,228,1,,False,,python;django;ionos
76345706,1,2023-05-27 06:56:14,3,372,2,76351932.0,True,,reactjs;d3.js;spline
76345708,1,2023-05-27 06:56:44,3,726,1,76345745.0,True,,python
76345715,1,2023-05-27 06:58:15,0,138,1,76347387.0,True,,rust;rust-cargo
76345716,1,2023-05-27 06:58:35,1,53,1,76352631.0,True,,database;cnosdb
76345725,1,2023-05-27 07:01:12,0,510,1,76345804.0,True,,android;android-jetpack-compose;android-jetpack-compose-lazy-column
76345726,1,2023-05-27 07:01:58,0,75,1,76345841.0,True,,python;database;duplicates
76345727,1,2023-05-27 07:02:21,2,1171,1,,True,,android;react-native;image;react-native-image
76345740,1,2023-05-27 07:07:49,0,180,1,76345885.0,True,,winapi;c++builder
76345751,1,2023-05-27 07:11:04,1,561,1,76346192.0,True,,java;spring-boot;rest
76345752,1,2023-05-27 07:11:16,1,154,2,76345914.0,True,,rust
76345760,1,2023-05-27 07:14:26,0,99,1,,False,,javascript;html;css;reactjs
76345763,1,2023-05-27 07:15:59,0,133,0,,False,,linux;memory;centos7;cpu-architecture;hpc
76345764,1,2023-05-27 07:16:13,0,294,1,76345821.0,True,,python;html;list;flask;jinja2
76345771,1,2023-05-27 07:17:49,0,2693,1,77051957.0,True,,reactjs;react-redux;redux-toolkit;react-suspense
76345772,1,2023-05-27 07:17:49,0,25,0,,False,,asp.net;entity-framework-core
76345780,1,2023-05-27 07:19:25,2,9681,1,,True,,go
76503172,1,2023-06-19 01:41:08,0,108,0,,False,,node.js;typescript;express
76503174,1,2023-06-19 01:41:37,-1,22,1,,False,,php;html
76503176,1,2023-06-19 01:42:22,0,170,1,76607736.0,True,,binary;integer;prolog;swi-prolog
76503177,1,2023-06-19 01:43:02,0,85,0,,False,,python;discord.py
76503184,1,2023-06-19 01:46:48,0,170,1,76503194.0,True,,vba;outlook;type-mismatch
76503186,1,2023-06-19 01:47:07,0,140,1,,False,,node.js;mongoose;bcrypt
76503189,1,2023-06-19 01:49:24,0,447,1,76503302.0,True,,sql;google-bigquery
76503191,1,2023-06-19 01:50:52,1,79,1,76503198.0,True,,r;slice
76503193,1,2023-06-19 01:51:33,-1,86,1,,False,,javascript
76503197,1,2023-06-19 01:53:34,1,583,1,,True,,ios;webrtc;progressive-web-apps;pwabuilder
76503200,1,2023-06-19 01:56:11,1,81,1,76503825.0,True,,python;pandas;dataframe
76503204,1,2023-06-19 01:57:13,-1,70,1,76503272.0,True,,java;data-structures
76503206,1,2023-06-19 01:57:42,0,19515,3,,False,,java;intellij-idea;minecraft;minecraft-fabric
76503213,1,2023-06-19 02:01:01,4,325,1,76503852.0,True,,generics;rust;iterator;traits
76503214,1,2023-06-19 02:01:12,0,43,1,,True,,reactjs;conditional-rendering
76503219,1,2023-06-19 02:03:00,0,441,1,76503263.0,True,,reactjs
76503220,1,2023-06-19 02:03:02,0,44,1,76519412.0,True,,consensus;apache-iotdb
76503221,1,2023-06-19 02:03:53,0,99,1,,False,,reactjs;arrays;react-native;react-hooks;setstate
76503227,1,2023-06-19 02:05:06,0,62,1,,False,,php;.htaccess;mod-rewrite;restful-url
76503228,1,2023-06-19 02:05:33,0,35,0,,False,,ios;svn;cornerstone
76503236,1,2023-06-19 02:08:53,0,153,1,,True,,sql;sql-server
76503237,1,2023-06-19 02:09:08,9,3893,1,76504337.0,True,,android;android-jetpack-compose;android-service;android-lifecycle
76503240,1,2023-06-19 02:09:27,0,54,2,,True,,sql;database;postgresql;join;relationship
76503242,1,2023-06-19 02:10:21,0,431,1,,False,,html;reactjs
76503246,1,2023-06-19 02:11:39,0,654,2,,True,,python;go;python-requests;net-http
76503251,1,2023-06-19 02:13:14,1,787,1,76503541.0,True,,python;selenium-webdriver;selenium-chromedriver
76503253,1,2023-06-19 02:14:37,2,500,1,76508468.0,True,,lua;pandoc;quarto
76503255,1,2023-06-19 02:15:11,3,42,0,,False,,cnosdb
76503271,1,2023-06-19 02:22:06,0,40,1,76503291.0,True,,python-3.x;spacing
76503274,1,2023-06-19 02:24:00,1,125,0,,False,,pdf;itext;accessibility;pdfbox;pdf-reader
76503275,1,2023-06-19 02:24:08,0,66,1,,True,2023-09-13 01:03:49,azure;kubernetes;vs-code
76503279,1,2023-06-19 02:27:28,0,161,1,,True,,python;pandas
76503284,1,2023-06-19 02:28:21,0,53,1,,False,,javascript;html;jquery;button
76503288,1,2023-06-19 02:29:39,0,122,1,76503426.0,True,,java;jar;java-io;serviceloader
76503293,1,2023-06-19 02:31:29,-1,74,2,76503871.0,True,,c#;linq
76503294,1,2023-06-19 02:31:57,0,271,1,,False,,amazon-web-services;amazon-elastic-beanstalk;aws-cloudformation;web-application-firewall
76503295,1,2023-06-19 02:32:30,0,202,1,,False,,dataframe;pyspark;split;typeerror
76503296,1,2023-06-19 02:34:11,3,5079,1,76527420.0,True,,flask;google-colaboratory
76503303,1,2023-06-19 02:35:47,-1,428,2,76503364.0,True,,html;reactjs
76503304,1,2023-06-19 02:36:25,0,114,1,76505191.0,True,,google-sheets;search
76503308,1,2023-06-19 02:37:11,0,90,0,,False,,javascript;jquery;dom;button;events
76503309,1,2023-06-19 02:37:31,0,320,1,,True,,vb.net;image;datatable;datagridview;binding
76503314,1,2023-06-19 02:39:29,0,581,1,,True,,python;postgresql;sqlalchemy;fastapi;pydantic
76503315,1,2023-06-19 02:41:19,0,94,0,,False,,python;performance;dictionary
76503320,1,2023-06-19 02:43:06,0,575,0,,False,,spring;spring-boot;spring-security
76503322,1,2023-06-19 02:43:44,0,109,1,76509305.0,True,,vs-code;intellij-idea;ide;sublimetext
76503323,1,2023-06-19 02:44:23,0,88,4,76503411.0,True,,python;string
76503324,1,2023-06-19 02:44:27,0,307,1,76503638.0,True,,c
76503332,1,2023-06-19 02:46:33,1,118,1,76503509.0,True,,c++;boost;template-meta-programming;gmp;boost-multiprecision
76503335,1,2023-06-19 02:47:58,4,1068,1,,False,,swift;swiftui
76503337,1,2023-06-19 02:48:31,0,203,1,,False,,android;react-native;expo
76503338,1,2023-06-19 02:48:35,0,213,0,,False,,java;spring-boot;jpa;spring-data-jpa
76503344,1,2023-06-19 02:51:03,0,180,0,,False,,python;jupyter-notebook
76503345,1,2023-06-19 02:51:37,1,74,0,,False,,javascript;google-chrome;google-chrome-extension;sheetjs
76503346,1,2023-06-19 02:51:47,0,186,1,76503708.0,True,,node.js;arrays;express;findoneandupdate
76503355,1,2023-06-19 02:54:12,2,100,2,76503384.0,True,,r;panel-data
76503366,1,2023-06-19 02:59:58,0,641,1,,False,,azure;ms-access;azure-sql-database
76503368,1,2023-06-19 03:00:42,0,279,0,,False,,javascript
76503374,1,2023-06-19 03:02:45,0,54,1,,True,,javascript;recursion;binary-search-tree
76503375,1,2023-06-19 03:03:00,1,171,1,76503702.0,True,,c#;wpf;user-interface;png
76503376,1,2023-06-19 03:03:12,0,16,0,,False,,linux;performance;caching;load-balancing;perf
76503378,1,2023-06-19 03:03:20,0,112,0,,False,,javascript;reactjs;axios;get;query-string
76503383,1,2023-06-19 03:06:09,0,610,1,,False,,cypress
76503385,1,2023-06-19 03:07:18,0,66,1,,True,,matlab
76503386,1,2023-06-19 03:07:34,1,626,0,,False,,linux;zip;virtualbox;unzip
76503387,1,2023-06-19 03:07:34,2,120,2,,True,,javascript;floating-point
76503388,1,2023-06-19 03:08:04,1,36,2,76503395.0,True,,python;list
76503393,1,2023-06-19 03:10:31,0,147,1,,False,,java;google-cloud-dataflow;google-api-java-client;gcp-secret-manager
76503399,1,2023-06-19 03:15:02,-1,52,1,,False,,python;python-3.x;loops;benchmarking
76503400,1,2023-06-19 03:15:04,4,2629,1,,True,,android;flutter;android-studio;adb;android-sdk-tools
76503402,1,2023-06-19 03:15:23,0,107,1,,True,,c++;winsock2
76503406,1,2023-06-19 03:17:54,0,185,1,,True,,php;laravel;server;e-commerce
76503409,1,2023-06-19 03:18:14,0,170,0,,False,,python;plotly-dash
76503428,1,2023-06-19 03:22:41,0,3366,2,,True,,openshift
76503432,1,2023-06-19 03:23:11,5,1671,3,76503792.0,True,,c#;nullable
76503431,1,2023-06-19 03:23:11,0,211,2,,True,,javascript;html;apache;raspberry-pi
76503439,1,2023-06-19 03:25:01,-1,47,1,76503757.0,True,,sql;sql-server;select
76503441,1,2023-06-19 03:25:58,0,484,1,,False,,javascript;node.js;typescript;next.js;sass
76503444,1,2023-06-19 03:26:36,0,856,1,,False,,node.js;reactjs;express;passport.js
76503446,1,2023-06-19 03:27:53,0,75,2,76504065.0,True,,python;recursion;backtracking;sudoku
76503448,1,2023-06-19 03:27:58,3,768,1,76503934.0,True,,reactjs;google-analytics;google-analytics-4
76503456,1,2023-06-19 03:30:15,1,893,1,76503955.0,True,,python;matplotlib;errorbar
76503464,1,2023-06-19 03:32:57,0,56,1,,False,,datatables;stata;economics
76503467,1,2023-06-19 03:33:36,1,403,3,,True,,c++;string;char;constants;constexpr
76503469,1,2023-06-19 03:34:29,1,61,2,76503542.0,True,,html;css
76503471,1,2023-06-19 03:34:34,0,132,2,76503557.0,True,,python;pandas;data-analysis
76503478,1,2023-06-19 03:35:23,1,110,0,,False,,karate
76503482,1,2023-06-19 03:36:52,5,628,0,,False,,go;graphql;generate;gqlgen
76503491,1,2023-06-19 03:40:26,0,153,0,,False,,python;string;character-encoding;bytecode
76503494,1,2023-06-19 03:40:40,0,32,1,76504743.0,True,,sql-server-2012;common-table-expression
76503495,1,2023-06-19 03:41:16,0,768,1,,False,,ios;swift;core-data;async-await;nsfetchrequest
76503496,1,2023-06-19 03:41:18,1,132,1,76503514.0,True,,r;arrays;na
76503502,1,2023-06-19 03:44:10,0,263,1,,False,,python;json;pandas;dictionary
76503512,1,2023-06-19 03:49:37,0,57,1,,False,,java;dictionary;character
76503515,1,2023-06-19 03:50:16,2,276,2,76505364.0,True,,r;algorithm;igraph;breadth-first-search
76503516,1,2023-06-19 03:50:25,2,4385,1,76521906.0,True,,react-native;expo;react-native-web;expo-av
76503518,1,2023-06-19 03:50:41,0,113,1,76503699.0,True,,java;selenium-webdriver;qaf
76503520,1,2023-06-19 03:51:25,0,122,1,,False,,r;authentication;twitter;rtweet;httpuv
76503521,1,2023-06-19 03:51:29,0,1319,2,,True,,azure;azure-data-factory;azure-triggers
76503527,1,2023-06-19 03:54:01,0,1734,1,,False,2023-06-19 10:33:32,if-statement;verilog;synchronous;fsm
76767041,1,2023-07-25 23:06:53,1,88,2,,False,,python;dictionary
76767042,1,2023-07-25 23:06:58,1,53,0,,False,2023-07-26 17:43:11,c#;csvhelper
76767044,1,2023-07-25 23:07:07,0,116,0,,False,,flutter;animation
76767049,1,2023-07-25 23:08:42,0,60,0,,False,,python;html
76767050,1,2023-07-25 23:08:47,0,314,1,,False,,c#;.net;testing;xunit;fluent-assertions
76767052,1,2023-07-25 23:09:28,-1,377,1,76767266.0,True,,c++;visual-studio;guid
76767055,1,2023-07-25 23:10:01,0,209,0,,False,,git;bitbucket;atlassian-sourcetree
76767060,1,2023-07-25 23:11:34,0,104,1,76775228.0,True,,c#;winforms
76767061,1,2023-07-25 23:11:46,1,416,2,,False,,angular;innerhtml;ng-template
76767062,1,2023-07-25 23:12:34,0,1337,0,,False,,python-3.x;typeerror;openai-api;upsert;pinecone
76767065,1,2023-07-25 23:13:17,1,278,1,76767108.0,True,,c#;typeof
76767080,1,2023-07-25 23:17:51,5,206,1,76767151.0,True,,c++;mfc;visual-studio-2022
76767082,1,2023-07-25 23:18:03,0,111,1,76768499.0,True,,python;algorithm;recursion
76767085,1,2023-07-25 23:18:38,1,159,1,76767361.0,True,,lua;metatable
76767086,1,2023-07-25 23:18:45,0,149,0,,False,,python;module;importerror
76767090,1,2023-07-25 23:20:53,-2,983,1,76787874.0,True,,python;python-3.x;xml;python-requests;download
76767095,1,2023-07-25 23:22:42,4,865,1,,True,,database;postgresql;hibernate;spring-data-jpa;subquery
76767099,1,2023-07-25 23:23:17,0,85,0,,False,,python;discord;python-asyncio
76767102,1,2023-07-25 23:24:32,1,246,1,76770380.0,True,,c#;.net;winforms
76767105,1,2023-07-25 23:25:08,-1,1700,1,76767134.0,True,2023-07-26 02:52:50,outlook;office365
76767109,1,2023-07-25 23:26:19,3,421,1,76767338.0,True,,ios;swift;core-bluetooth;rfid
76767110,1,2023-07-25 23:26:44,0,421,1,76769772.0,True,,embedded;stm32;i2c
76767113,1,2023-07-25 23:28:09,0,19,0,,False,2023-07-25 23:56:47,docker;docker-compose
76767114,1,2023-07-25 23:29:02,0,383,1,76780873.0,True,,google-app-engine;next.js;gcloud
76767117,1,2023-07-25 23:30:50,0,143,1,,True,,typescript;type-inference;type-narrowing
76767118,1,2023-07-25 23:31:22,0,182,1,,False,,sql-server;django
76767121,1,2023-07-25 23:32:42,-1,45,1,,False,,json;error-handling;discord;discord.js
76767129,1,2023-07-25 23:35:38,0,3362,1,76809970.0,True,,java;apache-spark
76767131,1,2023-07-25 23:36:11,3,665,0,,False,,go;apache-kafka;kafka-consumer-api;segment-io
76767136,1,2023-07-25 23:37:28,0,165,1,,False,,java;spring
76767137,1,2023-07-25 23:37:42,0,478,1,,True,,c;embedded;stm32;spi;mfrc522
76767138,1,2023-07-25 23:38:02,2,1395,1,,False,,node.js;bots;telegram-bot;telegraf;telegraf.js
76767141,1,2023-07-25 23:38:47,0,1147,1,,False,,javascript;jquery;lightbox
76767145,1,2023-07-25 23:40:32,6,6266,1,76767295.0,True,,monorepo;nrwl-nx;nrwl;nx-monorepo
76767146,1,2023-07-25 23:40:38,1,353,1,76785067.0,True,,c;cs50
76767152,1,2023-07-25 23:43:00,2,5885,1,76768367.0,True,,css;reactjs;material-ui;datepicker;mui-x-date-picker
76767153,1,2023-07-25 23:43:23,1,881,1,76767440.0,True,,javascript;next.js
76767154,1,2023-07-25 23:43:26,0,25,0,,False,2023-07-25 23:50:03,javascript;reactjs;arrays;state;shallow-copy
76767155,1,2023-07-25 23:43:33,3,127,1,76767230.0,True,,c++;multithreading;asynchronous;stdasync
76767158,1,2023-07-25 23:44:33,0,67,0,,False,,google-apps-script;google-sheets;spreadsheet
76767163,1,2023-07-25 23:46:48,1,1344,2,76770732.0,True,,python;dataframe;python-polars
76767165,1,2023-07-25 23:47:34,0,100,1,76767483.0,True,,xargs
76767170,1,2023-07-25 23:49:10,0,34,0,,False,,r;glm;lm
76767175,1,2023-07-25 23:51:32,0,1029,1,,False,,flutter;push-notification;firebase-cloud-messaging;flutterflow
76767176,1,2023-07-25 23:51:57,0,119,0,,False,,gtk;ada;gnat
76767178,1,2023-07-25 23:52:39,0,14,0,,False,,mongodb
76767180,1,2023-07-25 23:52:53,-1,403,1,76803624.0,True,,ios;linux;flutter;vs-code;codemagic
76767183,1,2023-07-25 23:53:41,0,156,1,,True,,azure-ad-b2c;azure-ad-b2c-custom-policy
76767184,1,2023-07-25 23:53:49,3,657,2,,True,,javascript;svg;canvas;mathematical-morphology
76767190,1,2023-07-25 23:55:44,1,2127,0,,False,,reactjs;three.js;deprecated;deprecation-warning
76767191,1,2023-07-25 23:55:49,0,73,0,,False,,r;forecast
76767192,1,2023-07-25 23:55:58,-1,284,1,,True,,bash;github;curl
76767193,1,2023-07-25 23:56:20,2,727,1,,True,,arrays;bash;syntax;whiptail
76767196,1,2023-07-25 23:57:20,0,235,2,76890168.0,True,,flutter;dart;localization;internationalization
76767200,1,2023-07-25 23:59:28,0,588,0,,False,,nginx;nginx-reverse-proxy;nginx-config;nginx-location
76767202,1,2023-07-25 23:59:41,7,6254,4,76822238.0,True,,android;android-jetpack-compose;android-livedata;hoisting
76767203,1,2023-07-26 00:00:05,0,1042,0,,False,,python;security;encryption;ssh
76767204,1,2023-07-26 00:00:14,2,214,1,76845549.0,True,,r;temporary-files;calibration
76767206,1,2023-07-26 00:00:38,0,216,3,76767233.0,True,,c;fwrite;fread;binary-data
76767211,1,2023-07-26 00:01:58,0,1442,1,76767686.0,True,,c#;asp.net-core;pm2
76767214,1,2023-07-26 00:04:07,1,1201,2,76769013.0,True,,maui
76767215,1,2023-07-26 00:04:21,1,294,1,,False,,java;kubernetes;amazon-eks;ipv6;kubernetes-nodeport
76767219,1,2023-07-26 00:05:36,3,23904,1,76768420.0,True,,python;pip;conda;version;python-venv
76767220,1,2023-07-26 00:05:55,1,103,0,,False,,r
76767226,1,2023-07-26 00:08:56,0,48,1,76771955.0,True,,makefile
76767239,1,2023-07-26 00:12:12,0,424,1,,False,,azure;apache-spark;azure-synapse;linked-service
76767240,1,2023-07-26 00:12:41,2,128,0,,False,,rest;logging;containers;podman
76767241,1,2023-07-26 00:12:48,0,393,2,,True,,spring-cloud-stream;solace
76767244,1,2023-07-26 00:14:28,0,303,1,,False,,icons;font-awesome;pseudo-element
76767248,1,2023-07-26 00:16:24,0,70,2,,False,,javascript;html;jquery
76767253,1,2023-07-26 00:17:30,0,383,1,,False,,python-3.x;docker;pyyaml
76767255,1,2023-07-26 00:18:09,0,202,1,,False,,android;typescript;nativescript;android-permissions
76767257,1,2023-07-26 00:19:29,-1,867,2,,False,,typescript;aws-cdk;aws-cdk-typescript
76767260,1,2023-07-26 00:20:19,0,86,1,76767666.0,True,,javascript;reactjs;swift;react-native
76767264,1,2023-07-26 00:21:08,0,2341,2,,True,,r;dataframe;shiny;deploying
76767265,1,2023-07-26 00:22:36,1,139,0,,False,,c++;language-lawyer;c++20;lifetime
76767267,1,2023-07-26 00:23:41,0,1497,1,76775198.0,True,,python;pydantic
76767268,1,2023-07-26 00:23:49,0,620,2,,False,,php;curl
76767269,1,2023-07-26 00:25:07,0,1176,2,,True,,java;quarkus;open-telemetry;jaeger;opentracing
76767274,1,2023-07-26 00:26:32,0,52,0,,False,,google-chrome-extension;browser-extension
76767276,1,2023-07-26 00:26:38,0,93,0,,False,,google-cloud-platform;google-cloud-pubsub
76767281,1,2023-07-26 00:29:46,0,43,2,,True,,sql
76767284,1,2023-07-26 00:32:19,0,241,2,,False,,docusignapi;docusign-sdk
76767287,1,2023-07-26 00:34:20,1,53,1,77850439.0,True,,reactjs;typescript;react-hooks;redux-toolkit;rtk-query
76767296,1,2023-07-26 00:37:57,1,61,0,,False,,arkit;skscene;scnnode;arscnview
76767299,1,2023-07-26 00:38:31,0,113,4,76774772.0,True,,python;bash;ssh
76767301,1,2023-07-26 00:38:32,-2,717,1,,False,,terraform;terraform-provider-aws;amazon-eks
76767306,1,2023-07-26 00:40:36,0,93,1,,False,,python
76767307,1,2023-07-26 00:40:41,-2,29,1,,False,,linq
76767312,1,2023-07-26 00:44:11,2,96,0,,False,,r;lm
76767311,1,2023-07-26 00:44:11,0,140,1,76767777.0,True,,python;django;django-views
76767318,1,2023-07-26 00:45:20,0,1500,1,,True,2023-08-09 12:34:25,next.js;metadata;next.js13
76767328,1,2023-07-26 00:49:26,8,196,1,76769869.0,True,,c++;gcc;compiler-bug
76767330,1,2023-07-26 00:49:42,0,159,1,76771000.0,True,,highcharts;r-highcharter
76767332,1,2023-07-26 00:49:54,2,113,1,76788621.0,True,,c#;linq-to-entities;savechanges
76767333,1,2023-07-26 00:50:05,-1,128,3,76767383.0,True,2023-07-26 04:59:29,c++;memory
76767336,1,2023-07-26 00:51:00,-1,226,1,,False,,python;arrays;binary-search
76767340,1,2023-07-26 00:51:48,0,99,0,,False,,r;ggplot2;time-series
76767341,1,2023-07-26 00:52:11,1,338,1,76767800.0,True,,php;wordpress;woocommerce;settings;admin
76767342,1,2023-07-26 00:53:25,0,134,1,,False,,android;android-studio
76961875,1,2023-08-23 13:34:59,0,43,0,,False,,javascript;mongodb;drop-database
76961877,1,2023-08-23 13:35:17,1,84,0,,False,,c#;visual-studio-2022
76961881,1,2023-08-23 13:35:41,0,49,0,,False,,vue-router
76961887,1,2023-08-23 13:36:33,0,307,1,76993658.0,True,,java;arrays;h2
76961897,1,2023-08-23 13:37:40,0,544,1,,False,,p5.js;color-picker
76961905,1,2023-08-23 13:38:13,0,74,0,,False,,ssh;openssl;ssh-keygen
76961913,1,2023-08-23 13:39:14,0,56,1,76962204.0,True,,loops;for-loop;google-apps-script;google-sheets
76961915,1,2023-08-23 13:39:31,0,75,3,76962196.0,True,,sql;postgresql
76961917,1,2023-08-23 13:39:50,0,1281,0,,False,,apache-kafka;clickhouse
76961918,1,2023-08-23 13:39:59,5,1879,3,,True,,git;git-worktree
76961919,1,2023-08-23 13:40:10,1,409,0,,False,,python;python-asyncio;typing
76961920,1,2023-08-23 13:40:18,0,286,0,,False,,c++;linux;ubuntu;posix;shared-memory
76961921,1,2023-08-23 13:40:56,0,246,1,,False,,python;vscode-debugger;with-statement;contextmanager
76961922,1,2023-08-23 13:40:59,-1,283,2,,True,,sql;sql-server;datetime;azure-sql-database
76961923,1,2023-08-23 13:41:09,0,462,0,,False,,apache-spark;pyspark;apache-spark-sql;orc;snappy
76961926,1,2023-08-23 13:41:39,-1,447,1,,True,,typescript
76961930,1,2023-08-23 13:41:59,0,54,1,76962030.0,True,,r;dplyr;filter
76961931,1,2023-08-23 13:42:05,0,345,1,76962315.0,True,,c#;unity-game-engine
76961938,1,2023-08-23 13:42:40,0,46,0,,False,,r
76961947,1,2023-08-23 13:43:15,0,80,0,,False,,excel;vba;automation;formatting
76961954,1,2023-08-23 13:43:40,5,1456,2,76962125.0,True,,android;kotlin;kotlin-multiplatform
76961958,1,2023-08-23 13:43:59,0,349,0,,False,,mysql;spring-boot;jpa;h2;jpql
76961961,1,2023-08-23 13:44:30,-1,323,5,,True,,python;list;iteration;nested-lists
76961964,1,2023-08-23 13:44:54,0,191,1,76977997.0,True,,sql;regex;apache-spark;apache-spark-sql;regexp-replace
76961965,1,2023-08-23 13:45:01,1,77,0,,False,,javascript;vue.js;nuxt.js;nuxt3.js;bun
76961972,1,2023-08-23 13:45:54,0,25,0,,False,,.htaccess;hyperlink;migration;hosting;drupal-8
76961973,1,2023-08-23 13:46:09,2,1010,2,,False,,algorithm;go;intervals
76961976,1,2023-08-23 13:46:19,1,572,1,76962888.0,True,,c#;.net;sonarqube
76961977,1,2023-08-23 13:46:21,0,292,2,76970476.0,True,,typescript
76961982,1,2023-08-23 13:47:10,0,28,1,,False,,database;reporting-services
76961984,1,2023-08-23 13:47:15,0,370,0,,False,,unity-game-engine;unity-editor
76961987,1,2023-08-23 13:47:40,0,49,1,76962462.0,True,,javascript;asp.net
76961997,1,2023-08-23 13:48:55,0,54,1,76963110.0,True,,typescript
76962002,1,2023-08-23 13:49:35,0,1692,1,,False,,python;django
76962005,1,2023-08-23 13:49:40,0,65,1,76962210.0,True,,flutter;state;listener;bloc
76962008,1,2023-08-23 13:49:54,2,315,1,76966138.0,True,,c#;asp.net-core;identityserver4
76962010,1,2023-08-23 13:50:00,0,58,1,76976541.0,True,,c#;asp.net-core-webapi;dapper
76962011,1,2023-08-23 13:50:04,0,743,1,,False,,etl;pentaho;pdi;incremental-load
76962016,1,2023-08-23 13:50:34,1,439,1,,True,,excel;excel-formula
76962025,1,2023-08-23 13:51:53,2,411,1,,False,2023-08-23 23:46:30,haskell;ghc;cabal
76962028,1,2023-08-23 13:52:36,0,35,1,,False,,c#;selenium-webdriver;automation;webdriver
76962029,1,2023-08-23 13:52:52,2,1371,1,76963519.0,True,,javascript;reactjs;react-router;react-router-dom
76962031,1,2023-08-23 13:53:00,0,175,1,76965575.0,True,,oauth-2.0;exchangewebservices
76962032,1,2023-08-23 13:53:11,0,162,1,,False,,node.js;apache-kafka;error-handling;nestjs
76962041,1,2023-08-23 13:54:04,0,633,1,76962093.0,True,,elasticsearch
76962042,1,2023-08-23 13:54:04,1,66,1,,False,,anylogic
76962043,1,2023-08-23 13:54:09,0,217,0,,False,,java;postgresql;jpa
76962046,1,2023-08-23 13:54:22,3,3500,0,,False,,playwright;playwright-test
76962047,1,2023-08-23 13:54:24,0,77,2,76962173.0,True,,python;pandas
76962048,1,2023-08-23 13:54:30,0,78,2,,False,,angular;forms;angular-forms
76962050,1,2023-08-23 13:54:49,-2,85,1,,True,2023-08-23 14:23:14,c++;file;text
76962053,1,2023-08-23 13:55:15,1,2483,1,76964170.0,True,,android;android-jetpack-compose;android-jetpack-compose-material3
76962056,1,2023-08-23 13:55:38,0,40,0,,False,,wordpress;wordpress-theming;hosting
76962058,1,2023-08-23 13:55:46,0,192,1,,True,,adobe-illustrator;extendscript
76962067,1,2023-08-23 13:56:27,0,227,1,,True,,jointjs
76962068,1,2023-08-23 13:56:43,2,131,1,,False,,c#;sql-server;entity-framework-core
76962069,1,2023-08-23 13:56:47,0,525,1,76966468.0,True,,javascript;vue.js;element-ui;element-plus
76962071,1,2023-08-23 13:56:54,0,269,1,,False,,google-apps-script;google-sheets
76962073,1,2023-08-23 13:57:26,0,563,1,,False,,excel;excel-365;kofax
76962074,1,2023-08-23 13:57:33,-1,125,2,76962130.0,True,,c#;unity-game-engine
76962075,1,2023-08-23 13:57:34,0,181,1,,False,,google-cloud-platform;gcloud;google-cloud-compute-engine
76962078,1,2023-08-23 13:57:45,0,65,1,,False,,kubernetes
76962080,1,2023-08-23 13:57:57,-2,137,1,,False,,vb.net;ms-access;datatable;datagridview;dapper
76962089,1,2023-08-23 13:58:58,4,548,0,,False,,typescript;rust;protocol-buffers
76962095,1,2023-08-23 13:59:34,0,143,0,,False,,react-native;jestjs;react-test-renderer
76962102,1,2023-08-23 14:00:43,0,463,1,,False,,azure;azure-functions
76962106,1,2023-08-23 14:01:01,0,166,0,,False,,javascript;charts;plotly;scatter-plot;plotly.js
76962108,1,2023-08-23 14:01:31,0,807,1,,False,,azure-devops;azure-pipelines;azure-pipelines-yaml
76962110,1,2023-08-23 14:01:36,0,347,1,,False,,python;protocol-buffers;mqtt
76962111,1,2023-08-23 14:01:40,1,2369,1,76963216.0,True,,postgresql;transactions;procedure;pgadmin
76962113,1,2023-08-23 14:01:52,0,1886,2,,False,,pyspark;data-lakehouse;microsoft-fabric
76962116,1,2023-08-23 14:01:55,0,1018,2,,True,,amazon-web-services;amazon-ecs;aws-cdk;amazon-vpc
76962119,1,2023-08-23 14:02:02,0,101,0,,False,,spring-boot;eclipse;webpack
76962122,1,2023-08-23 14:02:21,3,1870,2,,True,,amazon-web-services;aws-cloudformation;aws-cdk;aws-cloudformation-custom-resource;aws-cdk-custom-resource
76962129,1,2023-08-23 14:03:14,0,509,1,76962625.0,True,,sql-server;t-sql;constraints
76962136,1,2023-08-23 14:03:48,1,4008,1,76964352.0,True,,android;android-permissions;android-push-notification;android-12l
76962138,1,2023-08-23 14:03:57,0,129,1,,False,,linux;bash;grep
76962142,1,2023-08-23 14:04:20,0,711,1,,False,,maui
76962143,1,2023-08-23 14:04:25,0,579,1,,False,,python;fastapi;fastapi-middleware
76962144,1,2023-08-23 14:04:30,0,3539,2,,True,,python;openai-api;chatgpt-api
76962146,1,2023-08-23 14:04:48,0,241,1,,True,,python;pandas;pandas-profiling
76962147,1,2023-08-23 14:04:50,1,419,0,,False,,cmake;generator-expression
76962149,1,2023-08-23 14:05:02,0,157,1,76962469.0,True,,python;file;filenotfoundexception
76962154,1,2023-08-23 14:06:37,0,508,0,,False,,c#;.net;postgresql;docker;connection-string
76962156,1,2023-08-23 14:06:41,3,1019,2,,True,,reactjs;performance
76962159,1,2023-08-23 14:07:09,1,513,0,,False,,laravel;events;socket.io;vite;laravel-echo
76962161,1,2023-08-23 14:07:14,0,112,2,,False,,javascript;reactjs;graphql;jsx
76962163,1,2023-08-23 14:07:32,0,670,1,76963815.0,True,,kubernetes;client-go;kubernetes-custom-resources
76962171,1,2023-08-23 14:08:34,1,275,1,76964566.0,True,,powershell;active-directory;ldap;ldap-query
76962187,1,2023-08-23 14:10:05,0,333,0,,False,,firebase;express;next.js
76962200,1,2023-08-23 14:11:15,0,51,1,76962368.0,True,,f#
76962202,1,2023-08-23 14:11:25,0,62,1,,False,,tensorflow;keras;neural-network;tensorflow2.0;tf.keras
76962212,1,2023-08-23 14:12:16,1,343,1,76970558.0,True,,python;arrays;numpy;casting
76962213,1,2023-08-23 14:12:28,0,168,0,,False,,c#;gdi+
76962217,1,2023-08-23 14:13:23,0,306,0,,False,,pine-script
76962218,1,2023-08-23 14:13:30,1,395,3,76963040.0,True,,java;syntax
76962225,1,2023-08-23 14:14:11,5,1111,1,,True,,c#;memory;memory-management
76962228,1,2023-08-23 14:14:26,1,139,1,,True,,azure;token;blobstorage
76962230,1,2023-08-23 14:14:43,-2,1593,2,76965792.0,True,,python;pip;python-venv
76962231,1,2023-08-23 14:14:46,1,275,1,76987549.0,True,,android;android-jetpack-compose;fragment;android-jetpack-compose-material3;android-jetpack-compose-ui
77120135,1,2023-09-17 01:01:09,1,164,0,,False,,java;sql;apache-calcite
77120142,1,2023-09-17 01:06:07,0,70,0,,False,,flutter;dart;riverpod
77120149,1,2023-09-17 01:10:14,1,106,1,,False,,sql;datatable;sqlplus
77120153,1,2023-09-17 01:12:19,0,188,0,,False,,flutter;google-maps
77120154,1,2023-09-17 01:14:17,2,3809,2,77120399.0,True,,c#;.net;azure;azure-functions;.net-6.0
77120160,1,2023-09-17 01:16:06,4,3934,1,,True,,typescript;github;github-actions;cicd;monorepo
77120161,1,2023-09-17 01:16:32,1,361,0,,False,,.net;wix;github-actions;wix4
77120162,1,2023-09-17 01:16:53,0,70,1,,True,,python
77120165,1,2023-09-17 01:17:57,1,292,1,77120184.0,True,,javascript;mapkit-js
77120168,1,2023-09-17 01:18:55,0,36,0,,False,,jquery;typescript
77120175,1,2023-09-17 01:25:57,2,1456,1,77124185.0,True,,go
77120185,1,2023-09-17 01:30:29,0,125,2,,True,,javascript;html;regex;numbers;match
77120187,1,2023-09-17 01:31:26,0,171,0,,False,,android;emulation
77120189,1,2023-09-17 01:32:16,1,136,0,,False,,c;graphics;gtk;shortcut
77120192,1,2023-09-17 01:32:48,0,66,0,,False,,python;java;android;kotlin
77120193,1,2023-09-17 01:33:22,0,67,1,,True,,r
77120194,1,2023-09-17 01:33:38,0,142,1,,False,,session;chat;dialogflow-es
77120197,1,2023-09-17 01:34:10,0,50,1,77120232.0,True,,bash;windows-subsystem-for-linux
77120208,1,2023-09-17 01:40:30,1,626,1,77142656.0,True,,android;flutter;google-nearby-connections
77120214,1,2023-09-17 01:50:18,-5,85,1,77120289.0,True,,time-complexity;big-o;complexity-theory;definition;function-definition
77120227,1,2023-09-17 01:58:44,0,621,2,77120870.0,True,,reactjs;react-context
77120233,1,2023-09-17 02:02:11,-1,327,1,,True,,node.js;express;stripe-payments
77120235,1,2023-09-17 02:03:23,0,907,1,77120412.0,True,,python-3.x;pypdf
77120242,1,2023-09-17 02:08:08,1,52,2,77120267.0,True,,sql
77120245,1,2023-09-17 02:08:49,0,2791,2,77120459.0,True,,java;spring;apache-kafka;spring-kafka
77120253,1,2023-09-17 02:13:15,0,72,1,,False,,flutter
77120260,1,2023-09-17 02:18:39,-1,392,1,77120282.0,True,,android;c;libc;android-debug;bionic
77120266,1,2023-09-17 02:23:57,1,118,2,77123925.0,True,,c;pointers;yacc
77120275,1,2023-09-17 02:28:27,0,117,1,77120298.0,True,,swift;regex
77120276,1,2023-09-17 02:30:00,0,79,1,,True,,flutter;dart;domain-driven-design;clean-architecture
77120278,1,2023-09-17 02:31:17,0,675,1,,False,,multiplication;pseudocode;flowgorithm
77120283,1,2023-09-17 02:33:13,0,159,1,,False,,c#;selenium-chromedriver
77120285,1,2023-09-17 02:34:07,0,2376,1,,True,,pdf;jupyter-notebook;pip;nbconvert
77120287,1,2023-09-17 02:34:50,2,165,1,,False,,c;struct;fifo
77120293,1,2023-09-17 02:38:27,0,1178,1,77212977.0,True,,c#;android;maui;animated-gif;maui-community-toolkit
77120296,1,2023-09-17 02:40:06,0,73,2,77121652.0,True,,javascript;html;css;bootstrap-5
77120300,1,2023-09-17 02:41:01,-1,151,1,77131975.0,True,,python;macos;machine-learning;scikit-learn;linear-regression
77120311,1,2023-09-17 02:48:24,1,443,2,77121944.0,True,,pyspark;logical-operators;expr
77120318,1,2023-09-17 02:51:55,-1,64,3,,True,2023-09-17 08:30:00,html;css
77120325,1,2023-09-17 02:58:10,2,48,1,77120499.0,True,,arrays;react-native;state
77120326,1,2023-09-17 02:58:24,6,275,5,,True,,java;multithreading
77120328,1,2023-09-17 02:59:20,1,2054,1,,True,,python;python-3.x;django;performance
77120332,1,2023-09-17 03:01:49,0,485,1,,False,,angular;typescript;forms;angular-material;opendialog
77120336,1,2023-09-17 03:03:55,1,220,1,77175523.0,True,,r;math;matrix
77120343,1,2023-09-17 03:10:25,1,42,0,,False,,html;github;markdown
77120345,1,2023-09-17 03:11:30,1,232,1,77120405.0,True,,java;spring-boot;unit-testing;mockito;junit5
77120347,1,2023-09-17 03:11:58,0,85,1,77120386.0,True,,python;dataframe;text
77120352,1,2023-09-17 03:17:08,0,618,0,,False,,raspberry-pi;bluetooth;bluez
77120354,1,2023-09-17 03:18:04,2,208,2,77120414.0,True,,html;css
77120360,1,2023-09-17 03:22:19,0,577,2,77120390.0,True,,excel;vba;http-head
77120364,1,2023-09-17 03:23:40,0,68,1,,False,,python;performance;for-loop;nested-loops
77120367,1,2023-09-17 03:26:16,1,61,3,,False,,javascript;firebase;asynchronous;async-await
77120372,1,2023-09-17 03:28:32,0,180,0,,False,,git;version-control;continuous-integration
77120373,1,2023-09-17 03:28:42,0,2996,1,,False,,docker;docker-registry;docker-logs
77120374,1,2023-09-17 03:28:53,-1,117,1,,False,2023-09-17 07:16:49,python;selenium-webdriver;selenium-chromedriver
77120380,1,2023-09-17 03:29:49,1,834,1,77124653.0,True,,c#;android;maui
77120387,1,2023-09-17 03:36:26,0,78,1,77139426.0,True,,c#;asp.net;.net;owin;webapi
77120391,1,2023-09-17 03:38:38,0,59,1,,False,,ruby-on-rails;activerecord;elixir;phoenix-framework;ecto
77120394,1,2023-09-17 03:41:06,0,267,1,,False,,reactjs;react-hooks;supabase
77120395,1,2023-09-17 03:42:22,0,57,2,,True,,php;laravel;laravel-middleware;laravel-10
77120398,1,2023-09-17 03:43:44,1,1141,2,77130100.0,True,,apache-spark;pyspark;apache-spark-sql;databricks
77120403,1,2023-09-17 03:45:41,1,41,1,77120605.0,True,,reactjs;typescript
77120408,1,2023-09-17 03:47:58,0,1400,1,,False,,hibernate;jpa;spring-data-jpa
77120409,1,2023-09-17 03:48:34,0,202,1,,False,,scala;sbt;scala-cats;doobie
77120410,1,2023-09-17 03:48:52,2,304,1,77122574.0,True,,javascript;google-chrome-extension;qr-code
77120413,1,2023-09-17 03:50:38,0,53,1,77120436.0,True,2023-09-17 09:59:33,python;pandas;dataframe;multi-index
77120416,1,2023-09-17 03:53:12,1,43,0,,False,,mongodb
77120419,1,2023-09-17 03:54:44,0,89,1,,True,,javascript;regex;string
77120421,1,2023-09-17 03:55:46,1,486,1,,False,,javascript;css;angular;svg;angular-animations
77120422,1,2023-09-17 03:55:57,0,42,0,,False,2023-09-17 08:21:56,racket;tail-recursion
77120423,1,2023-09-17 03:56:07,3,81,2,77120872.0,True,,c++;c++11;types;predicate;lower-bound
77120424,1,2023-09-17 03:57:05,0,127,2,,False,,python;pycharm;multiprocessing
77120430,1,2023-09-17 03:59:17,3,1525,1,77924048.0,True,,next.js;lambda;hosting;server-side-rendering;static-site
77120431,1,2023-09-17 04:00:14,-3,199,1,,True,,python;sql;python-3.x;sqlite;tkinter
77120433,1,2023-09-17 04:02:35,1,282,0,,False,,docker;nginx;docker-compose;ssl-certificate;nginx-ingress
77120440,1,2023-09-17 04:08:54,1,89,2,,True,,c++;factory
77120441,1,2023-09-17 04:09:03,0,182,1,77122547.0,True,,python;algorithm;graph-theory;dijkstra
77120444,1,2023-09-17 04:10:47,-3,156,1,,False,2023-09-17 05:13:10,c++
77120447,1,2023-09-17 04:13:55,0,147,1,,True,,laravel;vue.js;vite;breeze
77120453,1,2023-09-17 04:16:18,1,52,0,,False,,node.js;reactjs;express;cors;express-session
77120455,1,2023-09-17 04:19:10,0,372,1,,False,,apache-spark;pyspark;confluent-schema-registry
77120458,1,2023-09-17 04:20:09,0,2462,1,,True,,resources;microservices;openshift;load-testing
77120460,1,2023-09-17 04:20:57,1,204,1,,True,,c;function
77120461,1,2023-09-17 04:21:19,1,82,3,77120471.0,True,2023-09-17 08:44:03,java
77120476,1,2023-09-17 04:29:46,-1,382,1,,False,,python;dll;python.net
77120482,1,2023-09-17 04:33:13,1,74,1,77120559.0,True,,swift;xcode;cocoa;nstextfield;nsviewcontroller
77120483,1,2023-09-17 04:33:14,2,1925,2,,True,,typescript;supabase;supabase-database
77120484,1,2023-09-17 04:33:39,1,57,1,,False,,tensorflow;tensorflow-transform
77120486,1,2023-09-17 04:34:36,3,52,1,,False,,javascript;html;reactjs;frontend
77120487,1,2023-09-17 04:35:37,1,569,1,,False,,matlab;pca
77120488,1,2023-09-17 04:36:34,1,47,0,,False,,html;wordpress;wordpress-theming;custom-wordpress-pages
77120490,1,2023-09-17 04:38:42,0,2293,3,,False,,typescript;next.js;error-handling;infinite-loop
77120491,1,2023-09-17 04:40:04,0,238,1,,True,,excel;elasticsearch;kibana;dashboard
77120493,1,2023-09-17 04:41:12,1,318,1,,False,,reactjs;postgresql;next.js;prisma
77120498,1,2023-09-17 04:44:39,-1,60,1,,False,,python-3.x
77120500,1,2023-09-17 04:45:14,2,1024,1,77120544.0,True,,swiftui
77120502,1,2023-09-17 04:46:30,1,61,0,,False,,google-cloud-platform;google-cloud-functions;firebase-tools
77120503,1,2023-09-17 04:46:41,0,61,2,77120511.0,True,,python;class
77120505,1,2023-09-17 04:47:19,1,81,1,77120537.0,True,,javascript;html;jquery;css
77120519,1,2023-09-17 04:52:35,-2,55,1,77121203.0,True,2023-09-17 11:52:44,mysql;random;sql-order-by
77392739,1,2023-10-31 01:55:53,1,104,0,,False,,jupyter-notebook;anaconda;storage
77392743,1,2023-10-31 01:56:19,0,529,1,,False,,ios;xcode;unity-game-engine;macos-sonoma
77392747,1,2023-10-31 01:58:43,1,1047,2,,True,,r;visualization;risk-analysis;ggsurvfit
77392748,1,2023-10-31 01:58:49,0,70,1,,False,,android;kotlin;android-recyclerview;hashmap
77392749,1,2023-10-31 01:59:14,1,104,1,,True,,gradle;groovy;metaprogramming;abstract-syntax-tree
77392756,1,2023-10-31 02:00:48,1,1262,0,,False,,python;docker;opencv;ffmpeg;h.264
77392757,1,2023-10-31 02:00:52,-1,100,1,77394004.0,True,,java;android;arrays
77392769,1,2023-10-31 02:03:45,-1,440,1,77392810.0,True,2023-10-31 05:06:14,javascript;html
77392774,1,2023-10-31 02:06:23,0,741,1,,False,,ios;ipad;progressive-web-apps;ipados
77392784,1,2023-10-31 02:09:44,-1,64,1,,False,,c++17;googletest
77392789,1,2023-10-31 02:10:58,0,89,1,77396408.0,True,,javascript;reactjs
77392792,1,2023-10-31 02:11:28,10,11466,2,77392847.0,True,,python;string;variables;format;string-interpolation
77392799,1,2023-10-31 02:12:59,0,97,2,,False,,html;css;css-grid
77392808,1,2023-10-31 02:15:14,0,901,2,77413877.0,True,,javascript;docker;next.js;docker-compose;next-auth
77392813,1,2023-10-31 02:17:18,0,78,1,77397431.0,True,,python;plotly
77392816,1,2023-10-31 02:18:05,1,707,1,77395150.0,True,,reactjs;azure;azure-file-share;storage-file-share
77392821,1,2023-10-31 02:18:44,1,1282,2,77398896.0,True,,ios;avplayerviewcontroller;avkit;picture-in-picture
77392831,1,2023-10-31 02:21:56,1,311,1,,True,,salesforce;single-sign-on;saml;salesforce-lightning
77392832,1,2023-10-31 02:22:03,0,1414,0,,False,,spring-batch
77392833,1,2023-10-31 02:22:15,0,282,0,,False,,javascript;node.js;node-streams;node-worker-threads
77392834,1,2023-10-31 02:22:39,0,56,1,,True,,database;time-series;apache-iotdb
77392838,1,2023-10-31 02:24:16,2,1803,0,,False,,python;apache-superset
77392840,1,2023-10-31 02:25:40,1,327,1,77392899.0,True,,google-analytics-api;google-analytics-4
77392843,1,2023-10-31 02:26:19,1,44,0,,False,,sql;mysql
77392844,1,2023-10-31 02:26:52,0,59,0,,False,,laravel;eloquent;laravel-10;inventory-management
77392849,1,2023-10-31 02:28:21,1,209,1,,True,,c++;linux;cmake;include
77392852,1,2023-10-31 02:29:10,0,35,0,,False,,excel;vba;dynamic;drop-down-menu;macos-sonoma
77392853,1,2023-10-31 02:29:23,1,259,4,77399705.0,True,,generics;package;ada;elaboration
77392854,1,2023-10-31 02:29:43,0,207,0,,False,,tensorflow;keras;deep-learning;conv-neural-network;lstm
77392856,1,2023-10-31 02:30:39,0,615,0,,False,,python;pip;google-colaboratory;horovod
77392858,1,2023-10-31 02:30:52,0,348,1,,True,,python;django;docker;nginx;gunicorn
77392860,1,2023-10-31 02:31:30,0,95,0,,False,,flutter;dart;riverpod
77392863,1,2023-10-31 02:32:20,-1,66,1,,True,,html;jquery;css
77392864,1,2023-10-31 02:32:31,0,430,1,77392900.0,True,,ios;swiftui;shopping-cart;swiftui-tabview
77392866,1,2023-10-31 02:33:01,0,101,0,,False,,javascript;visual-studio;windows-installer
77392869,1,2023-10-31 02:33:34,0,264,1,77393068.0,True,,python;django
77392871,1,2023-10-31 02:34:20,3,1690,1,77674231.0,True,,amazon-web-services;amazon-rds
77392872,1,2023-10-31 02:34:26,-1,62,1,,False,,android;flutter;dart
77392873,1,2023-10-31 02:34:26,1,233,1,77393762.0,True,,azure-devops;databricks;azure-databricks;azure-pipelines-yaml;databricks-workflows
77392876,1,2023-10-31 02:34:48,1,659,1,77393851.0,True,,python;pygame;pygame-menu
77392878,1,2023-10-31 02:35:10,0,1240,1,77400493.0,True,,node.js;typescript;amazon-web-services;amazon-s3;pre-signed-url
77392882,1,2023-10-31 02:36:36,0,81,2,77400825.0,True,,time-series;timezone;apache-iotdb
77392883,1,2023-10-31 02:36:59,0,721,1,,False,,reactjs;typescript;validation;react-hook-form;yup
77392890,1,2023-10-31 02:39:16,-2,86,1,,False,,java;user-interface;netbeans;gettext;jdatechooser
77392891,1,2023-10-31 02:39:58,0,134,1,,False,,mysql;mariadb
77392893,1,2023-10-31 02:40:43,1,630,1,77392919.0,True,,python;pip;gmpy
77392896,1,2023-10-31 02:41:53,0,61,0,,False,,java;eclipse;gradle;compiler-errors;war
77392908,1,2023-10-31 02:45:31,1,75,0,,False,,flutter;http;camera;rtsp
77392920,1,2023-10-31 02:49:05,0,790,1,,True,,javascript;post;next.js
77392922,1,2023-10-31 02:49:47,1,532,0,,False,,wordpress;.htaccess;imperva
77392923,1,2023-10-31 02:49:53,0,450,1,,False,,python;multithreading;tkinter
77392924,1,2023-10-31 02:50:25,-2,163,1,77392963.0,True,,python;sqlite;execute;database-cursor;operationalerror
77392927,1,2023-10-31 02:51:08,0,905,1,,True,,jetty;jetty-12
77392928,1,2023-10-31 02:51:11,0,25,1,77399989.0,True,,apache-iotdb
77392932,1,2023-10-31 02:51:43,0,104,1,,False,,apache-kafka;apache-kafka-connect
77392937,1,2023-10-31 02:53:25,0,136,0,,False,,python;pandas;dataframe;numpy;performance
77392940,1,2023-10-31 02:54:19,0,268,1,,False,,r;bibtex;biblatex
77392947,1,2023-10-31 02:59:29,2,74,1,,True,,postgresql;plpgsql;procedure;dynamic-sql;identifier
77392950,1,2023-10-31 03:01:17,0,239,1,77393021.0,True,,javascript;jquery
77392962,1,2023-10-31 03:06:01,-1,56,1,,True,,android;ios;flutter;dart;validation
77392972,1,2023-10-31 03:09:38,1,84,2,77393017.0,True,,r;dataframe
77392974,1,2023-10-31 03:11:39,6,406,2,77393640.0,True,,java;duration
77392976,1,2023-10-31 03:11:56,2,3622,2,77591713.0,True,,facebook;authentication
77392977,1,2023-10-31 03:12:28,-1,783,1,,False,,react-native;android-studio;gradle
77392983,1,2023-10-31 03:15:49,0,56,1,77402995.0,True,,tree;time-complexity;depth-first-search
77392985,1,2023-10-31 03:17:27,0,1584,2,,False,,azure-functions
77392991,1,2023-10-31 03:19:28,0,251,0,,False,,bluetooth-lowenergy;titan;fido
77392992,1,2023-10-31 03:19:38,0,61,1,77393139.0,True,,html;css;html-lists
77392994,1,2023-10-31 03:19:58,0,392,1,,False,,linux;stream;centos
77393001,1,2023-10-31 03:22:01,-1,78,1,,True,,javascript;google-apps-script
77393015,1,2023-10-31 03:25:50,3,945,1,,True,,ios;xcode;warnings;xcode15
77393016,1,2023-10-31 03:25:51,5,3204,1,77597915.0,True,,docker;ubuntu
77393019,1,2023-10-31 03:26:23,0,368,2,,False,,python;web-scraping;scrapy;web-crawler
77393023,1,2023-10-31 03:27:01,0,153,1,,False,,azure;powershell
77393025,1,2023-10-31 03:28:48,2,3013,1,,True,,reactjs
77393027,1,2023-10-31 03:29:29,0,77,1,77399987.0,True,,flutter;dart
77393028,1,2023-10-31 03:29:30,-1,126,2,,False,,java;android;xml
77393029,1,2023-10-31 03:29:38,1,512,1,77393377.0,True,,dafny;formal-verification;invariants;post-conditions
77393034,1,2023-10-31 03:31:24,-2,113,1,,False,,c++;makefile;compilation;c++20
77393038,1,2023-10-31 03:33:07,1,604,1,77393353.0,True,,c#;sqlite
77393041,1,2023-10-31 03:34:34,0,85,0,,False,,java;nlp
77393052,1,2023-10-31 03:38:06,0,31,2,,True,,url;drupal
77393056,1,2023-10-31 03:40:52,0,115,1,78419931.0,True,,firefox;google-chrome-devtools;puppeteer;firefox-developer-tools
77393062,1,2023-10-31 03:41:59,1,3260,1,77393148.0,True,,reactjs;react-hook-form
77393064,1,2023-10-31 03:42:25,0,198,0,,False,,computer-vision;geometry;point-cloud-library;point-clouds
77393069,1,2023-10-31 03:43:31,0,1093,1,,False,,python;python-3.x;selenium-webdriver;pytest;appium-android
77393070,1,2023-10-31 03:44:33,0,1775,2,,True,,mysql;next.js;sequelize.js
77393072,1,2023-10-31 03:45:00,1,1448,3,,True,,swift;swiftui;observableobject
77393074,1,2023-10-31 03:45:44,2,45,1,77394174.0,True,,html;jquery
77393076,1,2023-10-31 03:46:43,2,549,2,77393324.0,True,,react-native
77393088,1,2023-10-31 03:52:24,0,107,1,,False,,wordpress;markdown
77393091,1,2023-10-31 03:53:23,1,86,0,,False,,wasapi
77393092,1,2023-10-31 03:53:42,0,75,1,77393514.0,True,,rust;rust-cargo
77393101,1,2023-10-31 03:56:06,-1,285,1,,True,,google-cloud-platform;google-kubernetes-engine;terraform-provider-gcp
77393103,1,2023-10-31 03:56:18,0,917,1,77400944.0,True,,c#;asp.net;xml;wcf
77393109,1,2023-10-31 03:58:56,0,34,1,,True,,ruby;command-line-interface;thor
77393110,1,2023-10-31 04:00:13,3,643,0,,False,,python;deep-learning;pytorch;devops;mlops
77393112,1,2023-10-31 04:00:20,3,3689,1,77400939.0,True,,react-native;snapchat;react-native-vision-camera
77393114,1,2023-10-31 04:01:21,0,87,0,,False,,apache-spark;pyspark
77393119,1,2023-10-31 04:03:36,0,294,1,,False,,azure;azure-ad-b2c
77468143,1,2023-11-12 07:43:56,-1,118,1,77468178.0,True,,javascript
77468148,1,2023-11-12 07:44:37,1,135,0,,False,,android;ios;flutter;android-background;ios-background-mode
77468152,1,2023-11-12 07:45:46,3,707,1,,False,,frontend;vuejs3
77468153,1,2023-11-12 07:46:17,1,29,0,,False,,docker;filebeat;elk
77468154,1,2023-11-12 07:46:36,1,5470,1,77468505.0,True,,python;azure;azure-cognitive-search;azure-openai
77468157,1,2023-11-12 07:47:50,1,563,1,,True,,amazon-web-services;amazon-ec2;amazon-route53
77468159,1,2023-11-12 07:48:51,1,58,1,77468197.0,True,,javascript;ajax;scroll
77468161,1,2023-11-12 07:49:56,1,1070,1,,False,,javascript;google-ads-api;elementor
77468166,1,2023-11-12 07:50:44,0,367,1,,False,,asp.net;razor-pages
77468171,1,2023-11-12 07:53:06,-2,1094,1,,False,,laravel;logging;laravel-artisan
77468172,1,2023-11-12 07:54:41,0,1106,1,,False,,python-3.x;pytorch;pyinstaller;openvino
77468175,1,2023-11-12 07:56:52,7,7203,1,77468372.0,True,2023-11-13 11:27:14,angular;intellij-idea
77468180,1,2023-11-12 07:57:51,0,142,1,,False,,c#;asp.net-web-api;controller;odata
77468181,1,2023-11-12 07:58:25,-2,91,2,77468598.0,True,,reactjs;typescript
77468191,1,2023-11-12 08:01:21,1,141,0,,False,,pyspark;databricks;delta-lake
77468194,1,2023-11-12 08:02:32,1,24,0,,False,,apache-kafka;user-defined-functions;apache-kafka-streams;ksqldb
77468196,1,2023-11-12 08:04:15,0,265,1,77468794.0,True,,r;plotly;linear-discriminant
77468198,1,2023-11-12 08:05:54,0,44,0,,False,,angularjs;typescript;angular-custom-validators
77468200,1,2023-11-12 08:06:20,0,74,1,77468225.0,True,,c
77468203,1,2023-11-12 08:06:59,0,73,0,,False,,ios;swift;xamarin.ios
77468204,1,2023-11-12 08:07:04,6,1404,0,,False,,amazon-web-services;rust;amazon-timestream
77468205,1,2023-11-12 08:07:59,0,229,2,77532716.0,True,,excel;vba;powerquery
77468207,1,2023-11-12 08:11:00,1,114,1,,False,,javafx;compiler-errors
77468212,1,2023-11-12 08:12:47,1,49,0,,False,,python;mongodb;pymongo
77468215,1,2023-11-12 08:13:49,0,161,1,,False,,sql-server;ssis
77468216,1,2023-11-12 08:13:55,-1,1270,3,77468389.0,True,,c#;loops;for-loop;while-loop
77468218,1,2023-11-12 08:14:13,1,51,1,,True,,bootstrap-5
77468224,1,2023-11-12 08:15:25,1,137,1,77468267.0,True,,python;tcpserver;socketserver
77468226,1,2023-11-12 08:16:01,3,575,1,,False,,python;curve-fitting;data-fitting;spectrum
77468229,1,2023-11-12 08:17:00,1,113,1,77468673.0,True,,angular;typescript;rxjs
77468234,1,2023-11-12 08:17:46,1,199,2,,True,,python;algorithm;numpy
77468238,1,2023-11-12 08:19:09,1,54,0,,False,2023-11-12 08:58:35,css;svg
77468240,1,2023-11-12 08:19:40,-4,103,1,77468287.0,True,,javascript;html;jquery
77468241,1,2023-11-12 08:20:52,1,34,0,,False,,flutter;image;server
77468248,1,2023-11-12 08:27:32,1,100,3,,True,,python;user-interface;tkinter;tkinter-layout
77468251,1,2023-11-12 08:29:33,0,258,2,77479536.0,True,,java;unit-testing;testing;groovy;spock
77468254,1,2023-11-12 08:31:18,1,473,1,,True,,deep-learning;pytorch;neural-network
77468262,1,2023-11-12 08:34:40,1,106,2,77468419.0,True,,java;json;oracle-database
77468265,1,2023-11-12 08:34:54,0,66,2,77468497.0,True,,reactjs;typescript;rendering;zod
77468266,1,2023-11-12 08:35:01,0,379,0,,False,,azure;f#;azure-functions;azure-web-app-service;azure-cli
77468273,1,2023-11-12 08:37:54,0,69,1,,False,,encoding;compression;video-streaming;hevc
77468274,1,2023-11-12 08:37:59,2,182,1,77471321.0,True,,python;pygad
77468275,1,2023-11-12 08:39:18,0,631,1,,False,,c#;git;visual-studio;csproj;.net-4.8
77468276,1,2023-11-12 08:40:02,2,378,2,,True,,swiftui;foreach
77468277,1,2023-11-12 08:40:11,-1,61,1,77470202.0,True,,java;generics;type-inference
77468278,1,2023-11-12 08:40:42,0,90,0,,False,,java;swing;jtable
77468292,1,2023-11-12 08:49:38,0,385,3,,True,,excel-formula
77468297,1,2023-11-12 08:52:45,2,327,1,,True,,google-cloud-platform;load-balancing
77468298,1,2023-11-12 08:53:23,3,184,3,77490986.0,True,,flutter
77468302,1,2023-11-12 08:55:10,2,98,0,,False,2023-11-12 09:45:46,c++;c;assembly;linux-kernel;inline-assembly
77468304,1,2023-11-12 08:55:42,1,5162,2,77628611.0,True,,node.js;next.js;environment-variables;next.js13;nodeenv
77468308,1,2023-11-12 08:57:15,-1,824,1,77516142.0,True,,python;reactjs;azure;speech-to-text;azure-ai
77468312,1,2023-11-12 08:58:15,0,88,1,77468519.0,True,,regex;url;notepad++
77468314,1,2023-11-12 08:59:00,0,420,1,77468763.0,True,,google-cloud-platform;google-api;palm-api;makersuite
77468316,1,2023-11-12 08:59:47,0,356,1,,False,,excel;vba
77468320,1,2023-11-12 09:01:03,5,3926,2,,True,,android;kotlin;android-jetpack-compose;android-viewmodel
77468326,1,2023-11-12 09:04:22,0,232,1,,False,,json;asp.net-core-mvc
77468332,1,2023-11-12 09:07:24,0,43,0,,False,,python-3.x;unix;process;pdb
77468342,1,2023-11-12 09:09:20,1,766,1,,False,,google-colaboratory;tesseract;huggingface
77468344,1,2023-11-12 09:10:00,1,178,1,,True,,javafx;treeview
77468345,1,2023-11-12 09:10:41,0,248,1,77470332.0,True,,node.js;postgresql;docker;prisma;sql-timestamp
77468349,1,2023-11-12 09:11:25,2,483,1,77468444.0,True,,android;flutter;dart;newrelic
77468351,1,2023-11-12 09:12:54,0,758,1,,False,,r;ggplot2;legend
77468361,1,2023-11-12 09:15:40,0,104,1,77468535.0,True,,reactjs;google-maps;direction;react-google-maps
77468363,1,2023-11-12 09:16:33,2,130,2,,True,2023-11-12 20:06:15,c;polynomials
77468366,1,2023-11-12 09:17:21,0,1035,1,,True,,python-3.x;langchain;large-language-model;llama;llama-index
77468370,1,2023-11-12 09:19:26,0,94,1,77469325.0,True,,kubernetes;wso2
77468371,1,2023-11-12 09:19:27,0,174,2,77468404.0,True,,python;python-3.x;list
77468383,1,2023-11-12 09:26:30,0,417,0,,False,,html;css;wordpress;elementor
77468391,1,2023-11-12 09:30:01,0,309,1,,True,,python;python-3.x;importerror;folium
77468392,1,2023-11-12 09:30:44,4,2677,1,77475140.0,True,,latex;r-markdown;quarto;beamer;graphical-logo
77468395,1,2023-11-12 09:31:01,-2,52,1,,True,,javascript;reactjs
77468396,1,2023-11-12 09:31:22,2,480,1,77468597.0,True,,flutter;webview;snackbar
77468400,1,2023-11-12 09:32:14,0,93,0,,False,,r;dplyr;tidyverse;reshape;transpose
77468405,1,2023-11-12 09:33:51,0,131,1,,True,,electron;web-sql;electron-vue
77468410,1,2023-11-12 09:35:07,0,773,3,77468770.0,True,,google-cloud-platform;google-app-engine;google-cloud-sdk
77468415,1,2023-11-12 09:37:20,1,895,1,77472559.0,True,,azure;azure-devops;azure-pipelines;azure-pipelines-tasks
77468424,1,2023-11-12 09:40:52,1,237,0,,False,,c;arduino;arduino-uno;arduino-uno-wifi
77468426,1,2023-11-12 09:41:08,1,49,0,,False,,mongodb
77468427,1,2023-11-12 09:41:17,0,59,1,,False,2023-11-12 16:07:41,node.js;typescript
77468429,1,2023-11-12 09:41:24,0,614,1,77469239.0,True,,activemq-artemis;jmx-exporter
77468433,1,2023-11-12 09:42:07,0,642,1,,False,,linux;fedora
77468434,1,2023-11-12 09:42:13,1,41,0,,False,,django;tinymce;tinymce-5;tinymce-plugins;django-tinymce
77468438,1,2023-11-12 09:43:03,0,565,1,77468699.0,True,,javascript;azure;function;azure-functions;servicebus
77468440,1,2023-11-12 09:44:33,0,56,1,77468560.0,True,,sql;exists;northwind
77468441,1,2023-11-12 09:45:12,-2,80,1,77468454.0,True,2023-11-12 11:44:43,python
77468442,1,2023-11-12 09:45:20,1,2913,3,77515531.0,True,,flutter;google-cloud-platform;flutter-dependencies;google-signin
77468443,1,2023-11-12 09:46:25,0,301,1,78369030.0,True,,oracle-database;liquibase;sqlcl
77468446,1,2023-11-12 09:48:18,0,3417,2,,True,,azure;azure-devops;azure-pipelines;devops;azure-pipelines-release-pipeline
77468449,1,2023-11-12 09:49:01,2,676,1,77533939.0,True,,firebase;google-analytics
77468461,1,2023-11-12 09:54:32,-2,71,1,77468906.0,True,,javascript;html
77468473,1,2023-11-12 09:58:55,0,106,1,,False,,python-3.x;loops;while-loop;multilinestring
77468474,1,2023-11-12 09:59:05,0,92,1,77468537.0,True,,android;kotlin;websocket;okhttp
77468476,1,2023-11-12 09:59:09,0,41,1,77481617.0,True,,pthreads
77468485,1,2023-11-12 10:02:45,0,120,1,,False,,python;matplotlib;radar-chart;z-order
77468486,1,2023-11-12 10:03:17,0,399,1,77472592.0,True,,vue.js;kubernetes;nginx
77468487,1,2023-11-12 10:03:44,0,412,1,77469279.0,True,,c++;arduino;esp32
77468498,1,2023-11-12 10:09:54,0,2144,1,,False,,vs-code;compiler-errors
77468506,1,2023-11-12 10:11:49,1,80,0,,False,,swift;macos;swiftui;appkit
77468507,1,2023-11-12 10:11:55,0,65,0,,False,,python;user-interface;kivy
77676545,1,2023-12-18 01:17:34,0,402,1,,True,,ios;xcode;unity-game-engine;vuforia
77676550,1,2023-12-18 01:20:57,0,536,1,,True,,r;macos;gcc;gfortran
77676553,1,2023-12-18 01:21:22,1,139,2,77676719.0,True,,python;pandas;dataframe
77676556,1,2023-12-18 01:23:40,11,7122,6,78401394.0,True,,python
77676558,1,2023-12-18 01:25:54,0,120,0,,False,,svelte;sveltekit;sveltekit-adapter-node
77676561,1,2023-12-18 01:26:25,0,808,1,,True,,spring-boot;apache-kafka;spring-cloud-stream
77676566,1,2023-12-18 01:30:31,1,63,1,77676597.0,True,,php;arrays;sorting;multidimensional-array
77676567,1,2023-12-18 01:31:25,0,431,1,,True,,sonarqube;gitlab-ci;gitlab-ci-runner;sast
77676572,1,2023-12-18 01:34:15,1,29,0,,False,,data-modeling;ravendb
77676576,1,2023-12-18 01:37:23,0,454,1,,False,,amazon-web-services;email;amazon-sns;amazon-ses;cloudcustodian
77676577,1,2023-12-18 01:37:27,0,303,1,77677996.0,True,,python;dataframe;pyspark
77676580,1,2023-12-18 01:38:56,1,47,0,,False,,reactjs;react-native;installation;expo;command-line-interface
77676582,1,2023-12-18 01:40:25,0,140,1,,True,,tcl;vivado;vivado-hls
77676586,1,2023-12-18 01:42:46,1,16,0,,False,,php;reactjs;sockets;io;message
77676589,1,2023-12-18 01:44:38,-2,45,1,,True,,python
77676592,1,2023-12-18 01:45:15,1,227,0,,False,,laravel;vue.js;axios;vite
77676595,1,2023-12-18 01:47:48,0,379,1,,True,,django-allauth
77676599,1,2023-12-18 01:48:51,1,463,2,77676723.0,True,,kdb+
77676606,1,2023-12-18 01:52:46,0,100,0,,False,,swiftui;crash;realm
77676607,1,2023-12-18 01:52:56,0,28,0,,False,,cloud;plesk;shared-hosting
77676610,1,2023-12-18 01:56:42,0,313,2,77677656.0,True,,django;kubernetes;microk8s
77676617,1,2023-12-18 02:02:05,0,475,1,,False,,google-analytics;google-analytics-api;google-analytics-4
77676618,1,2023-12-18 02:02:18,0,1708,0,,False,,php-7.4
77676620,1,2023-12-18 02:04:20,1,67,1,,True,,gcc;cmake;fortran;linker-errors;gfortran
77676622,1,2023-12-18 02:05:22,1,133,2,77676671.0,True,,python;scheme;racket
77676625,1,2023-12-18 02:06:13,0,171,1,77678445.0,True,,javascript;reactjs;tailwind-css;vite;mern
77676627,1,2023-12-18 02:06:27,2,62,0,,False,,arrays;swift;ipad
77676631,1,2023-12-18 02:07:36,1,278,0,,False,,r;plotly
77676633,1,2023-12-18 02:08:58,-1,486,2,77676646.0,True,2023-12-18 17:42:07,javascript;html;css;addeventlistener
77676635,1,2023-12-18 02:11:56,0,41,1,77676642.0,True,,excel
77676643,1,2023-12-18 02:16:52,0,383,1,77677354.0,True,,asp.net;json;xml
77676652,1,2023-12-18 02:20:46,2,163,2,,True,,math;audio-streaming;audiowaveform
77676653,1,2023-12-18 02:21:06,0,41,0,,False,,audiokit
77676656,1,2023-12-18 02:22:18,0,284,1,77682262.0,True,,c#;azure;asp.net-web-api;microsoft-graph-api;azure-ad-graph-api
77676658,1,2023-12-18 02:23:02,0,861,1,77676724.0,True,,javascript;reactjs;next.js;vercel;react-icons
77676674,1,2023-12-18 02:30:37,0,76,0,,False,,google-sheets;google-apps-script;triggers
77676677,1,2023-12-18 02:32:10,2,1644,3,,False,,postgresql;amazon-web-services;amazon-rds
77676683,1,2023-12-18 02:37:18,0,457,1,,True,,sip;voip;kamailio
77676689,1,2023-12-18 02:42:32,2,91,1,,False,,c;string;replace
77676693,1,2023-12-18 02:45:29,0,130,1,77676731.0,True,,python;tkinter
77676708,1,2023-12-18 02:49:32,0,96,0,,False,,javascript;json
77676711,1,2023-12-18 02:50:45,0,641,1,,False,,css;border;gradient
77676715,1,2023-12-18 02:52:57,-1,112,1,77676801.0,True,,javascript;ajax;firebase-realtime-database;axios
77676717,1,2023-12-18 02:53:36,2,58,0,,False,,python;linux;security;permissions
77676722,1,2023-12-18 02:58:04,0,160,3,,True,,arrays;bash;multidimensional-array;random;random-walk
77676725,1,2023-12-18 02:58:16,0,747,0,,False,,r
77676728,1,2023-12-18 03:00:23,0,140,1,,True,,jenkins;groovy
77676733,1,2023-12-18 03:01:33,0,193,1,77678274.0,True,,r;polynomials;parametric-equations
77676735,1,2023-12-18 03:03:40,0,550,1,77817027.0,True,,python;selenium-webdriver;amazon-ec2;selenium-chromedriver
77676737,1,2023-12-18 03:03:51,0,125,1,77679522.0,True,,apache-kafka;ksqldb
77676747,1,2023-12-18 03:07:35,0,1367,2,77686737.0,True,,python;nlp;google-colaboratory;huggingface-transformers;bert-language-model
77676757,1,2023-12-18 03:09:14,0,705,1,77676758.0,True,,python;flask;pytest;werkzeug
77676764,1,2023-12-18 03:12:40,0,741,1,,False,2023-12-21 16:01:59,laravel;laravel-livewire;dispatch;laravel-echo;listen
77676765,1,2023-12-18 03:13:06,1,572,0,,False,,c;windows;vulkan
77676766,1,2023-12-18 03:13:53,0,203,2,,True,,mongodb;nosql;mongoimport
77676767,1,2023-12-18 03:15:18,0,532,1,77677547.0,True,,google-cloud-pubsub
77676769,1,2023-12-18 03:15:49,0,71,1,77678795.0,True,,xslt-2.0
77676770,1,2023-12-18 03:15:54,1,404,0,,False,,css;twitter-bootstrap;bootstrap-5
77676772,1,2023-12-18 03:17:09,1,64,0,,False,,firebase;firebase-authentication
77676773,1,2023-12-18 03:17:57,1,201,1,77676886.0,True,,c++;templates;static-cast;explicit-conversion
77676774,1,2023-12-18 03:18:03,1,653,2,,True,,sharepoint;microsoft-graph-api
77676777,1,2023-12-18 03:18:40,0,52,0,,False,,ios;xcode;ios-simulator
77676778,1,2023-12-18 03:19:17,0,345,1,,False,,elasticsearch;elastic-cloud
77676785,1,2023-12-18 03:22:10,-1,371,1,,False,,python;file;command-line-interface;databricks;transfer
77676787,1,2023-12-18 03:22:11,0,88,2,,True,,python;tkinter
77676792,1,2023-12-18 03:24:22,1,305,0,,False,,javascript;php;woocommerce
77676794,1,2023-12-18 03:25:21,0,114,0,,False,,javascript;asynchronous;discord;discord.js;bots
77676799,1,2023-12-18 03:29:02,0,103,1,,True,,python;html;css;django
77676805,1,2023-12-18 03:30:59,0,107,1,,True,,ballerina;ballerina-swan-lake
77676807,1,2023-12-18 03:31:46,0,114,2,,False,,chainlink
77676813,1,2023-12-18 03:33:38,3,3011,4,,True,,azure;azure-resource-manager;azure-keyvault;azure-managed-identity;azure-container-apps
77676814,1,2023-12-18 03:34:16,-1,320,1,,True,,reactjs;typescript
77676818,1,2023-12-18 03:35:11,0,174,1,77677288.0,True,,php;typo3;typo3-11.x
77676826,1,2023-12-18 03:37:27,0,349,0,,False,,react-native
77676828,1,2023-12-18 03:37:50,0,376,2,77681580.0,True,,python;pytorch;conv-neural-network;convolution
77676832,1,2023-12-18 03:41:17,1,884,2,77677070.0,True,,css;css-variables;container-queries
77676833,1,2023-12-18 03:41:45,0,77,1,77897650.0,True,,android;appium
77676840,1,2023-12-18 03:45:45,0,414,1,77680544.0,True,,rust;buffer;rendering;render;wgpu-rs
77676842,1,2023-12-18 03:46:01,0,159,1,,True,,python;visualization;bokeh;panel
77676843,1,2023-12-18 03:46:07,1,92,3,77676860.0,True,,javascript;jquery
77676844,1,2023-12-18 03:48:22,1,93,1,77725304.0,True,,c#;arrays;json;linq
77676856,1,2023-12-18 03:52:15,2,1404,2,77701137.0,True,,amazon-web-services;aws-lambda;amazon-iam;amazon-vpc;aws-secrets-manager
77676869,1,2023-12-18 03:56:15,-1,186,1,,True,,google-chrome;firefox;network-programming;connection;microsoft-edge
77676874,1,2023-12-18 03:57:45,1,104,2,77677088.0,True,,rust
77676876,1,2023-12-18 03:58:23,1,40,0,,False,,c++;concurrency
77676878,1,2023-12-18 03:58:34,2,602,1,77677191.0,True,,c#;asp.net;visual-studio-2022
77676879,1,2023-12-18 03:58:47,2,520,1,77679761.0,True,,python;scipy;fft;dft
77676882,1,2023-12-18 03:59:49,2,180,4,,True,,sql;sql-server;substring
77676884,1,2023-12-18 04:00:40,0,86,1,,True,,javascript;jquery;django;preventdefault
77676885,1,2023-12-18 04:01:37,0,824,1,,True,,amazon-web-services;amazon-ec2
77676887,1,2023-12-18 04:02:54,0,212,0,,False,,qtablewidget;pyside6;qlineedit
77676892,1,2023-12-18 04:04:42,-1,64,1,,True,,java;android;xml
77676896,1,2023-12-18 04:07:17,1,59,0,,False,,python;string;graph;concatenation;shapes
77676898,1,2023-12-18 04:07:40,0,840,1,77677167.0,True,,mybatis
77676903,1,2023-12-18 04:09:59,0,170,1,77676964.0,True,,python;tkinter;tkinter-button
77676908,1,2023-12-18 04:10:49,0,114,2,77689353.0,True,,flutter;controller;flutter-getx;state-management
77676909,1,2023-12-18 04:11:04,0,768,1,,False,,azure;servicebus
77676910,1,2023-12-18 04:12:07,-1,101,1,77677012.0,True,,angular
77676916,1,2023-12-18 04:13:29,2,235,1,77676982.0,True,,assembly;unicode;utf-8;x86;nasm
77676921,1,2023-12-18 04:15:01,0,216,0,,False,,ios;swift;react-native;callkit;call-directory-extension
77887163,1,2024-01-26 15:08:12,2,219,2,,False,,flutter
77887165,1,2024-01-26 15:08:55,1,880,1,,False,,python;django;stripe-payments
77887166,1,2024-01-26 15:09:02,1,69,1,,False,,c#;mysql;entity-framework
77887170,1,2024-01-26 15:09:38,1,164,1,77887726.0,True,,r;ggplot2;histogram;geom-bar;probability-distribution
77887176,1,2024-01-26 15:10:22,0,66,0,,False,,node.js;postgresql;fastify
77887177,1,2024-01-26 15:10:23,0,293,1,77887400.0,True,,r;regex;dplyr;stringr;mutate
77887178,1,2024-01-26 15:10:23,0,137,2,77887461.0,True,,sql;database;wordpress;woocommerce
77887179,1,2024-01-26 15:10:57,0,407,1,77887667.0,True,,next.js13;web3js;metamask;decentralized-applications
77887180,1,2024-01-26 15:11:02,0,86,0,,False,,pytorch;recurrent-neural-network
77887181,1,2024-01-26 15:11:10,0,405,2,,False,,spring-boot;twitter;oauth-2.0;spring-boot-security
77887182,1,2024-01-26 15:11:17,0,215,1,77887350.0,True,,angular;angular-material;angular-reactive-forms;mat-select
77887183,1,2024-01-26 15:11:20,0,607,0,,False,,sqlite;jupyter-notebook
77887184,1,2024-01-26 15:11:48,1,2329,1,,False,,javascript;reactjs;react-router
77887187,1,2024-01-26 15:12:16,0,38,0,,False,,.net;sql-server;linked-server
77887189,1,2024-01-26 15:12:19,1,72,0,,False,,amazon-s3;spring-webflux;project-reactor
77887196,1,2024-01-26 15:13:10,0,181,1,77888730.0,True,,elasticsearch
77887197,1,2024-01-26 15:13:16,0,99,3,,True,,sql;sql-server
77887199,1,2024-01-26 15:13:21,2,1145,1,,False,,python;vs-code;snakemake
77887204,1,2024-01-26 15:14:03,-2,181,2,,False,,javascript;class;types;constructor
77887209,1,2024-01-26 15:14:27,4,458,1,,True,,next.js;hyperlink;webstorm;next.js13
77887213,1,2024-01-26 15:15:24,0,56,2,77887266.0,True,,html;css;css-position
77887221,1,2024-01-26 15:16:59,0,138,2,77887442.0,True,2024-01-26 15:56:29,c#;namespaces
77887223,1,2024-01-26 15:17:05,1,114,1,77887418.0,True,,r;ggplot2;geom-point;position-dodge
77887229,1,2024-01-26 15:18:03,0,227,1,77888079.0,True,,rust;concurrency
77887232,1,2024-01-26 15:18:31,1,143,1,77891490.0,True,,python;json;pyspark
77887235,1,2024-01-26 15:18:36,0,93,1,77890966.0,True,,c#;android;unity-game-engine;uniwebview
77887239,1,2024-01-26 15:19:06,3,75,0,,False,,javascript;three.js
77887243,1,2024-01-26 15:19:35,0,659,2,77916799.0,True,,windows-installer;wixsharp
77887248,1,2024-01-26 15:20:23,6,5483,2,,True,,python;python-3.x;pydantic;pydantic-v2
77887250,1,2024-01-26 15:20:58,-2,62,1,,True,2024-01-27 00:33:23,python;tensorflow;keras;classification;shapes
77887251,1,2024-01-26 15:21:16,0,69,1,77887302.0,True,,python;tkinter;messagebox
77887254,1,2024-01-26 15:21:51,0,76,1,,True,,javascript;tailwind-css;openweathermap
77887255,1,2024-01-26 15:21:59,0,157,1,77888278.0,True,,c#;linq
77887256,1,2024-01-26 15:22:07,0,132,0,,False,,snowflake-cloud-data-platform;correlated-subquery
77887260,1,2024-01-26 15:22:39,0,69,0,,False,,database;csv;graph;neo4j
77887262,1,2024-01-26 15:22:56,0,451,1,,False,,symfony;doctrine-orm;doctrine;api-platform.com
77887265,1,2024-01-26 15:23:21,0,63,0,,False,,python;tkinter;logic
77887270,1,2024-01-26 15:24:04,0,215,1,,False,,mysql;innodb;ndbcluster
77887277,1,2024-01-26 15:25:52,1,1847,1,77898608.0,True,,java;oauth;jwt
77887278,1,2024-01-26 15:25:53,3,698,1,77888540.0,True,,c#;azure;oauth-2.0
77887282,1,2024-01-26 15:26:39,0,288,0,,False,,powershell;avaya
77887285,1,2024-01-26 15:26:46,2,157,1,,False,,javascript;dropdown;multi-select
77887289,1,2024-01-26 15:27:17,-1,238,1,,False,,c;vs-code;gcc;math.h;vscodium
77887292,1,2024-01-26 15:27:38,1,180,2,,False,,python;django;strftime
77887298,1,2024-01-26 15:28:30,0,259,1,77904047.0,True,,android;wear-os;android-wear-2.0;android-wear-complication
77887304,1,2024-01-26 15:29:31,0,404,1,77887470.0,True,,powerbi;dax;powerbi-desktop
77887305,1,2024-01-26 15:29:37,0,696,0,,False,,javascript
77887306,1,2024-01-26 15:29:46,1,217,0,,False,,makefile
77887308,1,2024-01-26 15:29:49,0,175,0,,False,,python;opencv;computer-vision;object-tracking
77887313,1,2024-01-26 15:30:45,0,74,0,,False,,javascript;getelementbyid;getelementsbyclassname;queryselectall
77887317,1,2024-01-26 15:31:24,0,44,1,,False,,c#;asp.net-core;blazor;blazor-server-side;.net-8.0
77887319,1,2024-01-26 15:31:29,0,77,2,,False,,date;powerbi;histogram
77887321,1,2024-01-26 15:31:40,1,43,2,,True,,javascript;arrays;foreach;onclick;display
77887323,1,2024-01-26 15:32:21,1,242,2,,True,,ruby-on-rails;ruby
77887326,1,2024-01-26 15:33:03,1,199,1,77888754.0,True,,python;matplotlib;plot
77887331,1,2024-01-26 15:33:43,1,243,1,77892042.0,True,,arrays;parent-child;game-development;gdscript;godot4
77887338,1,2024-01-26 15:34:07,0,215,1,77888506.0,True,,spring-boot;crac
77887340,1,2024-01-26 15:34:32,0,123,0,,False,,elasticsearch
77887344,1,2024-01-26 15:35:38,0,204,2,77887467.0,True,,c#;templates;generics;crud
77887345,1,2024-01-26 15:35:41,1,79,1,77887659.0,True,,java;linux;executable-jar
77887348,1,2024-01-26 15:36:37,0,781,1,77887411.0,True,,html;angular;textarea;primeng
77887351,1,2024-01-26 15:37:06,0,142,1,,False,,java;gradle
77887353,1,2024-01-26 15:37:21,0,109,1,77892365.0,True,,c#;winforms;mariadb
77887354,1,2024-01-26 15:37:22,1,123,0,,False,,python-xarray
77887355,1,2024-01-26 15:37:51,0,585,1,77910409.0,True,,testing;azure-devops;continuous-integration;continuous-deployment;azure-pipelines-yaml
77887359,1,2024-01-26 15:38:28,1,173,1,77889358.0,True,,c#;properties;blazor-server-side
77887362,1,2024-01-26 15:38:55,0,130,1,77888090.0,True,,javascript
77887368,1,2024-01-26 15:39:47,0,85,1,,True,,php;laravel;rsync;ubuntu-server
77887375,1,2024-01-26 15:40:19,0,23,0,,False,,django;django-models
77887377,1,2024-01-26 15:40:37,1,94,1,77887694.0,True,,flutter;riverpod
77887378,1,2024-01-26 15:40:44,0,91,1,77887921.0,True,,android;flutter;firebase;authentication;mobile
77887381,1,2024-01-26 15:41:09,0,181,2,,True,,php;html;regex;domdocument
77887383,1,2024-01-26 15:41:31,3,452,2,,True,,c++;concurrency;stdatomic;memory-model
77887391,1,2024-01-26 15:43:11,1,985,2,77890014.0,True,,javascript;reactjs;next.js;apexcharts;react-apexcharts
77887399,1,2024-01-26 15:44:32,0,321,1,77892131.0,True,,kotlin;lambda;fallback
77887407,1,2024-01-26 15:45:52,0,220,1,77887926.0,True,,java;testing;mobile;appium
77887421,1,2024-01-26 15:47:42,-1,794,1,77892085.0,True,,ansible;ansible-role
77887422,1,2024-01-26 15:47:52,1,92,0,,False,,c++;memory-management;signals
77887423,1,2024-01-26 15:47:53,1,172,1,,False,,php;woocommerce;checkbox;hook-woocommerce;custom-fields
77887424,1,2024-01-26 15:47:59,0,31,0,,False,,php
77887426,1,2024-01-26 15:48:13,0,1952,0,,False,,java;gradle;sonarqube
77887427,1,2024-01-26 15:48:22,0,150,1,,False,,java;hibernate;jpa
77887429,1,2024-01-26 15:48:59,0,74,0,,False,,google-chrome-extension
77887437,1,2024-01-26 15:49:51,2,136,1,77891486.0,True,,r;roxygen2
77887439,1,2024-01-26 15:50:02,1,95,1,77888024.0,True,,scala;sbt;sonatype;sbt-sonatype
77887443,1,2024-01-26 15:50:52,0,369,1,,False,,node.js;json;mongodb
77887445,1,2024-01-26 15:50:56,1,58,0,,False,,kentico
77887447,1,2024-01-26 15:51:24,0,182,4,,True,,powershell;csv
77887452,1,2024-01-26 15:52:57,-2,73,1,77887485.0,True,,c#
77887454,1,2024-01-26 15:53:04,0,162,0,,False,,javascript;xss
77887455,1,2024-01-26 15:53:10,1,107,1,,False,,scala;circe
77887456,1,2024-01-26 15:53:13,3,145,0,,False,,c#;asp.net-core;httpclient;dotnet-httpclient;ihttpclientfactory
77887462,1,2024-01-26 15:53:54,-1,55,1,,True,,sql;function;plsql;query-optimization;oracle-apex
77887463,1,2024-01-26 15:53:54,0,157,0,,False,,stm32;avr;freertos
77887466,1,2024-01-26 15:54:27,0,200,1,,True,,octave
77887479,1,2024-01-26 15:57:21,3,890,2,,False,,flutter;dart;future;flutter-futurebuilder
77887487,1,2024-01-26 15:58:37,0,107,2,77887628.0,True,,rust;borrow-checker
77887490,1,2024-01-26 15:59:12,1,1117,1,,True,,c++;vulkan;depth-buffer;depth-testing
77887491,1,2024-01-26 15:59:22,1,46,0,,False,,c#;validation;asp.net-web-api;swagger-ui;data-annotations
77887500,1,2024-01-26 16:00:24,0,77,2,,True,2024-01-26 16:18:34,python
78017397,1,2024-02-18 21:05:05,1,513,1,78024138.0,True,,swift;multipartform-data;vapor;openai-whisper
78017400,1,2024-02-18 21:06:32,0,25,0,,False,,javascript;reactjs
78017402,1,2024-02-18 21:06:51,0,583,1,78027726.0,True,,ssas;olap;ssas-tabular;olap-cube;multidimensional-cube
78017403,1,2024-02-18 21:06:51,1,102,1,78017510.0,True,2024-02-18 21:43:15,javascript;vs-code
78017405,1,2024-02-18 21:07:10,-5,347,2,,True,,c#;switch-statement
78017406,1,2024-02-18 21:07:14,0,3685,1,,True,,node.js;visual-studio;process;azure-storage-emulator;azurite
78017407,1,2024-02-18 21:07:27,0,63,0,,False,2024-03-02 18:36:38,postgresql;rust;traits;rust-diesel;trait-objects
78017410,1,2024-02-18 21:09:10,-1,91,1,,False,,javascript;node.js;mongodb;express;backend
78017414,1,2024-02-18 21:09:53,0,26,0,,False,,math;matrix;vector
78017417,1,2024-02-18 21:10:25,0,1053,1,,False,,amazon-web-services;next.js;aws-amplify
78017420,1,2024-02-18 21:10:42,1,54,0,,False,,java;xml;android-fragments;android-recyclerview;bottomnavigationview
78017421,1,2024-02-18 21:11:23,0,482,1,,True,,authentication;jmeter;performance-testing
78017422,1,2024-02-18 21:11:30,1,113,2,78017885.0,True,,excel;vba
78017423,1,2024-02-18 21:11:50,0,84,0,,False,,php;sql;mysql
78017437,1,2024-02-18 21:17:12,0,64,1,,True,,r;montecarlo;gamma-distribution
78017439,1,2024-02-18 21:18:07,2,154,1,,True,,mongodb
78017440,1,2024-02-18 21:18:21,3,294,1,78192263.0,True,,mercurial;windows-subsystem-for-linux
78017441,1,2024-02-18 21:19:14,-2,42,2,,False,,list;split;integer;space
78017442,1,2024-02-18 21:19:56,1,540,1,78019513.0,True,,javascript;reactjs;vite;react-slick
78017443,1,2024-02-18 21:20:15,0,66,0,,False,,ios;swift;reflection;code-generation
78017444,1,2024-02-18 21:20:36,0,40,1,,False,,spring;mongodb;kotlin
78017448,1,2024-02-18 21:21:44,2,1248,2,,False,,docker;http;https;ip;interactive-brokers
78017464,1,2024-02-18 21:25:44,0,100,1,,False,,python-3.x;svg
78017465,1,2024-02-18 21:26:05,0,98,1,78020131.0,True,,android;kotlin;android-motionlayout
78017471,1,2024-02-18 21:29:05,1,701,0,,False,,reactjs;npm;create-react-app
78017476,1,2024-02-18 21:29:58,-1,92,1,,False,,java;spring;jpa;spring-data-jpa;jackson
78017478,1,2024-02-18 21:30:41,0,752,1,,True,,typescript;nestjs;swagger;swagger-ui
78017479,1,2024-02-18 21:30:57,1,1169,1,,False,,python;encoding;youtube;youtube-dl;pytube
78017483,1,2024-02-18 21:32:21,1,413,1,78023381.0,True,,python;opencv;computer-vision
78017489,1,2024-02-18 21:34:38,0,279,1,78020863.0,True,,swiftui;layout
78017490,1,2024-02-18 21:35:10,0,54,1,78017711.0,True,,reactjs
78017500,1,2024-02-18 21:38:49,0,431,1,,True,,google-sheets
78017501,1,2024-02-18 21:38:58,0,230,0,,False,,c++;sdl;sdl-2
78017502,1,2024-02-18 21:39:04,0,142,0,,False,,spring-boot;jsf;illegalstateexception;mojarra;joinfaces
78017511,1,2024-02-18 21:41:46,0,60,1,,False,,dataframe;express;plotly;histogram
78017512,1,2024-02-18 21:43:30,1,54,1,78017693.0,True,,r;shiny
78017514,1,2024-02-18 21:44:15,1,4453,2,,True,,spring-batch
78017516,1,2024-02-18 21:44:42,1,1249,1,,True,,material-ui;node-modules;vite;server-side-rendering;mui-x-date-picker
78017519,1,2024-02-18 21:44:49,0,109,0,,False,,python;python-3.x;sockets;asgi;hypercorn
78017524,1,2024-02-18 21:46:57,0,73,2,78017559.0,True,2024-02-18 22:09:54,javascript
78017528,1,2024-02-18 21:48:31,-2,57,1,78017916.0,True,,ios;uikit
78017536,1,2024-02-18 21:51:02,0,102,1,78017909.0,True,,android;kotlin
78017537,1,2024-02-18 21:51:02,1,1203,0,,False,,vue.js;vuejs3;vite;font-awesome
78017540,1,2024-02-18 21:52:08,0,56,1,78017635.0,True,2024-02-19 05:31:24,python;matplotlib;tkinter;tkinter-canvas
78017545,1,2024-02-18 21:53:20,1,174,1,78017852.0,True,,c++;constexpr
78017551,1,2024-02-18 21:54:52,1,127,1,78017598.0,True,,go
78017553,1,2024-02-18 21:55:21,3,251,1,,False,,date;altair;dayofweek;days;weekday
78017577,1,2024-02-18 21:55:34,1,449,2,78017714.0,True,,r;debugging
78017554,1,2024-02-18 21:55:37,0,110,1,78020871.0,True,,html;css;google-chrome-devtools
78017555,1,2024-02-18 21:56:32,2,58,1,78017603.0,True,,python;numpy
78017556,1,2024-02-18 21:56:47,0,159,1,,False,,python;python-3.x;docker;operating-system;fastapi
78017560,1,2024-02-18 21:57:22,0,130,2,78021626.0,True,,kubernetes;rbac;kind
78017563,1,2024-02-18 21:59:14,1,62,1,,True,,pytorch
78017570,1,2024-02-18 22:01:47,-3,116,1,78017613.0,True,2024-02-19 02:35:18,python;c++;import;c++20
78017571,1,2024-02-18 22:01:50,1,67,1,78017621.0,True,,python;syntax
78017576,1,2024-02-18 22:02:49,0,100,0,,False,,python;json;django;loops;django-models
78017601,1,2024-02-18 22:09:36,2,139,0,,False,,linux;perl;userid
78017602,1,2024-02-18 22:09:49,0,141,1,78017625.0,True,,django;django-rest-framework
78017607,1,2024-02-18 22:11:59,0,124,3,78019598.0,True,,c#;unity-game-engine;optimization;while-loop;linear-programming
78017609,1,2024-02-18 22:12:26,1,36,0,,False,2024-02-19 08:52:00,c#;unity-game-engine
78017612,1,2024-02-18 22:13:20,0,177,1,,False,,python;network-programming;cisco
78017615,1,2024-02-18 22:14:10,1,245,0,,False,,scala;playframework;scala-3;reactivemongo
78017618,1,2024-02-18 22:16:11,2,36242,1,78018539.0,True,2024-02-20 14:26:06,linux;docker;ubuntu;ollama
78017624,1,2024-02-18 22:18:06,5,4376,3,,True,,typescript;next.js;middleware;next-auth
78017627,1,2024-02-18 22:20:35,0,66,0,,False,,python;machine-learning;artificial-intelligence;mathematical-optimization
78017631,1,2024-02-18 22:23:19,2,415,2,78017649.0,True,,bash;text
78017632,1,2024-02-18 22:24:31,1,449,0,,False,,android;kotlin;user-interface;material-ui;android-jetpack-compose
78017637,1,2024-02-18 22:28:04,-1,1043,1,78017678.0,True,,terraform
78017643,1,2024-02-18 22:30:01,2,173,1,,True,,gitlab;gitlab-ci
78017646,1,2024-02-18 22:31:42,0,132,1,,False,,error-handling;antlr4
78017652,1,2024-02-18 22:33:47,0,205,2,,False,,java;spring;spring-boot;oauth
78017655,1,2024-02-18 22:35:26,1,54,1,,False,,javascript;jestjs;jsdom
78017657,1,2024-02-18 22:36:18,0,46,1,,False,,flutter;firebase;dart
78017660,1,2024-02-18 22:37:13,0,546,1,78117072.0,True,,django;vue.js;websocket;channel;uvicorn
78017665,1,2024-02-18 22:38:32,1,322,2,78036220.0,True,,javascript;reactjs;passwords
78017666,1,2024-02-18 22:38:50,0,1912,1,,True,,reactjs;oauth-2.0;google-oauth;google-sheets-api
78017667,1,2024-02-18 22:38:51,0,180,1,,False,,python;android
78017670,1,2024-02-18 22:41:53,3,238,1,78021221.0,True,,python;plotly-dash;cytoscape;dash-cytoscape
78017671,1,2024-02-18 22:42:46,3,370,0,,False,,c++;macos;g++;c++23;stdoptional
78017672,1,2024-02-18 22:43:00,1,87,1,,False,,r;ggplot2;geom-histogram
78017676,1,2024-02-18 22:46:15,0,61,1,,False,,react-native
78017680,1,2024-02-18 22:47:44,2,295,1,78018034.0,True,,c;linux;windows;macos;winapi
78017681,1,2024-02-18 22:47:58,-2,48,1,78017710.0,True,2024-02-18 23:07:08,mysql;left-join;alias
78017682,1,2024-02-18 22:49:23,1,287,1,78038859.0,True,,angular;asp.net-core
78017683,1,2024-02-18 22:49:32,0,153,1,78017741.0,True,,sql;oracle-database;date
78017685,1,2024-02-18 22:50:28,1,26,0,,False,2024-02-19 08:11:57,html;css;overflow;css-position
78017689,1,2024-02-18 22:52:03,4,116,1,78019507.0,True,,javascript;photoshop;photoshop-script
78017690,1,2024-02-18 22:53:04,1,3796,1,78017691.0,True,,python-requests;urllib3;python-3.12
78017692,1,2024-02-18 22:53:18,0,116,0,,False,,pyspark;lag;coalesce
78017694,1,2024-02-18 22:53:55,0,403,1,78017812.0,True,,c#;angular;typescript;form-data;angular-httpclient
78017696,1,2024-02-18 22:54:50,2,7646,2,,True,,node.js;npm
78017701,1,2024-02-18 22:55:35,0,38,0,,False,,c++;design-patterns;concurrency;simulation
78017705,1,2024-02-18 22:56:52,2,85,0,,False,,matplotlib;gis;cartopy;coordinate-systems;coordinate-transformation
78017706,1,2024-02-18 22:57:00,0,178,1,,False,,flutter;dart;gesturedetector
78017709,1,2024-02-18 22:57:56,0,273,1,,False,,angular;module;angular-module
78017712,1,2024-02-18 22:59:34,1,275,1,,True,,assembly;random;x86-64;nasm;rdrand
78017721,1,2024-02-18 23:02:02,0,63,1,,True,,regex;google-apps-script;google-forms
78017722,1,2024-02-18 23:03:03,0,239,1,78017768.0,True,,python;windows
78017723,1,2024-02-18 23:04:22,0,202,3,,False,,javascript;css;font-feature-settings
78017727,1,2024-02-18 23:07:56,0,96,1,78017759.0,True,,typescript
78232636,1,2024-03-27 14:57:48,3,475,0,,False,,vue.js;vee-validate
78232639,1,2024-03-27 14:58:34,2,116,0,,False,,ruby-on-rails;sprockets;terser;uglifier
78232641,1,2024-03-27 14:58:37,0,558,0,,False,,typescript;autocomplete;themes;chakra-ui
78232643,1,2024-03-27 14:58:49,0,31,0,,False,,python;django;location
78232646,1,2024-03-27 14:59:00,1,48,0,,False,2024-03-27 15:04:31,c++;gcc;visual-c++;c++17;clang
78232649,1,2024-03-27 15:00:11,2,291,1,78232681.0,True,,c#;random;biginteger
78232651,1,2024-03-27 15:00:28,0,68,1,78235245.0,True,,python;tkinter
78232652,1,2024-03-27 15:00:32,0,856,1,,True,,python;matplotlib;plotly;bokeh;streamlit
78232655,1,2024-03-27 15:00:53,3,896,3,78272421.0,True,,python;logging;multiprocessing;ray
78232658,1,2024-03-27 15:01:34,1,149,1,78234274.0,True,,datetime;serialization;icalendar;utc
78232661,1,2024-03-27 15:01:58,0,21,1,78232729.0,True,,r;dataframe;if-statement
78232664,1,2024-03-27 15:02:07,1,267,1,,False,,gradle;quarkus;kotlin-multiplatform
78232665,1,2024-03-27 15:02:14,0,129,1,,False,,javascript;typescript;google-analytics
78232670,1,2024-03-27 15:03:22,1,50,0,,False,,c#;unity-game-engine;game-development;mesh;procedural-generation
78232671,1,2024-03-27 15:03:27,0,692,2,,False,,go;yaml
78232672,1,2024-03-27 15:03:33,0,76,1,78235982.0,True,,c#;unity-game-engine;variables;random;global-variables
78232674,1,2024-03-27 15:03:56,3,1258,0,,False,2024-08-27 10:16:04,python-3.x;windows;pdf;powerpoint;python-pptx
78232678,1,2024-03-27 15:04:37,1,130,1,,True,,gitlab;gitlab-ci;cicd
78232679,1,2024-03-27 15:04:52,0,65,2,78237748.0,True,,c#;xaml;maui
78232688,1,2024-03-27 15:05:55,0,43,1,,False,,vs-code
78232689,1,2024-03-27 15:06:06,0,74,2,,False,,python
78232691,1,2024-03-27 15:06:17,0,209,1,,False,,python;apache-nifi
78232693,1,2024-03-27 15:06:34,0,70,2,78233759.0,True,,typescript;typescript-generics
78232704,1,2024-03-27 15:09:23,0,184,0,,False,,ios;angular;ionic-framework;highcharts;capacitor
78232707,1,2024-03-27 15:09:26,1,282,0,,False,,quarkus;quarkus-extension
78232710,1,2024-03-27 15:09:47,1,415,1,,True,,c;makefile;linker;shared-libraries;dynamic-library
78232728,1,2024-03-27 15:13:09,0,53,1,,False,,pandas
78232731,1,2024-03-27 15:13:40,0,113,0,,False,,html;css;html-email;vml
78232733,1,2024-03-27 15:14:06,-1,79,1,,False,,java;spring-boot;http;controller;dry
78232735,1,2024-03-27 15:14:28,-1,308,1,78234189.0,True,,angular;ngrx
78232737,1,2024-03-27 15:14:53,0,1754,2,,False,,java;selenium-webdriver;microsoft-edge;selenide
78232741,1,2024-03-27 15:15:14,0,60,1,78233886.0,True,,reporting-services;format;rounding
78232742,1,2024-03-27 15:15:16,0,72,2,78232883.0,True,,html;css;flexbox
78232744,1,2024-03-27 15:15:31,1,139,2,78233023.0,True,,python;pandas;group-by;grouping
78232746,1,2024-03-27 15:15:47,1,95,2,78234617.0,True,,r;dataframe
78232753,1,2024-03-27 15:16:50,-1,65,1,,True,,php;laravel;php-carbon
78232757,1,2024-03-27 15:17:26,5,6947,3,78237080.0,True,,c#;azure;azure-functions
78232763,1,2024-03-27 15:18:06,2,1909,0,,False,,maven;openrewrite;dry-run
78232772,1,2024-03-27 15:19:37,1,93,1,,False,,aws-cloudformation
78232773,1,2024-03-27 15:19:46,1,29,0,,False,,visual-studio
78232776,1,2024-03-27 15:20:25,0,200,1,,False,,jquery;menu;popup;elementor
78232777,1,2024-03-27 15:20:26,1,68,3,,True,,python;pandas;dataframe;group-by
78232779,1,2024-03-27 15:21:05,0,339,0,,False,,amazon-web-services;dns;devops;aws-cdk;amazon-route53
78232783,1,2024-03-27 15:21:34,2,1060,1,,True,,prometheus;promql
78232785,1,2024-03-27 15:22:13,0,262,1,,True,,ada
78232786,1,2024-03-27 15:22:14,2,920,1,,False,,docker;nrwl;vscode-devcontainer;devcontainer
78232787,1,2024-03-27 15:22:17,0,69,1,78232840.0,True,,python;bash;shell;subprocess;alias
78232791,1,2024-03-27 15:22:27,0,117,1,,False,,html;css;google-chrome;icons
78232793,1,2024-03-27 15:22:41,1,185,1,78245337.0,True,,windows;delphi;winapi;screensaver;mirroring
78232794,1,2024-03-27 15:22:47,0,193,0,,False,,sql;postgresql;triggers;timescaledb
78232799,1,2024-03-27 15:23:36,0,618,1,,True,,r;survival-analysis;survival;ggsurvfit
78232800,1,2024-03-27 15:23:39,0,57,1,78233278.0,True,,python-3.x;binary;hex;byte;decode
78232802,1,2024-03-27 15:23:59,2,2110,0,,False,,android;deep-linking;google-play-console;android-deep-link
78232803,1,2024-03-27 15:24:10,1,56,0,,False,,machine-learning;classification;imbalanced-data
78232805,1,2024-03-27 15:24:41,0,257,1,78588519.0,True,,puppet;lookup
78232807,1,2024-03-27 15:25:00,0,648,1,78235775.0,True,,azure;azure-data-factory
78232813,1,2024-03-27 15:26:34,0,34,0,,False,,r;ggplot2
78232814,1,2024-03-27 15:26:51,0,51,0,,False,,vba
78232817,1,2024-03-27 15:26:56,0,112,4,78232870.0,True,2024-04-01 08:20:19,javascript;forms
78232821,1,2024-03-27 15:27:55,-1,383,1,,False,,apache-camel;quartz-scheduler;spring-camel
78232823,1,2024-03-27 15:27:58,1,96,1,,True,,wpf;colors;interpolation
78232825,1,2024-03-27 15:28:23,0,77,1,,False,,paypal
78232827,1,2024-03-27 15:28:36,1,78,0,,False,2024-03-28 08:58:17,c++;visual-c++;char;carriage-return;linefeed
78232831,1,2024-03-27 15:28:59,5,128,3,78233219.0,True,,sql;group-by;conditional-statements;case;ssms
78232834,1,2024-03-27 15:29:23,1,305,0,,False,,.net;oauth;migration;.net-framework-version
78232838,1,2024-03-27 15:30:10,0,41,1,,False,,python;numpy;scikit-learn;kdtree
78232846,1,2024-03-27 15:30:56,4,152,1,78237608.0,True,2024-03-29 18:55:17,css
78232850,1,2024-03-27 15:31:20,1,125,0,,False,,windows;registry;msix
78232856,1,2024-03-27 15:33:09,-1,71,1,78233065.0,True,,java;amazon-web-services;amazon-dynamodb;spring-data
78232857,1,2024-03-27 15:33:31,1,58,0,,False,,python;math;graphics;geometry;blender
78232858,1,2024-03-27 15:33:36,0,67,1,,False,,c#;winforms;.net-6.0
78232860,1,2024-03-27 15:33:46,0,666,2,,True,,python-3.x;windows;installation;inno-setup;admin
78232863,1,2024-03-27 15:34:02,-1,40,2,78232945.0,True,,flutter;object;parameter-passing
78232864,1,2024-03-27 15:34:02,0,582,1,78260125.0,True,,pagination;azure-logic-apps;azure-api-management;response-headers
78232874,1,2024-03-27 15:35:11,0,106,0,,False,,sql;postgresql
78232876,1,2024-03-27 15:35:30,1,96,1,78234826.0,True,,ruby-on-rails;serialization;callback
78232877,1,2024-03-27 15:35:40,1,48,2,,False,,python;r
78232879,1,2024-03-27 15:35:52,3,632,1,,False,,kotlin;viewmodel;composable
78232880,1,2024-03-27 15:36:06,1,12662,1,,True,,spring;spring-boot;cron
78232882,1,2024-03-27 15:36:20,0,73,1,,False,,svg
78232889,1,2024-03-27 15:37:20,0,76,1,78233324.0,True,,selenium-webdriver;web-scraping
78232890,1,2024-03-27 15:37:21,0,46,1,,False,,python;apache-spark;azure-databricks;dbutils
78232903,1,2024-03-27 15:39:00,1,159,1,78232962.0,True,,c#;asp.net;visual-studio-2012;nuget;dapper
78232905,1,2024-03-27 15:39:06,0,37,0,,False,,search;solr;punctuation
78232907,1,2024-03-27 15:39:32,1,398,1,,False,,python;nicegui
78232911,1,2024-03-27 15:39:56,1,711,1,78234240.0,True,,ios;in-app-purchase;storekit
78232915,1,2024-03-27 15:40:53,0,52,1,,False,,powershell
78232916,1,2024-03-27 15:40:54,2,97,1,78233188.0,True,,java;threadpool;threadpoolexecutor
78232919,1,2024-03-27 15:42:21,0,201,1,,False,,palantir-foundry
78232925,1,2024-03-27 15:42:45,1,556,1,78234111.0,True,,json;tauri
78232926,1,2024-03-27 15:43:14,0,68,1,,False,,node.js;angular;.net-core
78232927,1,2024-03-27 15:43:21,0,1079,1,,False,,azure-devops;azure-databricks;databricks-repos
78232928,1,2024-03-27 15:43:22,1,41,0,,False,,php
78232933,1,2024-03-27 15:44:11,3,1140,2,,True,,apache-spark;pyspark
78232935,1,2024-03-27 15:44:45,-1,2039,5,,True,,r;rstudio;clipboard
78232937,1,2024-03-27 15:45:02,-1,61,1,,False,,ansible;numbers;increment
78232941,1,2024-03-27 15:45:27,0,75,1,,True,,r;shiny
78232946,1,2024-03-27 15:46:07,0,38,1,78233035.0,True,,aws-lambda;aws-cloudformation
78232947,1,2024-03-27 15:46:12,3,85,0,,False,,typescript;vuejs3;google-maps-markers;ref
78232949,1,2024-03-27 15:46:20,0,50,0,,False,,sql-server;google-cloud-platform;google-bigquery
78345210,1,2024-04-18 06:14:50,0,57,1,,False,,autodesk-forge;autodesk-viewer
78345213,1,2024-04-18 06:15:18,1,448,2,78351587.0,True,,javascript;html;css;wordpress;elementor
78345214,1,2024-04-18 06:15:33,0,1894,1,78349277.0,True,,reactjs;typescript;material-ui;mui-x-data-grid;mui-x-date-picker
78345219,1,2024-04-18 06:16:54,1,74,1,,False,,javascript;reactjs;axios;react-router-dom
78345225,1,2024-04-18 06:18:16,0,71,1,78353652.0,True,,extjs;combobox;popover;sencha-cmd;gridpanel
78345232,1,2024-04-18 06:19:54,0,27,1,78345343.0,True,,string;oracle-database;concatenation;xmlelement;character-trimming
78345233,1,2024-04-18 06:20:48,0,48,1,,False,,bupar
78345236,1,2024-04-18 06:21:18,0,282,0,,False,,pytorch;pytorch-lightning;pytorch-dataloader
78345243,1,2024-04-18 06:22:48,1,1732,1,,False,,vuejs3;vite;cdn
78345246,1,2024-04-18 06:23:30,0,71,1,78345346.0,True,,scala;apache-spark
78345257,1,2024-04-18 06:25:49,0,115,1,,False,2024-04-20 08:01:17,javascript;reactjs;axios;http-status-code-401
78345259,1,2024-04-18 06:26:08,0,62,0,,False,,python;string;for-loop;indexing;slice
78345266,1,2024-04-18 06:26:50,0,148,1,78408231.0,True,,vs-code;terminal
78345271,1,2024-04-18 06:27:24,1,59,1,78345434.0,True,,python;pandas
78345280,1,2024-04-18 06:29:45,0,322,1,78382610.0,True,,c#;.net;quartz-scheduler;quartz.net;quartz
78345282,1,2024-04-18 06:30:15,0,802,1,,False,,spring-boot;swagger-ui;springdoc-openapi-ui
78345286,1,2024-04-18 06:30:40,0,1958,1,,False,,flutter;flutter-inappwebview;inappwebview
78345295,1,2024-04-18 06:32:19,0,166,1,,True,2024-11-06 14:30:31,amazon-web-services;oracle-database;amazon-rds;aws-dms;dms
78345297,1,2024-04-18 06:33:06,1,1101,1,,True,,java;cucumber;pdfbox
78345300,1,2024-04-18 06:33:49,1,134,1,,False,,postgresql
78345303,1,2024-04-18 06:34:04,1,157,1,78345344.0,True,,django;django-rest-framework;manage.py;django-4.0;django-4.1
78345307,1,2024-04-18 06:34:34,2,137,2,78347051.0,True,,c#;.net;xml;xmlwriter
78345313,1,2024-04-18 06:35:54,1,114,1,78354525.0,True,,python;parsing;pyparsing;infix-notation
78345316,1,2024-04-18 06:36:54,0,418,0,,False,,r;zip
78345320,1,2024-04-18 06:37:30,2,2441,2,,False,,php;linux;linux-mint;linux-mint-19
78345321,1,2024-04-18 06:37:40,0,85,2,,False,,java;recursion;data-structures;stack-overflow;recursive-datastructures
78345322,1,2024-04-18 06:38:32,1,512,0,,False,,drupal;drush
78345323,1,2024-04-18 06:38:35,2,444,0,,False,,next.js
78345329,1,2024-04-18 06:39:29,0,86,1,78349364.0,True,,css;angular;scroll;router;routerlink
78345332,1,2024-04-18 06:39:37,-1,629,2,,False,,c++;algorithm;game-development;sdl-2;path-finding
78345333,1,2024-04-18 06:39:42,1,83,1,,True,2024-04-18 07:09:44,c++;gcc;optimization
78345337,1,2024-04-18 06:40:29,-1,325,1,,True,,ffmpeg;h.264;aac
78345339,1,2024-04-18 06:41:07,1,67,0,,False,,java;selenium-webdriver;hover
78345341,1,2024-04-18 06:41:29,2,300,1,78532422.0,True,,plantuml
78345342,1,2024-04-18 06:41:33,1,52,1,,True,,c#;unity-game-engine;game-physics
78345345,1,2024-04-18 06:41:43,1,100,2,,True,,shapes;netlogo;agent
78345350,1,2024-04-18 06:42:27,0,120,1,78351570.0,True,,azure;azure-data-factory;azure-storage;azure-virtual-network
78345351,1,2024-04-18 06:42:32,0,84,2,78388038.0,True,,r;extract
78345358,1,2024-04-18 06:43:34,0,292,1,,False,,php;ajax;laravel;datatables
78345360,1,2024-04-18 06:43:57,0,72,0,,False,,assembly;arm64
78345364,1,2024-04-18 06:45:08,1,94,1,,True,,python;matplotlib;audio;visualization;waveform
78345365,1,2024-04-18 06:45:17,1,135,0,,False,,android;caching;android-jetpack-compose;coil
78345366,1,2024-04-18 06:45:27,0,352,1,78345643.0,True,,c#;static;maui
78345371,1,2024-04-18 06:45:58,4,1557,0,,False,,ios;flutter;sdk;privacy-manifest
78345378,1,2024-04-18 06:47:23,2,819,1,,False,,c#;azure;.net-core;azure-functions
78345380,1,2024-04-18 06:47:38,0,43,1,78345499.0,True,,sql;mysql;stored-procedures
78345383,1,2024-04-18 06:48:27,0,273,1,78362728.0,True,,sql;aggregate;abap;cds;string-agg
78345384,1,2024-04-18 06:48:34,0,87,0,,False,,jsf;graphicimage
78345385,1,2024-04-18 06:49:05,0,43,1,78347689.0,True,,join;merge;concatenation
78345403,1,2024-04-18 06:52:10,-2,216,1,,False,,typo3;typo3-extensions;tx-indexed-search
78345404,1,2024-04-18 06:52:21,0,86,1,,False,,reactjs;mongodb;chart.js;mern
78345405,1,2024-04-18 06:52:39,0,78,1,,False,,ios;swift;swiftui;protocols;downcast
78345421,1,2024-04-18 06:55:01,0,537,2,78345422.0,True,,nestjs;internationalization;nestjs-i18n
78345424,1,2024-04-18 06:55:19,0,206,1,78345509.0,True,,c++;c;linux;windows;g++
78345428,1,2024-04-18 06:55:37,1,77,1,78345882.0,True,,python;mypy;python-typing;python-polars
78345431,1,2024-04-18 06:56:09,1,76,0,,False,,javascript;reactjs;rollup;css-variables
78345432,1,2024-04-18 06:56:10,0,404,0,,False,,flutter;dart;flutter-dependencies;flutter-packages
78345435,1,2024-04-18 06:57:03,-1,222,1,78355295.0,True,,c++;c++17;x11;shared-memory;xcb
78345437,1,2024-04-18 06:57:22,0,97,1,,False,,spring-boot;cassandra;prometheus;grafana;observability
78345438,1,2024-04-18 06:57:40,0,1316,1,78345843.0,True,,sql-server;cdc
78345440,1,2024-04-18 06:58:07,3,397,1,78347719.0,True,,html;css;pdf
78345450,1,2024-04-18 06:59:05,4,164,3,78345501.0,True,2024-04-18 17:23:58,java;java-time
78345451,1,2024-04-18 06:59:30,-1,646,1,,True,,mobile;adb;kaios
78345453,1,2024-04-18 06:59:32,1,61,0,,False,2024-04-18 16:19:42,excel;vba;unicode
78345455,1,2024-04-18 06:59:50,0,289,1,78345516.0,True,2024-04-18 07:58:17,c#
78345463,1,2024-04-18 07:01:01,0,1492,0,,False,,docker;oauth-2.0;portainer
78345470,1,2024-04-18 07:02:01,0,30,0,,False,2024-04-18 09:11:49,r
78345471,1,2024-04-18 07:02:07,0,323,1,78345548.0,True,,rust
78345477,1,2024-04-18 07:02:20,0,574,1,,False,,firebase;google-analytics;firebase-analytics;google-analytics-4
78345479,1,2024-04-18 07:02:36,0,205,1,,True,,python;apache-spark;singlestore
78345485,1,2024-04-18 07:03:27,1,64,0,,False,,mongodb;orm;prisma
78345491,1,2024-04-18 07:04:52,0,40,1,,False,,django;django-authentication
78345492,1,2024-04-18 07:05:01,0,41,0,,False,,.net;visual-studio;csproj;target-framework
78345497,1,2024-04-18 07:05:27,0,39,1,78345550.0,True,,jquery;html-table;hide;html-tbody
78345506,1,2024-04-18 07:07:47,1,232,0,,False,,git
78345512,1,2024-04-18 07:09:13,0,96,1,78345592.0,True,,c++
78345517,1,2024-04-18 07:11:17,0,112,1,78345679.0,True,,r;dplyr;case;tidy;icd
78345518,1,2024-04-18 07:11:24,0,83,1,78347025.0,True,,python;django
78345526,1,2024-04-18 07:12:33,0,59,1,78346365.0,True,2024-04-19 11:58:52,javascript;arrays;colors
78345530,1,2024-04-18 07:13:07,0,127,1,,False,,spring-boot;spring-webflux;openapi;hateoas
78345531,1,2024-04-18 07:13:22,0,477,2,78353418.0,True,,azure;oauth;azure-api-management
78345532,1,2024-04-18 07:13:31,3,2959,1,,True,,android;android-jetpack-compose;android-jetpack;credential-manager
78345536,1,2024-04-18 07:14:42,0,317,1,,True,2024-04-18 09:02:53,sql;postgresql;oracle-database
78345547,1,2024-04-18 07:17:01,0,62,0,,False,,r;quanteda
78345552,1,2024-04-18 07:17:46,1,48,0,,False,,django;django-rest-framework;django-views;django-templates;drf-queryset
78345554,1,2024-04-18 07:18:16,1,146,2,,True,,python;file
78345555,1,2024-04-18 07:18:26,-1,114,3,,False,,python;local-variables
78345557,1,2024-04-18 07:18:48,1,232,1,78349675.0,True,,postman;newman
78345559,1,2024-04-18 07:19:37,0,2164,1,,False,,c#;.net-core;blazor;blazor-webassembly;mudblazor
78345563,1,2024-04-18 07:20:14,0,54,0,,False,,git;repository-pattern
78345569,1,2024-04-18 07:21:34,0,33,0,,False,,html;angular;material-ui
78345574,1,2024-04-18 07:21:58,0,455,2,,False,,c#;.net;openxml
78345584,1,2024-04-18 07:23:08,-1,728,1,,False,,javascript;reactjs;next.js;axios;mern
78345594,1,2024-04-18 07:25:18,0,43,1,,False,,sql;h2
78345605,1,2024-04-18 07:26:22,1,534,1,,True,,git;gitlab;git-lfs;git-filter-repo
78345610,1,2024-04-18 07:27:09,0,177,1,78348442.0,True,,vite;svelte;sveltekit
78345614,1,2024-04-18 07:27:55,0,1830,1,,False,,odoo;odoo-16
78345624,1,2024-04-18 07:30:26,0,157,1,,False,,ios;flutter;cocoapods;firebase-storage
78345626,1,2024-04-18 07:30:49,1,38,2,78345933.0,True,,typescript
78345629,1,2024-04-18 07:31:31,0,49,0,,False,,selenium-webdriver;listboxitem
78519340,1,2024-05-22 18:14:50,0,69,0,,False,,vba;pointers;copymemory
78519341,1,2024-05-22 18:14:56,0,120,1,,False,,swift;nstableview;cocoa-bindings;nsarraycontroller
78519346,1,2024-05-22 18:15:35,0,354,1,,False,,authentication;security;password-hash
78519347,1,2024-05-22 18:15:38,0,274,2,,True,,rust
78519351,1,2024-05-22 18:16:33,0,120,1,,False,,sql;mysql;database-migration
78519361,1,2024-05-22 18:19:35,0,41,1,78528114.0,True,,dataframe;scala;apache-spark
78519364,1,2024-05-22 18:20:47,0,2686,1,,True,,android;svg;android-vectordrawable
78519367,1,2024-05-22 18:21:26,-1,65,2,,False,,php;sql;reactjs;database;fetch
78519368,1,2024-05-22 18:21:29,0,40,1,,False,,laravel;nginx
78519370,1,2024-05-22 18:22:06,0,77,0,,False,,node.js;express;router
78519371,1,2024-05-22 18:22:09,-2,280,1,,False,,azure-cosmosdb
78519372,1,2024-05-22 18:22:20,0,47,1,,False,,spring-data-jpa;spring-transactions
78519382,1,2024-05-22 18:23:54,-3,139,1,78519515.0,True,2024-05-22 19:27:51,c++;gcc;compiler-errors;g++
78519389,1,2024-05-22 18:25:20,0,50,0,,False,,xamarin.forms;maui
78519390,1,2024-05-22 18:25:32,1,167,0,,False,,react-native;expo;mapview
78519394,1,2024-05-22 18:27:06,0,169,1,78523014.0,True,,angular;typescript;chart.js
78519398,1,2024-05-22 18:29:06,0,156,1,,False,,.net;swagger;asp.net-core-webapi;swagger-ui;swashbuckle.aspnetcore
78519401,1,2024-05-22 18:29:39,1,557,1,78572909.0,True,,javascript;php;wordpress;google-cloud-platform;recaptcha
78519402,1,2024-05-22 18:29:46,1,49,1,78523413.0,True,,sharepoint;powerapps
78519406,1,2024-05-22 18:30:51,0,160,1,,False,,c;linux;process;operating-system;posix
78519408,1,2024-05-22 18:31:00,0,353,1,,False,,typescript
78519412,1,2024-05-22 18:32:36,0,65,1,78519748.0,True,2024-05-23 05:45:58,sql;ms-access;join
78519413,1,2024-05-22 18:33:36,0,379,1,,True,,r;statistics;lme4
78519414,1,2024-05-22 18:33:53,0,411,1,78519541.0,True,,laravel;laravel-blade;cart;shopping-cart
78519416,1,2024-05-22 18:34:01,5,190,0,,False,,go;path-parameter
78519418,1,2024-05-22 18:34:32,1,558,1,78526070.0,True,,python;python-polars
78519426,1,2024-05-22 18:37:10,7,5662,1,78522251.0,True,,rider;azurite
78519430,1,2024-05-22 18:38:12,0,73,1,,False,,mariadb;rhel8
78519440,1,2024-05-22 18:41:34,1,69,2,,False,,reactjs;typescript;components;tailwind-css;autoresize
78519441,1,2024-05-22 18:41:49,1,153,1,78519510.0,True,,sql;string-aggregation;duckdb
78519448,1,2024-05-22 18:42:32,0,178,0,,False,,c++;windows;debugging;winapi
78519451,1,2024-05-22 18:43:27,1,99,2,,False,,typescript
78519455,1,2024-05-22 18:44:29,0,175,0,,False,,postgresql;cmake;vcpkg;libpq;libpqxx
78519456,1,2024-05-22 18:44:47,0,713,1,78520634.0,True,,maui
78519459,1,2024-05-22 18:44:55,1,99,3,,True,,plot;scilab;parametric-equations;xcos
78519460,1,2024-05-22 18:45:12,0,177,0,,False,,firebase;authentication;security;multi-factor-authentication
78519464,1,2024-05-22 18:45:45,0,93,0,,False,,excel;vba;xpath;xhtml;selectnodes
78519466,1,2024-05-22 18:45:48,0,331,1,,True,,windows;cuda;gpu;nvcc
78519479,1,2024-05-22 18:48:04,1,31,0,,False,,sql;griddb;database-view
78519481,1,2024-05-22 18:48:54,0,324,1,,False,,lwc;imperative
78519482,1,2024-05-22 18:48:55,0,71,1,,False,,excel;vba;copy
78519499,1,2024-05-22 18:52:12,0,102,0,,False,,ruby-on-rails;ubuntu;passenger;delayed-job
78519504,1,2024-05-22 18:53:17,1,75,0,,False,,python;python-3.x;alexa-skills-kit
78519509,1,2024-05-22 18:54:26,0,631,0,,False,,plsql;sqlcl
78519513,1,2024-05-22 18:56:23,2,74,2,,True,2024-05-24 06:37:02,python
78519514,1,2024-05-22 18:56:37,1,152,0,,False,,go;kubernetes
78519517,1,2024-05-22 18:57:25,0,114,2,78523987.0,True,,android;android-imageview;android-xml;android-drawable;android-resources
78519518,1,2024-05-22 18:57:25,2,38,1,78520393.0,True,,c#;sql;entity-framework
78519523,1,2024-05-22 18:58:35,-2,113,1,,True,2024-05-22 19:14:31,c++;algorithm
78519525,1,2024-05-22 18:58:51,1,49,0,,False,,reactjs;node.js;docker;docker-compose
78519531,1,2024-05-22 18:59:47,0,46,1,,False,,c++;string;c++11;data-structures
78519533,1,2024-05-22 19:00:14,-2,57,1,,False,,django;pythonanywhere
78519536,1,2024-05-22 19:01:35,1,56,0,,False,,java;spring-boot
78519540,1,2024-05-22 19:02:02,0,165,0,,False,,powershell;vs-code;scripting;credentials;invoke-webrequest
78519542,1,2024-05-22 19:02:19,0,171,0,,False,,c#;recursion;multidimensional-array
78519543,1,2024-05-22 19:02:32,0,51,0,,False,,vb.net
78519547,1,2024-05-22 19:03:59,-2,258,1,,False,,elasticsearch;recommendation-engine
78519548,1,2024-05-22 19:04:12,1,58,1,78519641.0,True,,r;vectorization;warnings
78519561,1,2024-05-22 19:06:39,1,563,2,,True,,html;css;flexbox;tailwind-css
78519562,1,2024-05-22 19:06:40,2,53,2,78519681.0,True,,python;windows
78519564,1,2024-05-22 19:07:05,0,1114,1,78540873.0,True,,android;excel;android-intent;sharepoint;android-deep-link
78519565,1,2024-05-22 19:07:13,-1,78,3,78519663.0,True,,reactjs;react-hooks;local-storage
78519574,1,2024-05-22 19:12:31,0,22,0,,False,,python;terminal
78519577,1,2024-05-22 19:13:17,0,73,0,,False,2024-05-22 20:21:58,matlab;matlab-struct
78519582,1,2024-05-22 19:14:28,0,290,0,,False,,python;vs-code;debugging;large-language-model
78519585,1,2024-05-22 19:15:15,0,36,2,78519597.0,True,,google-sheets
78519590,1,2024-05-22 19:16:20,-1,160,2,,False,,python;pandas;datetime
78519592,1,2024-05-22 19:16:42,1,591,1,,False,,metrics;sumologic
78519594,1,2024-05-22 19:16:54,0,113,1,78519689.0,True,,python
78519609,1,2024-05-22 19:22:18,0,100,3,78519686.0,True,,r;dataframe
78519611,1,2024-05-22 19:22:36,0,159,1,78524163.0,True,,bash;dialog;io-redirection;command-substitution
78519612,1,2024-05-22 19:22:39,1,1820,2,78577762.0,True,,python;audio;transcription;azure-speech;soundcard
78519613,1,2024-05-22 19:22:51,1,163,0,,False,,c;windows
78519614,1,2024-05-22 19:22:59,0,253,1,78520872.0,True,,css;vue.js;vuetify.js
78519615,1,2024-05-22 19:23:02,1,43,2,78519627.0,True,,typescript
78519618,1,2024-05-22 19:23:58,0,105,0,,False,,wordpress;google-tag-manager;event-tracking
78519622,1,2024-05-22 19:24:43,0,53,2,78519675.0,True,,c#;arrays
78519625,1,2024-05-22 19:25:49,0,193,1,,False,,java;android;react-native;gradle;react-native-maps
78519628,1,2024-05-22 19:26:54,0,67,1,,False,,.net;iis;httponly
78519629,1,2024-05-22 19:26:58,1,61,1,78519665.0,True,,python;pandas;dataframe;numpy;numpy-ndarray
78519630,1,2024-05-22 19:27:20,0,72,1,,False,,.net;asp.net-core;sdk;windows-10;.net-6.0
78519632,1,2024-05-22 19:27:57,0,186,1,78573529.0,True,,php;symfony;jwt;lexikjwtauthbundle
78519634,1,2024-05-22 19:28:36,1,1057,1,,True,,javascript;php;editorjs
78519636,1,2024-05-22 19:29:05,2,126,1,78519752.0,True,,python;pandas;dataframe;datetime;indexing
78519637,1,2024-05-22 19:29:29,0,81,1,78519706.0,True,,c#;.net;.net-core
78519640,1,2024-05-22 19:30:56,3,11241,2,,True,,python;pip
78519643,1,2024-05-22 19:31:01,0,30,0,,False,,blazor;.net-8.0
78519644,1,2024-05-22 19:31:13,2,167,0,,False,,vimeo;vimeo-api;vimeo-player
78519646,1,2024-05-22 19:31:55,1,133,1,,True,,arrays;c;char
78519650,1,2024-05-22 19:32:49,0,101,1,,False,,laravel
78519652,1,2024-05-22 19:33:42,0,130,2,78519794.0,True,,flutter
78519656,1,2024-05-22 19:35:15,1,153,1,,False,,javascript;css;dom;browser
78519657,1,2024-05-22 19:35:39,0,127,1,78519658.0,True,,python;pytest;pytest-dependency
78519666,1,2024-05-22 19:36:59,0,40,0,,False,,python;heroku
78519669,1,2024-05-22 19:37:31,0,86,1,,False,,swift
78519673,1,2024-05-22 19:37:52,0,236,0,,False,,ios;swift;swiftui
78519674,1,2024-05-22 19:38:06,0,239,1,,False,,python
78519682,1,2024-05-22 19:39:45,0,61,0,,False,,vb.net;linq;foreach;datatable
78519690,1,2024-05-22 19:41:42,0,19,0,,False,,hive
78519691,1,2024-05-22 19:42:20,0,130,1,,True,,firebase;firebase-authentication;google-oauth;firebase-admin
78565899,1,2024-06-02 08:52:01,2,211,1,78606614.0,True,,php;docker;suitecrm;symphony-cms
78565903,1,2024-06-02 08:54:03,3,481,3,78571970.0,True,,flutter;dart
78565910,1,2024-06-02 08:57:29,0,100,0,,False,,express;paypal;fetch-api
78565914,1,2024-06-02 09:00:33,-1,320,2,78566083.0,True,,powerbi;powerquery;powerbi-desktop
78565922,1,2024-06-02 09:02:36,0,586,1,78567294.0,True,,javascript;reactjs;next.js;jsx
78565927,1,2024-06-02 09:03:49,0,125,3,78566030.0,True,,excel;vba
78565933,1,2024-06-02 09:05:21,1,1300,1,,True,,javascript;laravel;vite;cloudflare;inertiajs
78565934,1,2024-06-02 09:05:33,0,54,0,,False,,python;scipy
78565942,1,2024-06-02 09:10:40,0,140,1,,False,,javascript;angularjs;bookmarklet
78565943,1,2024-06-02 09:10:48,0,48,0,,False,,c#;winforms
78565946,1,2024-06-02 09:12:20,3,215,1,,True,,android;kotlin;android-jetpack-compose;android-compose-textfield
78565949,1,2024-06-02 09:13:46,2,280,1,78566546.0,True,,.htaccess;http-redirect;mod-rewrite;apache2
78565952,1,2024-06-02 09:14:39,0,109,2,78566065.0,True,,pine-script;pine-script-v5
78565953,1,2024-06-02 09:15:06,0,209,1,78566916.0,True,,node.js;postgresql;transactions;nestjs;typeorm
78565956,1,2024-06-02 09:15:40,0,35,1,,False,,css;vs-code;sass
78565958,1,2024-06-02 09:16:23,0,37,1,,False,,python;django;django-models
78565961,1,2024-06-02 09:16:47,1,111,0,,False,,python;scikit-learn;cross-validation;multiclass-classification;lightgbm
78565963,1,2024-06-02 09:17:28,0,51,1,,True,,python;for-loop;graph;subplot
78565968,1,2024-06-02 09:21:13,1,1510,2,78566119.0,True,,kotlin;cors;kotlin-multiplatform;ktor
78565970,1,2024-06-02 09:21:39,2,154,1,78566310.0,True,,azure-devops;azure-pipelines
78565975,1,2024-06-02 09:22:52,1,2967,1,,True,,android;react-native;gradle;android-gradle-plugin;hybrid-mobile-app
78565978,1,2024-06-02 09:23:42,-1,38,1,,False,,machine-learning;data-analysis
78565980,1,2024-06-02 09:24:55,5,345,0,,False,,c++;macos;gcc;parallel-processing;c++17
78565981,1,2024-06-02 09:25:41,-1,54,1,78567639.0,True,,python;numpy;numpy-ufunc
78565984,1,2024-06-02 09:26:33,0,618,1,,False,,angular;nginx;nginx-config;nrwl-nx;micro-frontend
78565985,1,2024-06-02 09:26:34,0,461,1,78576348.0,True,,treesitter
78565997,1,2024-06-02 09:34:59,0,48,1,,False,,android;kotlin;android-jetpack-compose;composable
78566005,1,2024-06-02 09:41:41,2,191,1,,True,,macos;sed;zsh;github-pages
78566007,1,2024-06-02 09:42:48,0,193,1,,False,,amazon-web-services;git;version-control;aws-codecommit
78566011,1,2024-06-02 09:45:49,0,18,1,,False,,django-views;django-templates
78566013,1,2024-06-02 09:46:15,0,24,1,,False,,next.js;import;react-bootstrap
78566018,1,2024-06-02 09:48:16,2,688,1,78570300.0,True,,python;macros;libreoffice-calc
78566019,1,2024-06-02 09:49:00,0,115,1,78574115.0,True,,c#;uwp;toast;background-task;clickevent
78566024,1,2024-06-02 09:51:58,1,84,0,,False,,c#;performance
78566028,1,2024-06-02 09:54:41,3,1691,0,,False,,javascript;node.js;vue.js;vuejs3;vite
78566033,1,2024-06-02 09:56:47,3,113,1,,False,,scala;hdl;chisel
78566034,1,2024-06-02 09:57:03,1,40,2,78598401.0,True,,java;android;xml
78566035,1,2024-06-02 09:59:25,2,126,1,78566974.0,True,,javafx
78566036,1,2024-06-02 10:00:06,1,1065,2,78567681.0,True,,c++;x86;visual-studio-2022;libcurl;schannel
78566037,1,2024-06-02 10:00:11,0,528,1,,False,,sql;sql-server
78566040,1,2024-06-02 10:01:09,1,248,0,,False,,node.js;google-cloud-firestore;google-cloud-storage;firebase-admin;firebase-tools
78566042,1,2024-06-02 10:01:19,0,165,1,,False,,python;django;django-runserver
78566048,1,2024-06-02 10:04:40,0,89,1,,False,,python;redis;scrapy
78566053,1,2024-06-02 10:07:02,1,497,2,78595712.0,True,,c++;algorithm;convex-hull;grahams-scan
78566054,1,2024-06-02 10:08:10,0,143,1,,False,,html;css;drop-down-menu;nav
78566059,1,2024-06-02 10:09:44,1,52,0,,False,,next.js;ip;vercel
78566066,1,2024-06-02 10:16:17,1,340,1,,False,,c++;swift;objective-c;macos;opencv
78566073,1,2024-06-02 10:19:11,-2,60,1,78566120.0,True,2024-06-02 10:44:12,python;matrix
78566082,1,2024-06-02 10:22:41,0,171,0,,False,,wordpress;wordpress-theming;contact-form-7
78566093,1,2024-06-02 10:26:06,0,58,1,78709212.0,True,,python;class;methods;operator-overloading
78566094,1,2024-06-02 10:26:32,-1,81,1,78567130.0,True,,css;css-grid
78566101,1,2024-06-02 10:29:20,5,368,2,78566236.0,True,,reactjs;typescript;next.js;internationalization
78566105,1,2024-06-02 10:30:37,0,248,1,,True,,swiftui;statusbar;apple-watch
78566113,1,2024-06-02 10:33:22,1,30,0,,False,,c;dns;unbound
78566115,1,2024-06-02 10:34:08,1,118,3,,False,,git;version-control;dependencies
78566118,1,2024-06-02 10:35:34,1,890,1,,False,,go
78566121,1,2024-06-02 10:37:20,1,71,1,78590576.0,True,,c#;unity-game-engine;chess
78566125,1,2024-06-02 10:37:35,-2,2067,2,,True,2024-06-02 11:04:04,python;python-3.x
78566126,1,2024-06-02 10:37:42,0,80,1,78577794.0,True,,qt;vtable
78566127,1,2024-06-02 10:38:32,0,43,1,78566569.0,True,,spring;spring-boot;spring-security
78566128,1,2024-06-02 10:39:16,-1,32,1,,False,,jquery;css;drag-and-drop;overflow
78566130,1,2024-06-02 10:40:27,0,219,2,,True,2024-06-02 13:21:33,sql;mariadb
78566139,1,2024-06-02 10:44:53,1,251,0,,False,,electron;squirrel.windows;electron-window
78566140,1,2024-06-02 10:44:59,0,116,1,78566227.0,True,,reactjs;next.js;next.js13
78566145,1,2024-06-02 10:47:41,0,43,1,78566558.0,True,,javascript;html;css
78566165,1,2024-06-02 10:56:30,1,56,1,78566233.0,True,,flutter;dart;admob
78566167,1,2024-06-02 10:56:36,1,23,0,,False,,time-series;lstm;tensorflow2.0
78566170,1,2024-06-02 10:59:00,1,26,0,,False,,azure-synapse-analytics
78566176,1,2024-06-02 11:00:56,0,324,1,,False,,android;nativescript;filepicker
78566178,1,2024-06-02 11:01:46,0,782,2,,True,,ios;swift;swiftui;text;formatting
78566179,1,2024-06-02 11:01:49,2,51,0,,False,,python;openai-api;raspberry-pi4
78566180,1,2024-06-02 11:01:56,0,95,1,,False,,pytorch;huggingface-transformers
78566181,1,2024-06-02 11:02:13,0,33,0,,False,,java;android;kotlin
78566188,1,2024-06-02 11:06:42,1,121,0,,False,,angular;angular-reactive-forms;directive
78566190,1,2024-06-02 11:07:00,-1,55,3,,True,,javascript;html;forms;button;onclick
78566199,1,2024-06-02 11:12:23,1,531,0,,False,,python;jupyter-notebook;ipython;jupyter-lab;jupyter-irkernel
78566200,1,2024-06-02 11:12:31,0,331,0,,False,,vs-code;dynamics-business-central;dynamics-al
78566201,1,2024-06-02 11:12:42,2,96,0,,False,,javascript;directus
78566202,1,2024-06-02 11:12:51,1,1629,1,,False,,c#;angular;asp.net-core;.net-8.0;dotnet-aspire
78566203,1,2024-06-02 11:12:53,1,42,0,,False,,gdscript
78566204,1,2024-06-02 11:13:37,0,102,0,,False,,javascript;reactjs;axios;google-drive-api;fetch-api
78566208,1,2024-06-02 11:13:52,0,59,1,78566259.0,True,,javascript;vue.js;vuejs2
78566214,1,2024-06-02 11:18:39,1,191,1,,False,,java;nullpointerexception;sonarqube;static-analysis;sonarlint
78566217,1,2024-06-02 11:19:21,-3,1568,1,,True,,linux;exiftool
78566222,1,2024-06-02 11:21:36,1,78,2,,True,,performance;google-apps-script;libraries
78566224,1,2024-06-02 11:21:46,1,361,1,,True,,c#;asp.net-core;blazor;localization
78566225,1,2024-06-02 11:22:25,0,192,1,,False,,swift;xcode;swiftui;xcode15
78566237,1,2024-06-02 11:24:58,2,95,0,,False,,flutter;dart;dart-html
78566239,1,2024-06-02 11:25:23,0,785,1,78567957.0,True,,docker;nginx;next.js;docker-compose
78566242,1,2024-06-02 11:26:44,1,118,0,,False,,rsync
78566245,1,2024-06-02 11:27:19,2,153,2,,True,,php;php-pgsql
78566255,1,2024-06-02 11:31:17,1,232,1,78586831.0,True,,r;rstudio;rcpp
78566257,1,2024-06-02 11:31:48,0,257,2,,False,,javascript;jquery;ajax;nginx
78566263,1,2024-06-02 11:34:14,2,203,0,,False,,raspberry-pi;yocto;qemu
78566267,1,2024-06-02 11:36:18,0,194,1,78689385.0,True,,ios;swiftui;spotlight;nsuseractivity
78566272,1,2024-06-02 11:37:43,-1,82,1,78579630.0,True,,google-sheets;google-apps-script
78566276,1,2024-06-02 11:38:08,0,58,0,,False,,.htaccess
78566281,1,2024-06-02 11:39:53,0,55,1,,True,,python;pandas;datetime
78566284,1,2024-06-02 11:40:35,0,202,1,,False,,webgl;projection;depth-buffer
78566286,1,2024-06-02 11:41:26,1,659,1,,False,,c#;azure;proxy;signalr;azure-api-management
78718753,1,2024-07-08 00:48:20,0,507,0,,False,,python;linux;windows;docker;dockerfile
78718756,1,2024-07-08 00:50:09,0,69,0,,False,,node.js;postgresql;prisma
78718758,1,2024-07-08 00:52:08,2,113,2,78718784.0,True,,c
78718762,1,2024-07-08 00:54:45,1,3724,1,78719227.0,True,,python;python-3.x;pandas;linux;pip
78718763,1,2024-07-08 00:55:24,1,52,1,78718779.0,True,,jquery
78718770,1,2024-07-08 00:59:53,0,653,1,,False,,node.js;next.js;import;node-modules;importerror
78718776,1,2024-07-08 01:04:20,0,196,1,78777370.0,True,,rust;dynamic;enums
78718782,1,2024-07-08 01:08:15,0,92,3,,False,,flutter;dart
78718781,1,2024-07-08 01:08:15,1,68,0,,False,,javascript;node.js;puppeteer;puppeteer-cluster
78718786,1,2024-07-08 01:11:34,0,204,0,,False,,node.js;npm;ionic-framework;node-gyp
78718801,1,2024-07-08 01:23:00,0,1851,1,,False,,node.js;web-scraping;bots;puppeteer
78718812,1,2024-07-08 01:29:23,0,58,0,,False,,javascript;html;streaming
78718814,1,2024-07-08 01:30:23,1,390,1,78719598.0,True,,javascript;css;animation;css-animations
78718829,1,2024-07-08 01:39:33,1,75,1,,True,,php;html
78718830,1,2024-07-08 01:40:21,0,80,1,,True,,google-apps-script
78718833,1,2024-07-08 01:41:06,1,138,1,78718898.0,True,,for-loop;filenames
78718835,1,2024-07-08 01:41:39,0,129,2,78718881.0,True,,javascript;reactjs;typescript
78718836,1,2024-07-08 01:42:03,-2,276,2,,False,2024-07-08 04:28:19,c++
78718838,1,2024-07-08 01:42:43,0,88,0,,False,,sharepoint;sharepoint-search;sharepoint-2019
78718842,1,2024-07-08 01:45:36,0,274,1,78719398.0,True,,git;azure-devops;pull-request
78718844,1,2024-07-08 01:46:25,0,156,1,,False,,typescript;generics;functional-programming;fp-ts
78718851,1,2024-07-08 01:49:53,0,74,0,,False,,javascript;firebase;unit-testing;google-cloud-firestore;google-cloud-functions
78718866,1,2024-07-08 01:59:13,0,1162,1,78720358.0,True,,json;kotlin;import
78718871,1,2024-07-08 02:01:21,2,238,0,,False,,python;windows;debugging;build;anaconda
78718891,1,2024-07-08 02:16:53,5,249,2,,True,2024-07-08 03:03:49,python;list;performance;data-structures;iterable-unpacking
78718895,1,2024-07-08 02:18:10,0,267,0,,False,,python;plotly-dash
78718902,1,2024-07-08 02:20:46,0,504,1,78818624.0,True,,.net;aws-secrets-manager
78718916,1,2024-07-08 02:27:01,1,6504,1,78744459.0,True,,ubuntu;unix;bioinformatics
78718926,1,2024-07-08 02:33:53,-1,177,2,,False,,kubernetes;scale
78718927,1,2024-07-08 02:34:30,0,94,1,78719898.0,True,,java;spring-boot;np-hard;timefold
78719441,1,2024-07-08 02:35:23,1,205,1,78719961.0,True,,linux;python
78718931,1,2024-07-08 02:37:20,0,65,1,,False,,spring-cloud-stream;solace
78718934,1,2024-07-08 02:37:42,0,105,1,,False,,java;intellij-idea
78718939,1,2024-07-08 02:39:50,2,305,0,,False,,svelte;sveltekit
78718955,1,2024-07-08 02:51:50,0,136,1,,False,,next.js;url-rewriting;subdomain
78718957,1,2024-07-08 02:52:24,1,63,0,,False,2024-07-08 03:02:05,javascript;local-storage
78718959,1,2024-07-08 02:53:11,1,2498,1,78728472.0,True,,javascript;java;netbeans;fxml
78718963,1,2024-07-08 02:57:35,0,323,1,,False,,spring-boot;maven;dependency-management;multi-module
78718972,1,2024-07-08 03:04:56,0,210,2,78727702.0,True,,amazon-web-services;datetime;terraform;quotes;string-concatenation
78718973,1,2024-07-08 03:05:59,0,49,1,,False,,flutter;statefulwidget
78718978,1,2024-07-08 03:09:41,1,67,1,78719005.0,True,,angular;validation;input;currency
78718992,1,2024-07-08 03:18:05,0,391,0,,False,,docker;dockerfile;xvfb
78718994,1,2024-07-08 03:19:49,2,678,1,,True,,rust;rust-cargo
78718996,1,2024-07-08 03:20:38,0,59,1,78719063.0,True,,python;html;http;server;simplehttprequesthandler
78718999,1,2024-07-08 03:21:28,0,113,1,,True,,heap-memory;predicate;dafny
78719004,1,2024-07-08 03:25:06,0,128,1,78719798.0,True,,vue.js;vuejs3
78719006,1,2024-07-08 03:26:13,1,55,0,,False,,r;pivot-table;expss
78719009,1,2024-07-08 03:27:59,-1,104,1,,False,,rest;azure-data-factory
78719013,1,2024-07-08 03:29:18,1,193,0,,False,,apiblueprint;apiary.io;dart-frog
78719016,1,2024-07-08 03:30:30,0,726,1,78767868.0,True,,azure;azure-front-door
78719017,1,2024-07-08 03:31:01,0,52,1,78719057.0,True,,r;ggplot2
78719024,1,2024-07-08 03:36:16,0,168,0,,False,,node.js;performance;electron;ipc;video-processing
78719026,1,2024-07-08 03:36:41,0,318,0,,False,,loops;vuejs3;splidejs
78719035,1,2024-07-08 03:41:07,0,117,1,,True,,java;digital-signature;itext7
78719036,1,2024-07-08 03:41:20,-1,188,1,,False,2024-07-08 12:07:56,docker
78719038,1,2024-07-08 03:41:51,2,449,0,,False,,java;maven;serenity-bdd;cucumber-serenity;serenity
78719053,1,2024-07-08 03:54:57,1,328,1,78720063.0,True,,dataframe;geopandas;coordinate-systems
78719058,1,2024-07-08 04:00:45,1,99,2,,False,,algorithm;math;graph;traversal
78719060,1,2024-07-08 04:01:21,0,191,1,,True,2024-07-12 15:45:56,sql;oracle-database;plsql
78719065,1,2024-07-08 04:04:21,0,58,0,,False,,c++;boost;boost-python
78719068,1,2024-07-08 04:07:24,1,270,1,,False,,python;tensorflow;machine-learning;keras;image-classification
78719070,1,2024-07-08 04:08:40,1,586,1,78722799.0,True,,ibm-doors
78719073,1,2024-07-08 04:10:46,1,45,2,78719107.0,True,,r;dplyr
78719075,1,2024-07-08 04:11:12,1,437,1,78719076.0,True,,sql-server;cdc
78719078,1,2024-07-08 04:11:35,2,168,1,78719112.0,True,,python;python-typing;python-polars;pyright
78719088,1,2024-07-08 04:20:31,2,530,1,,False,,php;reactjs;axios;laravel-8;laravel-sanctum
78719091,1,2024-07-08 04:20:59,0,108,1,,False,,forms;qwik
78719098,1,2024-07-08 04:23:59,1,1512,1,,False,,ubuntu;elasticsearch
78719110,1,2024-07-08 04:29:37,2,129,2,78719167.0,True,,arrays;perl;splice
78719115,1,2024-07-08 04:33:05,1,210,1,,False,,flutter;firebase;certificate;keystore;android-keystore
78719117,1,2024-07-08 04:33:10,-3,646,1,,True,,reactjs;redux;redux-toolkit;redux-persist
78719121,1,2024-07-08 04:36:03,1,29,0,,False,2024-07-08 14:08:18,flutter;firebase-authentication;firebase-tools
78719122,1,2024-07-08 04:36:06,1,120,2,78723765.0,True,,git;github
78719124,1,2024-07-08 04:36:26,0,1485,3,,True,,google-sheets;google-apps-script
78719125,1,2024-07-08 04:37:50,-1,254,1,78737355.0,True,,swift;google-maps;mapkit;mkmapview
78719128,1,2024-07-08 04:39:20,-1,61,1,,False,,hpcc-ecl;hpcc
78719132,1,2024-07-08 04:43:33,0,195,1,78783566.0,True,,rust;fltk
78719134,1,2024-07-08 04:44:41,1,675,1,,True,,.net;asp.net-core;validation;jwt;token
78719135,1,2024-07-08 04:44:58,3,734,1,78719172.0,True,,python;dataframe;list;python-polars
78719136,1,2024-07-08 04:45:40,0,68,0,,False,,javascript;react-native;expo;react-native-elements
78719140,1,2024-07-08 04:47:12,0,40,0,,False,,android;kotlin;android-studio;authentication;android-textinputlayout
78719143,1,2024-07-08 04:49:40,-1,50,1,,False,,r;dataframe;nested-lists
78719144,1,2024-07-08 04:50:23,2,127,2,78723843.0,True,,r;missing-data;emmeans;forcats
78719145,1,2024-07-08 04:50:39,-1,142,1,,True,2024-07-08 06:34:22,c#;multithreading;asp.net-core;.net-core;threadpool
78719147,1,2024-07-08 04:51:23,0,77,1,78720658.0,True,,json;powershell;github;github-actions
78719151,1,2024-07-08 04:53:57,0,121,2,78719682.0,True,,c#;.net;task-parallel-library;.net-4.8
78719155,1,2024-07-08 04:58:13,1,1020,1,,False,,python;tensorflow;pytorch
78719157,1,2024-07-08 04:58:27,1,200,1,78719170.0,True,,angular;unit-testing;mocking;karma-jasmine
78719158,1,2024-07-08 04:59:42,1,50,1,78719620.0,True,,c#;asp.net-mvc;asp.net-core;.net-6.0
78719159,1,2024-07-08 05:00:15,0,212,1,78720379.0,True,,amazon-web-services;aws-lambda;aws-event-bridge
78719165,1,2024-07-08 05:03:50,0,422,2,78719717.0,True,,azure;powershell;azure-storage
78719188,1,2024-07-08 05:15:45,0,185,1,78719529.0,True,2024-07-08 17:11:47,c;embedded;pic;microchip
78719193,1,2024-07-08 05:17:33,0,41,1,,False,,compiler-errors;applescript
78719195,1,2024-07-08 05:19:21,0,283,2,,False,,javascript;node.js;puppeteer
78719197,1,2024-07-08 05:20:12,0,33,0,,False,,deep-learning;reshape;numpy-ndarray;sequential;minmax
78719198,1,2024-07-08 05:20:25,4,233,0,,False,2024-07-08 07:24:04,c++;range-v3
78719201,1,2024-07-08 05:20:50,0,85,0,,False,,excel;vba
78719204,1,2024-07-08 05:22:01,1,80,1,,True,,arrays;fortran;allocation
78719206,1,2024-07-08 05:22:38,0,1655,1,,False,,azure
78719210,1,2024-07-08 05:24:48,1,74,1,78719323.0,True,,html;go;http;templates
78854730,1,2024-08-09 22:09:22,0,172,1,78871798.0,True,,sql-server;stored-procedures;database-design;foreign-keys;cascading-deletes
78854731,1,2024-08-09 22:09:54,0,131,4,78855219.0,True,,flutter;sharedpreferences;flutter-dependencies
78854734,1,2024-08-09 22:10:37,1,355,1,78855037.0,True,,delphi;delphi-11-alexandria
78854736,1,2024-08-09 22:10:46,0,274,1,,True,,html;google-chrome;htmx
78854738,1,2024-08-09 22:12:03,1,64,1,,True,2024-08-10 18:31:28,bash;docker;sed;github-actions
78854743,1,2024-08-09 22:18:01,1,25,0,,False,2024-08-09 22:20:11,python;class;attributeerror
78854746,1,2024-08-09 22:19:32,1,45,1,78854770.0,True,,javascript;scope;global-variables;addeventlistener
78854750,1,2024-08-09 22:22:20,0,63,0,,False,,javascript;ruby-on-rails;ruby-on-rails-7
78854753,1,2024-08-09 22:24:47,0,866,0,,False,,spring-boot;spring-security
78854755,1,2024-08-09 22:25:44,0,214,0,,False,,android;ios;maui
78854757,1,2024-08-09 22:27:39,0,97,2,,True,,python;pandas;dataframe;jupyter-notebook
78854759,1,2024-08-09 22:29:43,0,264,1,78854807.0,True,,git;github
78854760,1,2024-08-09 22:30:13,0,526,1,,False,,javascript;java;android;webview;compatibility
78854761,1,2024-08-09 22:30:23,1,723,1,,True,,firebase;google-cloud-firestore
78854762,1,2024-08-09 22:31:01,-1,78,1,78854790.0,True,,flutter;firebase-authentication;google-signin
78854766,1,2024-08-09 22:32:59,0,115,1,,False,,node.js;express;rest
78854767,1,2024-08-09 22:33:42,0,122,1,78854946.0,True,,ios;swift;xcode;swiftui
78854773,1,2024-08-09 22:36:50,0,114,1,78854793.0,True,,python;module;conda;importerror;sys.path
78854780,1,2024-08-09 22:41:21,0,147,2,,False,,maui
78854784,1,2024-08-09 22:45:20,0,62,0,,False,,android;android-recyclerview
78854797,1,2024-08-09 22:52:47,0,89,1,78856793.0,True,2024-08-12 04:38:36,oracle-database;plsql;database-administration;tablespace
78854799,1,2024-08-09 22:53:06,0,59,0,,False,,python;locust;botpress
78854804,1,2024-08-09 22:54:00,0,180,2,,False,,apache;security;curl;couchdb;hsts
78854815,1,2024-08-09 22:59:30,0,80,1,,False,,django;server;backend;django-tenants
78854817,1,2024-08-09 23:01:00,-2,483,1,,False,,ios;flutterflow
78854819,1,2024-08-09 23:02:01,1,160,3,78855208.0,True,2024-08-10 04:50:04,bash;shell
78854823,1,2024-08-09 23:04:46,1,211,1,78863241.0,True,,google-kubernetes-engine;skaffold;google-cloud-deploy
78854824,1,2024-08-09 23:05:14,1,65,1,78854877.0,True,2024-08-10 05:47:41,r;dataframe;repeat
78854827,1,2024-08-09 23:09:21,2,126,1,,False,,ios;swift;swiftui;swiftui-list
78854829,1,2024-08-09 23:10:57,0,85,0,,False,,linux-device-driver;device-tree
78854838,1,2024-08-09 23:16:02,0,442,1,78855494.0,True,,reactjs;tailwind-css;daisyui
78854839,1,2024-08-09 23:16:44,3,3155,1,79113433.0,True,,humio
78854842,1,2024-08-09 23:21:03,0,171,1,,False,,amazon-web-services;docker;jenkins;devops
78854843,1,2024-08-09 23:21:04,1,54,1,78854942.0,True,,apache-spark;pyspark;apache-spark-sql;time-series
78854845,1,2024-08-09 23:21:49,1,153,1,,False,,openmdao
78854848,1,2024-08-09 23:23:34,0,164,1,,True,,css;background;shopify;liquid
78854849,1,2024-08-09 23:24:46,2,152,1,,True,,c++;gps;c++20;clock;c++-chrono
78854850,1,2024-08-09 23:26:09,0,186,1,78854929.0,True,,github;azure-devops;azure-pipelines;azure-databricks
78854855,1,2024-08-09 23:29:47,1,250,1,,True,,blazor;blazor-server-side;blazor-webassembly
78854857,1,2024-08-09 23:32:41,2,62,1,,True,,python;python-requests;try-except;raise
78854868,1,2024-08-09 23:46:01,-1,52,1,,True,2024-08-10 08:17:25,typescript
78854878,1,2024-08-09 23:53:53,0,60,1,,False,,flutter;performance;flutter-dependencies;responsive
78854888,1,2024-08-10 00:01:50,1,38,0,,False,,charts;material-ui
78854892,1,2024-08-10 00:03:27,3,984,0,,False,,python;youtube;youtube-dl
78854897,1,2024-08-10 00:05:43,1,242,4,78855497.0,True,,arrays;excel;if-statement;excel-formula;drop
78854930,1,2024-08-10 00:29:13,0,97,0,,False,,c++
78854931,1,2024-08-10 00:29:37,-1,54,1,78867135.0,True,,laravel;full-text-search;typesense
78854933,1,2024-08-10 00:31:06,1,112,0,,False,,javascript;datatables;gridjs
78854937,1,2024-08-10 00:33:39,1,75,3,,True,,powershell
78854941,1,2024-08-10 00:34:27,1,579,1,78854957.0,True,,steam;steam-web-api
78854947,1,2024-08-10 00:39:48,0,59,1,,False,,python;google-earth-engine
78854948,1,2024-08-10 00:40:07,0,1099,1,,True,,python;azure;authentication;azure-devops;ado
78854954,1,2024-08-10 00:43:36,0,110,1,,False,,java;xtend
78854958,1,2024-08-10 00:46:18,0,174,0,,False,,macos;ssh;jetbrains-ide;jetbrains-fleet
78854961,1,2024-08-10 00:49:45,1,189,0,,False,,ios;flutter;ios-simulator
78854964,1,2024-08-10 00:50:27,0,103,1,,False,,apache-spark;apache-spark-sql
78854965,1,2024-08-10 00:50:43,0,84,0,,False,,makefile;gnu-make
78854977,1,2024-08-10 01:05:58,4,805,1,78855731.0,True,,latex;tikz;pgf
78854980,1,2024-08-10 01:08:21,1,1213,2,78854982.0,True,,excel;vba;time;formatting;text-formatting
78854988,1,2024-08-10 01:15:31,1,64,0,,False,,php;laravel;vuejs3;inertiajs
78854993,1,2024-08-10 01:16:50,0,29,0,,False,,javascript;sql;reactjs;mariadb
78855000,1,2024-08-10 01:23:07,0,388,1,78855187.0,True,,google-cloud-build
78855003,1,2024-08-10 01:25:16,0,384,2,78863199.0,True,,microsoft-graph-api
78855004,1,2024-08-10 01:26:24,0,470,0,,False,,quarkus;quarkus-panache
78855008,1,2024-08-10 01:28:10,0,91,1,78859402.0,True,,mrtg
78855013,1,2024-08-10 01:30:44,1,85,1,78855293.0,True,,r;gis;geospatial
78855016,1,2024-08-10 01:33:24,1,88,0,,False,,javascript;unit-testing;jestjs;nestjs;ts-jest
78855022,1,2024-08-10 01:35:46,0,48,2,78855578.0,True,,python;dataframe;list
78855023,1,2024-08-10 01:36:18,0,44,2,78857988.0,True,,velo
78855024,1,2024-08-10 01:37:36,0,67,0,,False,,lua;roblox
78855031,1,2024-08-10 01:50:56,0,77,1,,True,,c++;arrays;function
78855032,1,2024-08-10 01:50:59,0,1182,1,78856964.0,True,,c++;unreal-engine5;unresolved-external
78855036,1,2024-08-10 01:56:22,0,109,0,,False,,ios;xcode;tuist
78855039,1,2024-08-10 01:58:51,1,43,1,,True,,flutter;dropdown
78855042,1,2024-08-10 01:59:49,1,263,2,,True,,sql;database;postgresql;upsert
78855043,1,2024-08-10 02:00:19,1,90,0,,False,,java;spring-boot;docker;tomcat;centos
78855046,1,2024-08-10 02:03:00,1,191,1,,False,,gdb;esp32;arm64
78855048,1,2024-08-10 02:05:12,1,138,0,,False,,reactjs;typescript;tailwind-css;storybook
78855053,1,2024-08-10 02:12:29,-1,117,2,,False,,c#;design-patterns;singleton
78855055,1,2024-08-10 02:13:30,3,811,2,,True,,c#;asp.net-core;model-binding;.net-8.0;minimal-apis
78855060,1,2024-08-10 02:18:58,0,75,1,78856998.0,True,,splunk;splunk-query
78855064,1,2024-08-10 02:20:47,-1,69,1,78855151.0,True,,java;floating-point;strictfp
78855065,1,2024-08-10 02:22:59,0,282,1,,False,,c#;sql;.net;xaml;maui
78855068,1,2024-08-10 02:24:57,1,200,3,,False,,css;flexbox
78855072,1,2024-08-10 02:28:52,-1,98,1,,True,2024-08-12 17:06:29,random;pseudocode
78855075,1,2024-08-10 02:29:39,-1,55,3,,False,,javascript;node.js
78855076,1,2024-08-10 02:29:58,0,230,3,,True,2024-08-11 13:06:44,javascript;html;jquery;css
78855084,1,2024-08-10 02:35:51,-1,112,1,,True,,java;android;kotlin
78855093,1,2024-08-10 02:48:04,0,365,1,78856123.0,True,,unity-dots;unity-ecs
78855096,1,2024-08-10 02:50:58,0,79,1,,False,2024-08-11 23:42:22,python;if-statement
78855097,1,2024-08-10 02:51:20,0,145,1,,False,,python;selenium-webdriver
78855098,1,2024-08-10 02:51:47,0,85,0,,False,,c++;multithreading;concurrency;semaphore;condition-variable
78855104,1,2024-08-10 02:53:07,0,75,1,,False,,tensorflow;keras;tensorflow.js
78855105,1,2024-08-10 02:55:16,0,55,0,,False,,python;python-typing;partial-application
78855108,1,2024-08-10 02:57:35,0,99,1,78868844.0,True,,arrays;json;quickbase
78855110,1,2024-08-10 02:57:53,0,41,1,,False,,django;django-views;django-templates
78855111,1,2024-08-10 02:58:42,-1,60,1,78855375.0,True,,google-sheets;google-apps-script;google-sheets-formula
78855123,1,2024-08-10 03:05:41,0,30,0,,False,,django;django-templates
78855127,1,2024-08-10 03:08:17,0,30,0,,False,,firebase;google-cloud-firestore;firebase-security
78855131,1,2024-08-10 03:11:46,1,406,0,,False,,authorization;open-fga
78943520,1,2024-09-03 09:06:49,1,124,1,,False,,three.js;keyboard;augmented-reality;virtual-reality;webxr
78943527,1,2024-09-03 09:08:04,0,324,0,,False,,javascript;performance;rust;tauri
78943535,1,2024-09-03 09:10:32,0,104,1,78948970.0,True,,sql-server;azure-sql-database
78943536,1,2024-09-03 09:10:46,1,141,1,78943597.0,True,,angular;typescript;angular-signals
78943543,1,2024-09-03 09:11:47,1,26,0,,False,,github;graphql
78943547,1,2024-09-03 09:12:25,3,5600,3,,True,,vs-code;vscode-extensions
78943557,1,2024-09-03 09:14:22,1,213,0,,False,,performance;rust;webassembly;rust-wasm;web-sys
78943559,1,2024-09-03 09:15:07,0,374,1,,False,,reactjs;typescript;botframework;direct-line-botframework;web-chat
78943567,1,2024-09-03 09:18:09,-1,47,1,,False,,excel;vba;charts;linechart
78943569,1,2024-09-03 09:19:05,0,182,1,78946681.0,True,,databricks;databricks-unity-catalog
78943576,1,2024-09-03 09:21:53,0,148,1,,False,,azure;terraform
78943577,1,2024-09-03 09:21:57,0,148,1,,False,,spring;spring-boot;spring-security;keycloak
78943582,1,2024-09-03 09:23:56,1,214,0,,False,,docker;.net-core;testcontainers;xunit.net
78943594,1,2024-09-03 09:26:51,1,396,2,78943741.0,True,,c#;asp.net-core-webapi;asp.net-core-8
78943599,1,2024-09-03 09:27:34,1,163,2,78943789.0,True,,c;language-lawyer;evaluation;constant-expression;expression-evaluation
78943600,1,2024-09-03 09:27:49,2,130,3,78943643.0,True,,r;dplyr
78943601,1,2024-09-03 09:28:01,0,340,1,,False,,python;python-typing;pyright;imblearn
78943603,1,2024-09-03 09:28:45,0,1132,1,,False,,reactjs;validation;next.js;zod
78943604,1,2024-09-03 09:28:47,3,287,1,,False,,flutter;widget-test-flutter
78943610,1,2024-09-03 09:29:50,0,81,1,,False,,google-analytics-4;custom-events
78943618,1,2024-09-03 09:31:27,0,258,1,,False,,intellij-idea;android-sdk-tools
78943622,1,2024-09-03 09:32:37,2,1862,3,,True,,python;excel;dataframe;python-polars
78943623,1,2024-09-03 09:32:41,1,345,0,,False,,directus
78943629,1,2024-09-03 09:33:42,-3,155,1,78943700.0,True,,go;memory;slice;allocation
78943637,1,2024-09-03 09:34:48,1,121,1,,False,,xaml;uwp;directx;xaml-islands
78943642,1,2024-09-03 09:35:46,1,116,1,,True,,openedge;progress-4gl
78943647,1,2024-09-03 09:36:52,0,140,1,,False,,azure-keyvault;azure-api-management
78943653,1,2024-09-03 09:38:34,0,165,1,,False,,jquery;asp.net;asp.net-mvc;asp.net-core;asp.net-ajax
78943655,1,2024-09-03 09:38:39,0,246,2,,True,,javascript;dom;web-component
78943659,1,2024-09-03 09:39:29,0,51,0,,False,,gradle;build.gradle;gradle-plugin;xtext;xtend
78943660,1,2024-09-03 09:39:39,1,69,1,78943725.0,True,,excel;excel-formula
78943668,1,2024-09-03 09:43:21,1,47,1,,False,,react-native;accessibility
78943676,1,2024-09-03 09:44:35,0,65,2,,False,,mongodb;express;cookies;token
78943679,1,2024-09-03 09:45:19,4,242,2,,False,,android;kotlin;android-jetpack-compose
78943680,1,2024-09-03 09:45:21,2,537,2,78948819.0,True,,typescript;typescript-generics
78943686,1,2024-09-03 09:46:33,1,51,0,,False,,javascript;python;matlab;load;translate
78943695,1,2024-09-03 09:48:48,0,73,1,,True,,dygraphs
78943705,1,2024-09-03 09:51:25,-1,157,2,,True,,python;numpy;image-processing
78943710,1,2024-09-03 09:52:18,1,195,0,,False,,delphi;unidac
78943711,1,2024-09-03 09:52:28,1,634,1,,False,,databricks;azure-databricks;databricks-unity-catalog
78943714,1,2024-09-03 09:53:11,1,377,1,78957412.0,True,,rust;slint
78943716,1,2024-09-03 09:53:49,1,50,0,,False,,python;pyspark
78943718,1,2024-09-03 09:54:00,0,72,1,,False,,javascript;django;cookies;django-templates
78943733,1,2024-09-03 09:57:42,0,1655,1,78944034.0,True,,docker;docker-compose;gradio
78943739,1,2024-09-03 09:58:19,1,122,2,78945135.0,True,,vue.js;vuejs3;vue-component;vuetify.js;vuetifyjs3
78943744,1,2024-09-03 09:59:13,0,55,1,,False,,windows;keil;stm32cubeide;dac
78943750,1,2024-09-03 10:00:29,1,77,1,,False,,next.js;share-open-graph
78943753,1,2024-09-03 10:00:50,3,388,0,,False,,javascript;google-chrome
78943756,1,2024-09-03 10:02:25,0,989,1,78944515.0,True,,azure-devops
78943760,1,2024-09-03 10:03:35,0,618,1,,False,,unreal-engine5;shading;skeletal-mesh
78943764,1,2024-09-03 10:04:50,0,1046,2,,True,,postgresql;spring-boot;testing;integration-testing;h2
78943765,1,2024-09-03 10:04:57,1,1386,1,,False,,spring-boot;spring-security;rest-client
78943767,1,2024-09-03 10:05:29,1,765,1,,True,,robotframework
78943769,1,2024-09-03 10:05:45,1,90,1,78956501.0,True,,javascript;shiny
78943771,1,2024-09-03 10:06:11,0,177,1,78943820.0,True,,jmeter;azure-data-factory;performance-testing;load-testing;azure-load-testing
78943786,1,2024-09-03 10:09:53,0,91,1,78945158.0,True,,jupyter-notebook;ipython;windows-subsystem-for-linux;meep
78943794,1,2024-09-03 10:11:12,-2,215,1,,True,,sql;snowflake-cloud-data-platform
78943800,1,2024-09-03 10:11:38,0,51,1,,False,,python;airflow;airflow-2.x;airflow-taskflow
78943806,1,2024-09-03 10:12:44,1,83,0,,False,,reactjs;next.js;google-tag-manager;react-query;tanstackreact-query
78943813,1,2024-09-03 10:14:14,1,59,1,78944476.0,True,,python;pysimplegui
78943815,1,2024-09-03 10:14:44,-1,159,1,78943915.0,True,2024-09-03 12:43:45,rust
78943819,1,2024-09-03 10:15:24,0,645,1,,True,,javascript;ios;react-native;testflight;react-native-hermes
78943821,1,2024-09-03 10:16:50,0,60,2,78943983.0,True,,google-sheets;array-formulas
78943822,1,2024-09-03 10:17:01,0,105,0,,False,,excel;vba
78943825,1,2024-09-03 10:17:25,0,179,1,,False,,wordpress
78943828,1,2024-09-03 10:17:53,0,75,0,,False,,google-bigquery;bigdata;correlation
78943833,1,2024-09-03 10:19:11,0,128,1,,False,,azureservicebus
78943838,1,2024-09-03 10:20:03,0,627,1,,False,,amazon-web-services;aws-lambda
78943839,1,2024-09-03 10:20:18,2,206,1,78945231.0,True,,java;spring-boot;components;vaadin;vaadin24
78943840,1,2024-09-03 10:20:23,0,146,1,,False,,esp32;i2c
78943841,1,2024-09-03 10:20:26,2,180,1,,False,,c#;playwright
78943846,1,2024-09-03 10:22:44,0,552,1,78964366.0,True,,ios;arrays;swift;predicate;swiftdata
78943847,1,2024-09-03 10:22:49,-3,79,1,,False,,typescript
78943849,1,2024-09-03 10:22:52,0,81,1,,True,,c
78943850,1,2024-09-03 10:22:57,0,59,0,,False,,javascript;rxjs;rxjs-observables;rxjs-pipeable-operators
78943853,1,2024-09-03 10:23:47,1,100,1,,False,,c++;sqlcipher
78943855,1,2024-09-03 10:24:36,0,202,0,,False,,python;pytorch;siamese-network
78943859,1,2024-09-03 10:25:04,0,440,1,,True,,angular;jit
78943861,1,2024-09-03 10:25:38,0,104,1,78944375.0,True,,c;pointers;stm32;lwip
78943865,1,2024-09-03 10:26:23,0,225,1,,False,,c#;postgresql;npgsql
78943869,1,2024-09-03 10:26:51,0,311,0,,False,,bitbucket;cicd;bitbucket-pipelines
78943881,1,2024-09-03 10:28:48,0,81,3,78944911.0,True,,flutter;dart;validation
78943882,1,2024-09-03 10:28:51,0,589,0,,False,,apache-spark;pyspark;databricks
78943890,1,2024-09-03 10:31:01,0,1444,3,,True,,excel;excel-formula
78943891,1,2024-09-03 10:31:19,0,76,0,,False,,azure-functions;access-token;azure-managed-identity;azure-synapse-analytics;private-cloud
78943896,1,2024-09-03 10:32:42,1,48,1,,False,,mysql;typeorm;nest
78943898,1,2024-09-03 10:33:48,0,34,1,,False,,jmeter;stress-testing
78943908,1,2024-09-03 10:36:11,1,935,1,78950518.0,True,,github;github-actions;code-analysis;sarif
78943916,1,2024-09-03 10:37:51,0,634,2,78964351.0,True,,java;microservices;quarkus;content-type;smallrye
78943918,1,2024-09-03 10:38:24,1,211,1,,True,,wordpress;url;query-string;slug;url-parameters
78943928,1,2024-09-03 10:41:20,0,66,0,,False,,java;android;html;css
78943937,1,2024-09-03 10:44:08,0,271,1,,False,,node.js;webpack;signalr
78943939,1,2024-09-03 10:45:01,0,117,1,,True,,excel;excel-formula
78943946,1,2024-09-03 10:46:45,1,407,1,,False,,azure-functions;signalr;.net-6.0;.net-8.0;azure-functions-isolated
78943947,1,2024-09-03 10:46:46,1,115,1,78944078.0,True,,mysql;mysql-5.7;mysql-8.0
78943949,1,2024-09-03 10:46:53,1,102,0,,False,,python;flask;translation;python-babel;flask-restx
78943950,1,2024-09-03 10:47:05,1,357,1,78943967.0,True,,ruby;rubygems;wkhtmltopdf;wicked-pdf;wkhtmltopdf-binary
78943952,1,2024-09-03 10:47:42,0,111,1,78943994.0,True,,excel;vba
78943959,1,2024-09-03 10:50:08,1,4685,1,,False,,python;jupyter-notebook;google-colaboratory;pdf-generation;save-as
78943961,1,2024-09-03 10:50:19,1,100,1,,True,,c#;sql;postgresql
79064276,1,2024-10-08 04:04:39,0,222,1,,True,,.net;maui
79064286,1,2024-10-08 04:12:22,1,243,2,79064674.0,True,,ansible
79064293,1,2024-10-08 04:16:44,1,71,1,79064309.0,True,,excel;vba
79064299,1,2024-10-08 04:21:51,0,104,1,79064357.0,True,,android;kotlin;android-viewmodel
79064306,1,2024-10-08 04:27:06,0,66,0,,False,,ruby-on-rails;sprockets;rails-sprockets
79064308,1,2024-10-08 04:27:47,0,267,0,,False,,amazon-web-services;amazon-s3
79064314,1,2024-10-08 04:31:26,0,47,1,,False,,css;next.js;webpack;build;nextjs14
79064316,1,2024-10-08 04:31:47,0,144,0,,False,,mongodb;backend;ballerina
79064318,1,2024-10-08 04:34:17,0,34,1,79065801.0,True,,laravel-livewire
79064321,1,2024-10-08 04:35:49,1,122,1,79071931.0,True,,java;spring;spring-boot;graphql;spring-autoconfiguration
79064324,1,2024-10-08 04:37:17,0,101,1,,False,,vb.net;datagridview;bindingsource;bindinglist
79064327,1,2024-10-08 04:42:21,0,84,2,,True,,javascript;typescript;types
79064328,1,2024-10-08 04:42:26,0,108,0,,False,,python;pytest;mpi
79064333,1,2024-10-08 04:43:46,3,520,0,,False,,flutter;https;jwt;fastapi;storage
79064340,1,2024-10-08 04:45:56,1,507,3,79400051.0,True,,flutter;javac
79064347,1,2024-10-08 04:51:01,0,506,1,,True,,prometheus;kubernetes-helm;open-telemetry;otel
79064349,1,2024-10-08 04:52:17,0,45,1,79158447.0,True,,javascript;highcharts
79064359,1,2024-10-08 04:59:51,-2,80,2,,True,2024-10-08 08:37:53,html;css
79064375,1,2024-10-08 05:08:56,0,110,1,79069148.0,True,,node.js;firebase;google-cloud-platform;google-cloud-firestore;google-cloud-functions
79064381,1,2024-10-08 05:14:31,0,127,3,,False,,swift
79064384,1,2024-10-08 05:15:44,1,93,2,79064536.0,True,,bash
79064396,1,2024-10-08 05:21:46,2,263,2,,True,,arrays;c;implicit-conversion;pointer-arithmetic
79064397,1,2024-10-08 05:21:55,-4,82,1,,True,,javascript;html;forms
79064399,1,2024-10-08 05:24:17,2,154,3,,True,,git;git-merge;git-rebase;git-reset
79064403,1,2024-10-08 05:27:42,1,355,0,,False,,django;bootstrap-modal;bootstrap5-modal;django-csp
79064407,1,2024-10-08 05:28:36,0,101,0,,False,,reactjs;next.js;google-oauth;supabase
79064409,1,2024-10-08 05:29:28,0,52,1,,True,,lua
79064412,1,2024-10-08 05:31:13,2,66,1,,False,,artificial-intelligence;vector-database;milvus
79064413,1,2024-10-08 05:31:21,1,83,0,,False,2024-10-08 08:21:25,file-io;io;fortran;intel-fortran;fortran95
79064415,1,2024-10-08 05:31:26,1,37,0,,False,,c;libevent;socks5
79064419,1,2024-10-08 05:32:18,0,64,1,,False,2024-10-08 08:37:27,html;css;navbar
79064435,1,2024-10-08 05:36:03,1,393,2,79087960.0,True,,rad-studio;delphi-12-athens
79064436,1,2024-10-08 05:36:04,-1,148,1,79065010.0,True,,php;laravel
79064437,1,2024-10-08 05:36:19,0,124,0,,False,,java;windows;intellij-idea;gradlew;minecraft-fabric
79064439,1,2024-10-08 05:37:08,0,57,1,,False,,c#;unity-game-engine
79064450,1,2024-10-08 05:40:04,-1,182,1,,False,,python;authentication;web-scraping;firebase-authentication;scrapy
79064455,1,2024-10-08 05:42:16,0,60,0,,False,,tensorflow;dataset;metadata;filenames
79064459,1,2024-10-08 05:42:42,1,107,0,,False,,c#;.net-6.0
79064463,1,2024-10-08 05:44:51,1,34,0,,False,2024-10-08 05:54:29,sql;mysql;sql-update
79064464,1,2024-10-08 05:44:55,0,198,0,,False,,python;python-3.x;pyinstaller;mitmproxy;man-in-the-middle
79064465,1,2024-10-08 05:45:33,0,85,0,,False,,python;python-3.x;recursion;segmentation-fault
79064471,1,2024-10-08 05:48:05,0,50,1,,False,,mongodb;express
79064481,1,2024-10-08 05:51:11,1,676,2,79295604.0,True,,python;docker;azure-ad-msal
79064483,1,2024-10-08 05:51:31,1,165,0,,False,,c++;qt;clang;clangd
79064495,1,2024-10-08 05:56:01,0,300,1,79064517.0,True,,spring-boot;jdbc;build.gradle;executable-jar
79064501,1,2024-10-08 05:58:23,0,107,0,,False,,c#;unity-game-engine;delegates;ros
79064505,1,2024-10-08 05:59:38,1,330,1,79072955.0,True,,spring-boot;ipv4;grpc-java;oracle-cloud-infrastructure
79064507,1,2024-10-08 05:59:46,1,214,3,,True,,rust
79064512,1,2024-10-08 06:04:04,-1,610,1,,True,2024-10-08 21:15:26,.net;asp.net-web-api;deepl
79064513,1,2024-10-08 06:04:14,1,190,1,79064806.0,True,,powershell;azure-blob-storage
79064518,1,2024-10-08 06:04:59,1,158,2,,False,,html;css;tailwind-css;fluid-layout
79064519,1,2024-10-08 06:06:09,1,308,2,79064645.0,True,,json.net;jsonpath;json-path-expression
79064522,1,2024-10-08 06:08:43,0,40,0,,False,2024-10-08 19:50:44,r;ggplot2;graph;linegraph;geom
79064527,1,2024-10-08 06:09:45,1,251,0,,False,,python;html;jupyter-notebook
79064534,1,2024-10-08 06:11:16,-1,215,1,,False,,react-native;expo
79064537,1,2024-10-08 06:11:57,0,385,2,,False,,c++;cuda;cuda-graphs
79064538,1,2024-10-08 06:12:10,0,39,0,,False,,ruby-on-rails
79064544,1,2024-10-08 06:12:32,0,117,1,,False,,visual-studio;xaml;ide;code-snippets
79064547,1,2024-10-08 06:12:56,0,686,1,79064989.0,True,,powershell;azure-devops;tfs;azure-pipelines;powershell-core
79064549,1,2024-10-08 06:14:06,1,143,1,79067871.0,True,,c#;.net-core;asp.net-core-webapi
79064556,1,2024-10-08 06:18:43,0,74,1,,True,,r;ggplot2
79064557,1,2024-10-08 06:18:54,1,59,0,,False,,c++;basler
79064565,1,2024-10-08 06:21:02,0,1697,1,79064689.0,True,,azure-devops;azure-pipelines
79064582,1,2024-10-08 06:24:58,2,103,1,79064619.0,True,,angular;angular-material;angular-reactive-forms;formarray;mat-form-field
79064587,1,2024-10-08 06:25:51,1,215,0,,False,,reactjs;node.js;express;server-side-rendering;hydration
79064588,1,2024-10-08 06:25:59,1,40,0,,False,,powerpoint;vsto;openxml;powerpoint-addins
79064597,1,2024-10-08 06:27:54,1,197,2,79064642.0,True,,javascript;html;forms;html-table
79064599,1,2024-10-08 06:28:32,0,145,1,79064670.0,True,,c#;powershell;visual-studio;vs-code;notepad++
79064600,1,2024-10-08 06:28:43,2,1828,1,,True,,pytorch;scheduler;learning-rate
79064607,1,2024-10-08 06:32:29,-1,174,1,,False,,android;android-studio;ubuntu
79064609,1,2024-10-08 06:33:03,1,96,1,79064653.0,True,,c#;parallel-processing;sum;ienumerable
79064617,1,2024-10-08 06:37:20,0,42,0,,False,,java;object;serialization;deserialization
79064621,1,2024-10-08 06:39:41,3,888,1,79085430.0,True,,apache-spark;filesystems;databricks;databricks-unity-catalog
79064632,1,2024-10-08 06:42:37,0,89,1,,True,,multithreading;epoll
79064635,1,2024-10-08 06:43:45,1,654,1,,False,,reactjs;chart.js
79064643,1,2024-10-08 06:46:47,2,410,2,79064667.0,True,,angular;typescript;trusted-types
79064646,1,2024-10-08 06:47:22,0,246,1,79066005.0,True,,c#;.net;system.drawing
79064647,1,2024-10-08 06:48:35,0,73,1,,False,,officedown
79064655,1,2024-10-08 06:50:43,-1,393,1,,False,,lua;roblox
79064664,1,2024-10-08 06:54:54,1,82,0,,False,,css;angular;primeng
79064669,1,2024-10-08 06:57:47,3,171,0,,False,,android;android-camerax
79064681,1,2024-10-08 07:00:35,2,274,3,,True,,c++;c++17;constexpr
79064687,1,2024-10-08 07:02:00,0,505,1,79103959.0,True,,javascript;html;reactjs
79064690,1,2024-10-08 07:02:59,0,499,1,79064781.0,True,,php;currency
79064706,1,2024-10-08 07:07:23,0,56,0,,False,,apache-spark;pyspark
79064710,1,2024-10-08 07:08:29,1,309,1,,True,,flutter;carousel
79064716,1,2024-10-08 07:11:30,3,267,1,,False,,swift;imessage-extension
79064724,1,2024-10-08 07:13:18,0,146,1,,False,,umbraco;umbraco-forms
79064726,1,2024-10-08 07:13:41,3,969,0,,False,,java;android;kotlin;webrtc;webrtc-android
79064735,1,2024-10-08 07:15:53,1,75,2,79064798.0,True,2024-10-08 08:35:37,html;css;flexbox;tailwind-css
79064737,1,2024-10-08 07:16:30,-1,99,1,,False,2024-10-08 13:28:49,node.js;express
79064758,1,2024-10-08 07:22:27,1,87,1,,False,,sql;oracle-database
79064764,1,2024-10-08 07:24:00,2,181,1,,False,,python;pyqt;pyqtgraph
79064766,1,2024-10-08 07:24:31,0,141,1,79111871.0,True,,ios;xcode;macos;avfoundation
79064767,1,2024-10-08 07:24:53,-1,85,1,,True,,java;drools;jbpm;bpmn
79064772,1,2024-10-08 07:26:47,-1,481,1,79065304.0,True,,azure;azure-pipelines;terraform-provider-azure;azure-cloud-services
79064776,1,2024-10-08 07:28:52,1,78,2,79064954.0,True,,r;dplyr
79064778,1,2024-10-08 07:29:06,0,508,1,,False,,azure-machine-learning-service
79064789,1,2024-10-08 07:31:55,1,106,1,,True,,android;android-intent;android-activity
79064792,1,2024-10-08 07:33:16,0,105,1,79065048.0,True,,php;azure-devops;azure-pipelines
79153900,1,2024-11-04 00:12:53,0,101,1,,True,,stata
79153903,1,2024-11-04 00:14:36,1,220,1,,True,,c#;unity-game-engine;netcode
79153904,1,2024-11-04 00:16:08,1,120,1,79154668.0,True,,c++;algorithm;data-structures;singly-linked-list
79153912,1,2024-11-04 00:24:03,0,125,1,79157173.0,True,,javafx
79153920,1,2024-11-04 00:32:32,0,140,1,,False,,python;dataframe;numpy;quantitative-finance;back-testing
79153926,1,2024-11-04 00:43:21,1,460,1,79156383.0,True,,typescript;react-router;react-router-dom
79153927,1,2024-11-04 00:44:17,1,49,2,,True,,qml
79153930,1,2024-11-04 00:46:56,-1,99,1,,False,,javascript;node.js;typescript;promise
79153934,1,2024-11-04 00:51:26,0,142,1,,False,,flutter;dart;android-studio;jetbrains-ide
79153936,1,2024-11-04 00:54:35,0,85,2,,False,,postgresql
79153939,1,2024-11-04 01:00:02,0,101,1,,False,,pyscript
79153944,1,2024-11-04 01:05:06,0,81,0,,False,,python;ibm-cloud;speech-to-text;ibm-watson
79153955,1,2024-11-04 01:15:07,0,154,0,,False,,usb;esp32;ping;arduino-ide
79153958,1,2024-11-04 01:21:56,0,596,1,79153969.0,True,,raspberry-pi-pico
79153963,1,2024-11-04 01:25:03,1,71,1,79154060.0,True,,typescript
79153965,1,2024-11-04 01:25:52,0,36,0,,False,,django;sqlite;migration;spatialite
79153973,1,2024-11-04 01:31:40,0,129,0,,False,,cloud;guidewire
79153980,1,2024-11-04 01:41:07,0,330,1,79161655.0,True,,javascript;node.js;node-modules
79153981,1,2024-11-04 01:42:07,0,99,1,,True,,c;file;flex-lexer;lexical-analysis
79153987,1,2024-11-04 01:44:47,-1,116,1,,False,,ignite;apacheignite
79153988,1,2024-11-04 01:44:48,0,67,0,,False,,c++11;memory-management;zeromq;raii;flatbuffers
79153990,1,2024-11-04 01:46:39,0,219,1,79154393.0,True,,c#;visual-studio;debugging;visual-studio-2022;tracepoint
79153992,1,2024-11-04 01:49:16,1,73,1,79154012.0,True,,python;syntax
79153993,1,2024-11-04 01:49:44,2,89,1,,True,,time-complexity;big-o
79153995,1,2024-11-04 01:50:06,0,101,2,79154806.0,True,,android;kotlin;android-jetpack-compose;kotlin-stateflow
79153998,1,2024-11-04 01:51:53,2,165,0,,False,,c#;c++;visual-studio;gdi;visual-studio-extensions
79154001,1,2024-11-04 01:52:09,2,58,0,,False,,wpf;storyboard;wpf-style;visualstategroup
79154002,1,2024-11-04 01:54:25,0,132,1,79156572.0,True,,entity-framework-core;expression;interceptor;linq-expressions
79154006,1,2024-11-04 01:58:18,0,49,0,,False,,python;flask;keras
79154010,1,2024-11-04 02:02:00,1,165,2,79154032.0,True,,c;macros
79154014,1,2024-11-04 02:04:59,0,354,1,,False,,android;kotlin;webview;android-jetpack-compose
79154015,1,2024-11-04 02:05:05,-1,84,1,79162502.0,True,,javascript;algorithm;cryptography
79154016,1,2024-11-04 02:07:10,0,73,0,,False,,rust;rustfmt
79154017,1,2024-11-04 02:07:38,2,100,1,,True,,python;excel;automation;file-handling;pywin32
79154021,1,2024-11-04 02:09:52,0,113,2,,True,,sorting;javafx;observablelist
79154022,1,2024-11-04 02:10:21,-4,109,1,,True,2024-11-04 07:46:38,c++;arrays;function
79154023,1,2024-11-04 02:10:37,0,33,0,,False,,vb.net
79154026,1,2024-11-04 02:13:59,0,168,1,79158093.0,True,,excel;vba;textbox;double
79154033,1,2024-11-04 02:18:32,0,103,0,,False,,entity-relationship;system-design
79154034,1,2024-11-04 02:18:48,0,68,2,,True,,r;data-manipulation
79154055,1,2024-11-04 02:35:28,1,66,0,,False,,python;user-interface;pyqt5;mouseevent
79154070,1,2024-11-04 02:47:22,1,50,1,79155695.0,True,,typescript
79154074,1,2024-11-04 02:49:03,1,61,1,,True,,optaplanner;timefold;planning
79154076,1,2024-11-04 02:51:22,1,195,1,79158865.0,True,,azure;azure-ad-graph-api
79154077,1,2024-11-04 02:52:15,1,45,1,79155212.0,True,,powerbi;dax;powerbi-desktop;powerbi-datasource
79154078,1,2024-11-04 02:52:19,1,148,0,,False,,android;firebase;android-ndk;symbols;crashlytics
79154080,1,2024-11-04 02:52:54,1,232,1,,False,,python;python-sphinx;sphinx-apidoc
79154089,1,2024-11-04 02:57:51,1,77,0,,False,,wagtail
79154090,1,2024-11-04 02:59:33,1,1493,1,79155625.0,True,,javascript;security;web-scraping;chrome-devtools-protocol
79154096,1,2024-11-04 03:07:07,0,104,1,,False,,gdb;embedded;mbed;pyocd
79154104,1,2024-11-04 03:12:52,0,38,0,,False,,android;android-emulator
79154108,1,2024-11-04 03:14:50,0,467,2,79154840.0,True,,rust;struct;traits
79154118,1,2024-11-04 03:21:30,0,91,1,79154261.0,True,,javascript;reactjs;antd
79154121,1,2024-11-04 03:23:18,0,123,1,,False,,python;django;pyinstaller
79154123,1,2024-11-04 03:24:54,1,72,1,79159444.0,True,,scikit-learn;decision-tree
79154135,1,2024-11-04 03:31:26,-1,60,1,,False,,discord;discord.py
79154136,1,2024-11-04 03:32:17,1,64,0,,False,,java;spring-boot;spring-data-jpa;graphql;criteria-api
79154141,1,2024-11-04 03:34:31,0,133,1,,False,,reactjs;tanstackreact-query
79154151,1,2024-11-04 03:44:47,0,71,0,,False,,asp.net-mvc;performance;view;rendering;.net-4.7.2
79154155,1,2024-11-04 03:48:42,2,128,1,,True,,typescript;react-native;react-navigation-stack
79154156,1,2024-11-04 03:50:14,0,288,1,79171897.0,True,,css;material-ui;fonts;google-material-icons;material-icons
79154160,1,2024-11-04 03:51:28,1,38,0,,False,2024-11-04 20:43:19,batch-file;cmd;registry;wmic
79154167,1,2024-11-04 04:02:04,1,45,0,,False,2024-11-04 05:07:15,javascript;google-sheets;google-apps-script;web-applications;libraries
79154175,1,2024-11-04 04:04:40,-1,590,1,,False,,reactjs;next.js;jwt;rtk-query;httponly
79154187,1,2024-11-04 04:16:54,0,1119,1,79154604.0,True,,blazor;blazor-webassembly
79154188,1,2024-11-04 04:17:19,-1,95,2,,False,,javascript;browser;chromium
79154191,1,2024-11-04 04:19:50,0,172,1,79154467.0,True,,c#;asp.net-core-webapi;.net-8.0
79154198,1,2024-11-04 04:30:31,0,98,2,79154269.0,True,,unity-game-engine;game-physics
79154203,1,2024-11-04 04:32:37,1,1091,0,,False,,windows;neovim;neovim-plugin;treesitter
79154207,1,2024-11-04 04:38:41,1,46,0,,False,,mdx
79154212,1,2024-11-04 04:43:55,1,48,0,,False,,richedit
79154213,1,2024-11-04 04:44:01,-1,469,1,79154457.0,True,,ios;swift;swiftdata;ios18
79154214,1,2024-11-04 04:44:13,0,37,1,,False,,android
79154216,1,2024-11-04 04:45:01,0,65,1,79163176.0,True,,android;flutter;dart;flutter-dependencies;dart-pub
79154231,1,2024-11-04 04:52:54,3,749,1,,False,,javascript;reactjs;node.js;express;cors
79154236,1,2024-11-04 04:58:19,1,85,0,,False,,functional-programming;monads;functor;applicative
79154242,1,2024-11-04 05:03:45,1,126,1,79159605.0,True,,html;css;footer
79154247,1,2024-11-04 05:05:55,0,518,1,79154502.0,True,,asp.net-core;github-actions
79154250,1,2024-11-04 05:08:48,0,200,1,,False,,java;websocket;jetty;dropwizard
79154253,1,2024-11-04 05:09:20,0,69,0,,False,2024-11-04 12:13:02,sql;sql-server
79154255,1,2024-11-04 05:10:20,0,152,1,79154769.0,True,,c;string;multithreading
79154271,1,2024-11-04 05:20:18,0,100,0,,False,,python;python-3.x;amazon-sagemaker;amazon-sagemaker-studio
79154274,1,2024-11-04 05:21:53,1,186,0,,False,,java;android;react-native
79154279,1,2024-11-04 05:23:49,1,304,2,,False,,python;pandas;py-langchain
79154282,1,2024-11-04 05:25:20,0,51,0,,False,,vb.net
79154284,1,2024-11-04 05:25:44,0,144,1,,False,,ruby-on-rails-7
79154287,1,2024-11-04 05:31:01,-1,92,1,,False,,flutter;firebase
79154290,1,2024-11-04 05:33:12,0,198,2,79156602.0,True,,unity-game-engine
79154291,1,2024-11-04 05:33:12,0,67,2,,False,,javascript;next.js;next.js15
79154295,1,2024-11-04 05:35:26,0,296,2,79177231.0,True,,python;langchain
79154298,1,2024-11-04 05:38:09,0,183,1,,False,,maui
79154300,1,2024-11-04 05:38:42,1,3184,1,,True,,docker;kubernetes;docker-compose;dockerfile;podman-compose
79154303,1,2024-11-04 05:40:05,-1,199,1,,True,2024-11-04 06:27:19,c#;memory;multiprocessing;cpu;numa
79154306,1,2024-11-04 05:43:16,1,629,1,79171802.0,True,,tomcat;grails;spring-security
79154314,1,2024-11-04 05:48:47,2,137,0,,False,,angular
79154319,1,2024-11-04 05:50:12,1,74,0,,False,,linux;nginx;websocket;blazor;signalr
79154328,1,2024-11-04 05:59:26,0,104,2,,False,,flutter;flutter-bloc;flutter-go-router;injectable;get-it
79154335,1,2024-11-04 06:02:53,0,49,0,,False,,.net;winforms;vsync
79154342,1,2024-11-04 06:04:29,1,238,0,,False,,reactjs;react-monaco-editor;single-spa-react
79154343,1,2024-11-04 06:04:33,1,306,1,,True,,ios;pdf;markup;pdftron;xfdf
79265079,1,2024-12-09 13:06:51,0,24,0,,False,,python;gitlab;package
79265082,1,2024-12-09 13:07:54,-2,534,1,79265265.0,True,,javascript;typescript;react-native;nginx;cors
79265089,1,2024-12-09 13:09:48,-8,366,1,79265163.0,True,2024-12-09 14:24:26,java;arrays;spring-boot
79265091,1,2024-12-09 13:10:19,0,94,0,,False,,kubernetes;keda
79265093,1,2024-12-09 13:10:47,0,50,1,79266344.0,True,,c++;mpi
79265094,1,2024-12-09 13:11:27,0,191,0,,False,,python;email;gmail;gmail-api
79265096,1,2024-12-09 13:11:40,0,259,1,79265109.0,True,,c#;entity-framework-core;.net-8.0;ef-core-9.0
79265101,1,2024-12-09 13:13:20,0,87,0,,False,,java;http-post;apache-httpcomponents
79265107,1,2024-12-09 13:15:31,0,1167,1,,True,,greasemonkey;tampermonkey;gm-xmlhttprequest
79265110,1,2024-12-09 13:16:39,0,438,2,79267337.0,True,,angular
79265112,1,2024-12-09 13:17:31,1,126,1,79278581.0,True,,node.js;google-cloud-platform;google-cloud-functions;google-cloud-storage;firebase-admin
79265123,1,2024-12-09 13:19:53,0,342,0,,False,,python;swap;solana;solana-py
79265126,1,2024-12-09 13:20:14,0,305,1,,True,,ansible;environment-variables
79265131,1,2024-12-09 13:22:30,0,154,1,,False,,javascript;reactjs;npm;open-source;npx
79265134,1,2024-12-09 13:22:36,0,106,1,,False,,elasticsearch;heartbeat
79265139,1,2024-12-09 13:25:06,1,279,1,,True,,php;laravel;unit-testing;laravel-11
79265145,1,2024-12-09 13:27:14,0,71,0,,False,2024-12-09 15:34:42,mysql;linux;server;connection-string
79265151,1,2024-12-09 13:28:48,2,136,1,79265486.0,True,,javascript;angular;typescript;angular-ngselect
79265156,1,2024-12-09 13:29:49,0,79,1,,False,,java;json;spring;rabbitmq;jackson-databind
79265162,1,2024-12-09 13:32:47,1,112,0,,False,,python;back-testing;backtrader
79265168,1,2024-12-09 13:34:25,4,388,0,,False,,spring-boot;open-telemetry;open-telemetry-collector;otel;open-telemetry-java
79265170,1,2024-12-09 13:35:31,1,81,1,79265193.0,True,,r;plotly
79265181,1,2024-12-09 13:40:32,0,224,1,79267218.0,True,,elasticsearch;alarm;filebeat;elk
79265190,1,2024-12-09 13:44:43,1,65,2,,True,,regex
79265191,1,2024-12-09 13:45:02,0,111,2,,False,,c#;static;static-variables;jagged-arrays
79265195,1,2024-12-09 13:45:51,0,43,1,79265221.0,True,,c#;asp.net
79265198,1,2024-12-09 13:49:41,-1,273,2,79265479.0,True,,sql;google-bigquery;window-functions
79265199,1,2024-12-09 13:49:45,0,202,0,,False,,webrtc;video-streaming;video-capture;live-streaming;video-recording
79265204,1,2024-12-09 13:52:26,0,159,0,,False,,c#;x509certificate;certenroll
79265205,1,2024-12-09 13:52:39,1,80,0,,False,,python;movesense
79265206,1,2024-12-09 13:53:18,0,246,0,,False,,linux;embedded;usb;embedded-linux;carplay
79265213,1,2024-12-09 13:55:56,0,118,1,,False,,netsuite
79265216,1,2024-12-09 13:56:35,0,409,3,,True,,consul
79265217,1,2024-12-09 13:56:46,1,268,1,79275082.0,True,,node.js
79265220,1,2024-12-09 13:57:05,0,143,1,,False,,sql-server;azure;database-migration;always-encrypted
79265223,1,2024-12-09 13:57:36,4,175,2,79265442.0,True,,php;phpspreadsheet
79265225,1,2024-12-09 13:58:23,1,491,0,,False,,javascript;dom;firefox;console
79265226,1,2024-12-09 13:58:57,0,90,1,,True,,c#;dependency-injection;ihttpclientfactory
79265228,1,2024-12-09 13:59:25,0,3259,1,79265659.0,True,,python;ssl;https;aiohttp;sslv3
79265229,1,2024-12-09 14:00:43,0,142,1,,False,,ios;swift;intune;microsoft-graph-intune;intunemam
79265235,1,2024-12-09 14:01:45,-1,350,1,,False,,rust;rust-cargo
79265239,1,2024-12-09 14:02:18,1,130,0,,False,,javascript;html;css;reactjs;flatpickr
79265243,1,2024-12-09 14:02:32,0,30,1,,False,,android;react-native;npm;expo
79265248,1,2024-12-09 14:04:28,0,41,1,,False,,python-3.x;docker;sqlalchemy;azure-sql-database
79265249,1,2024-12-09 14:04:47,2,95,1,,True,,c#;.net;.net-9.0
79265251,1,2024-12-09 14:05:14,0,68,0,,False,,jpa;h2;jpql
79265254,1,2024-12-09 14:06:03,-1,79,1,79265341.0,True,2024-12-09 18:25:30,reactjs;react-hooks
79265260,1,2024-12-09 14:07:47,0,168,0,,False,,sql-server;t-sql;ssis;sql-server-2019;sql-job
79265261,1,2024-12-09 14:07:49,0,533,2,79271963.0,True,,.net;azure-functions;azure-functions-core-tools
79265264,1,2024-12-09 14:08:12,1,214,0,,False,,c++;cmake;boost;conan;conan-2
79265268,1,2024-12-09 14:10:04,1,39,1,,True,,angular;typescript
79265270,1,2024-12-09 14:10:21,0,452,0,,False,,google-sheets;google-apps-script;telegram;telegram-bot;telegram-api
79265292,1,2024-12-09 14:17:43,0,23,0,,False,,reactjs
79265295,1,2024-12-09 14:19:00,3,2618,2,,True,,amazon-web-services;amazon-redshift;aws-glue
79265296,1,2024-12-09 14:19:03,0,1225,2,79265608.0,True,,docker;.net-8.0;.net-9.0;dotnet-aspire
79265299,1,2024-12-09 14:19:24,1,80,1,79267859.0,True,,python;unit-testing;patch;code-injection
79265300,1,2024-12-09 14:19:35,2,111,1,,True,,flutter;firebase;firebase-authentication;google-signin
79265302,1,2024-12-09 14:20:56,3,124,3,79265618.0,True,,python;numpy
79265303,1,2024-12-09 14:20:56,0,105,1,,True,,python;excel;dataframe;python-polars
79265305,1,2024-12-09 14:21:14,2,57,1,79265496.0,True,,android;firebase;android-studio;build.gradle
79265309,1,2024-12-09 14:22:58,-3,274,1,,False,,unity-game-engine;webgl;unity-webgl
79265316,1,2024-12-09 14:24:50,2,86,0,,False,2024-12-09 15:23:57,r;shiny;shinymodules
79265324,1,2024-12-09 14:26:16,1,1240,0,,False,,android;firebase;kotlin;dependencies
79265328,1,2024-12-09 14:27:01,1,97,1,,True,,apache-spark;apache-spark-sql
79265334,1,2024-12-09 14:28:41,0,195,1,79265523.0,True,,java;class;oop;properties;pojo
79265355,1,2024-12-09 14:37:36,0,354,1,,False,,azure;asp.net-core;nuget-package;azure-cognitive-services
79265360,1,2024-12-09 14:38:58,2,249,1,79295081.0,True,,.net;azure;azure-cloud-services
79265362,1,2024-12-09 14:39:35,1,25,0,,False,,java;spring;mongodb;indexing;full-text-search
79265365,1,2024-12-09 14:40:00,0,148,0,,False,,swift;firebase;firebase-cloud-messaging
79265366,1,2024-12-09 14:40:17,1,212,1,,False,,configuration;windows-subsystem-for-linux
79265368,1,2024-12-09 14:40:30,1,82,0,,False,,jar;oracle-service-bus
79265369,1,2024-12-09 14:40:47,0,158,1,79265596.0,True,,c++;datetime;timezone;undefined-reference
79265370,1,2024-12-09 14:41:04,0,147,1,79279848.0,True,,aspose.pdf;.net-9.0
79265372,1,2024-12-09 14:41:07,0,40,0,,False,2024-12-09 15:52:34,linux;linux-kernel;system-calls;benchmarking;latency
79265374,1,2024-12-09 14:41:19,1,318,1,,True,2025-11-24 04:18:43,android-studio;mirroring;xiaomi
79265392,1,2024-12-09 14:46:26,0,69,0,,False,,css;email;gmail;mailchimp
79265394,1,2024-12-09 14:47:24,0,149,1,79266145.0,True,,c#;firebase
79265395,1,2024-12-09 14:47:33,-1,373,1,,False,,azure;azure-cosmosdb
79265401,1,2024-12-09 14:48:52,0,87,1,,False,,langchain
79265402,1,2024-12-09 14:48:55,0,98,3,79265571.0,True,,excel;vba;runtime-error
79265403,1,2024-12-09 14:48:56,0,74,0,,False,,redis;amazon-iam;amazon-ecs;amazon-elasticache;jedis
79265411,1,2024-12-09 14:51:00,0,115,1,79266309.0,True,,python;git;workflow
79265413,1,2024-12-09 14:51:17,0,587,0,,False,,postgresql;supabase
79265414,1,2024-12-09 14:51:41,0,1108,3,,True,,python;mysql-connector-python
79265416,1,2024-12-09 14:52:02,0,97,1,,False,,activemq-classic;utl-http
79265422,1,2024-12-09 14:53:11,0,126,0,,False,,android;adb
79265423,1,2024-12-09 14:53:55,5,750,4,79309220.0,True,,flutter;flutter-animation
79265427,1,2024-12-09 14:55:03,0,231,2,79790446.0,True,,python;matplotlib;plot;fluid-dynamics;linewidth
79265429,1,2024-12-09 14:56:16,1,38,0,,False,,reporting-services;sharepoint-online
79265437,1,2024-12-09 14:58:24,0,149,1,,True,,c++;sparse-matrix;determinants
79265438,1,2024-12-09 14:58:53,0,128,1,79268693.0,True,,oracle11g;middleware;oracle12c;soa;oracle-enterprise-manager
79265440,1,2024-12-09 14:59:06,5,6820,1,79265462.0,True,,ollama
79265444,1,2024-12-09 14:59:46,1,72,0,,False,,sql;c;oledb
79265446,1,2024-12-09 15:00:30,0,82,1,,False,,sql;google-bigquery
79265450,1,2024-12-09 15:00:48,1,91,1,,False,,python;django;async-await;python-asyncio;django-channels
79265451,1,2024-12-09 15:00:50,0,113,0,,False,,linux-kernel;pci-e
79265456,1,2024-12-09 15:02:01,6,155,1,79265552.0,True,,c++;std;std-ranges;structure-of-arrays
79265469,1,2024-12-09 15:05:41,0,193,3,,True,,c#;winforms
79265472,1,2024-12-09 15:05:58,3,389,1,,False,,c;class;lora;lorawan;ttn
79265473,1,2024-12-09 15:06:21,0,1683,1,,True,,typescript;next.js;tailwind-css;shadcnui
79371403,1,2025-01-20 13:04:13,1,331,0,,False,,kubernetes;prometheus;grafana;argocd;prometheus-operator
79371406,1,2025-01-20 13:04:33,1,35,0,,False,,key-bindings;windows-11;sublimetext4
79371410,1,2025-01-20 13:05:40,1,87,1,,True,,.net;mongodb;aggregation-framework
79371427,1,2025-01-20 13:10:44,2,1990,3,79371672.0,True,,laravel;npm;vite;node-modules
79371439,1,2025-01-20 13:16:10,1,97,0,,False,,javascript;html;reactjs;typescript;react-native
79371440,1,2025-01-20 13:16:20,-1,71,1,79380842.0,True,,qt;c++-winrt
79371445,1,2025-01-20 13:18:00,0,81,0,,False,,flutter;dart;http;http-redirect
79371449,1,2025-01-20 13:19:12,0,160,1,,False,,sql-server;database;.net-core;data-synchronization
79371450,1,2025-01-20 13:19:14,0,59,0,,False,,spring-boot;hibernate;jpa
79371453,1,2025-01-20 13:19:38,1,154,1,79373972.0,True,,ios;xcode;react-native
79371457,1,2025-01-20 13:21:21,0,755,1,,False,,javascript;android;webview;polling;android-15
79371458,1,2025-01-20 13:21:30,1,60,1,79371803.0,True,,python;matplotlib;graph;figure
79371462,1,2025-01-20 13:23:08,1,155,2,,True,,windows;active-directory;change-password;racf
79371465,1,2025-01-20 13:23:19,0,134,1,,True,,javascript;excel;handsontable
79371466,1,2025-01-20 13:23:42,0,557,1,,False,,azure-blob-storage
79371471,1,2025-01-20 13:25:27,0,46,1,,False,,powerbi;dax
79371475,1,2025-01-20 13:27:23,0,102,0,,False,,assembly;printing;x86;floating-point;x86-64
79371481,1,2025-01-20 13:28:38,2,124,1,79371625.0,True,,python;pytest;fixtures
79371485,1,2025-01-20 13:31:32,1,99,1,,False,,r;shiny;plotly
79371491,1,2025-01-20 13:33:15,0,290,0,,False,,java;kubernetes;jwt;quarkus;smallrye
79371498,1,2025-01-20 13:35:47,0,213,1,79371617.0,True,,tailwind-css;tailwind-ui;radix-ui
79371503,1,2025-01-20 13:37:12,1,1237,2,,False,,sql;with-statement;trino
79371513,1,2025-01-20 13:42:53,4,244,3,,True,,r;ggplot2;numerical-integration
79371526,1,2025-01-20 13:48:06,0,82,2,,False,,sql;amazon-athena;presto;trino
79371528,1,2025-01-20 13:48:35,0,93,0,,False,,javascript;amcharts5
79371529,1,2025-01-20 13:49:06,0,105,1,79392593.0,True,,c#;asp.net-core;asp.net-web-api;asp.net-identity;entity-framework-migrations
79371532,1,2025-01-20 13:49:57,0,166,2,,False,,java;spring;spring-boot;docker;kubernetes
79371534,1,2025-01-20 13:50:37,2,208,1,,True,,python;scikit-learn;svm;gridsearchcv
79371535,1,2025-01-20 13:51:28,0,43,2,,False,,reactjs
79371537,1,2025-01-20 13:52:10,0,104,1,,False,,windows;docker;windows-subsystem-for-linux
79371543,1,2025-01-20 13:54:16,0,356,1,,False,,python;azure;authentication;microsoft-entra-id
79371547,1,2025-01-20 13:55:58,0,77,1,79371893.0,True,,amazon-web-services;aws-lambda;aws-step-functions
79371550,1,2025-01-20 13:56:37,1,184,1,,True,,ios;swiftui;viewmodifier
79371556,1,2025-01-20 13:57:49,1,89,1,,False,,python;matplotlib;cartopy;contourf
79371565,1,2025-01-20 14:00:36,1,75,1,79371600.0,True,2025-01-21 08:00:58,sql;postgresql;any
79371566,1,2025-01-20 14:01:00,0,100,1,79372841.0,True,,vulkan;memory-barriers
79371568,1,2025-01-20 14:01:12,1,323,1,79372752.0,True,,reactjs;next.js;vercel
79371569,1,2025-01-20 14:01:21,8,266,2,,True,,windows;file;go;windows-kernel
79371571,1,2025-01-20 14:03:07,0,119,0,,False,,apache-spark;spark-shell;spark3
79371573,1,2025-01-20 14:03:42,1,107,1,79371606.0,True,2025-01-20 18:29:36,html;css;vs-code
79371578,1,2025-01-20 14:05:36,0,186,1,,False,,python;azure;azure-functions;multipartform-data;azure-http-trigger
79371580,1,2025-01-20 14:06:25,2,137,1,,True,,pratt-parser
79371585,1,2025-01-20 14:09:09,0,1108,1,,True,,python;opencv;computer-vision;object-detection;yolo
79371588,1,2025-01-20 14:10:40,0,38,0,,False,,c#;html-email
79371590,1,2025-01-20 14:11:18,0,105,1,,True,,javascript;date;endianness;epoch
79371593,1,2025-01-20 14:12:32,0,141,1,,True,,c#;azure;masstransit;azure-eventhub
79371604,1,2025-01-20 14:16:32,0,108,1,79377811.0,True,,database;google-cloud-platform;google-bigquery;google-cloud-storage;etl
79371609,1,2025-01-20 14:17:16,2,200,3,79372505.0,True,,julia
79371629,1,2025-01-20 14:24:22,0,112,1,,False,,postgresql;google-cloud-platform;velo
79371630,1,2025-01-20 14:24:24,0,116,2,,False,,excel
79371638,1,2025-01-20 14:26:51,4,1011,0,,False,,android;admob;gdprconsentform;mobile-ad-mediation
79371640,1,2025-01-20 14:27:24,1,40,0,,False,,c#;openxml
79371643,1,2025-01-20 14:29:56,0,55,1,79371852.0,True,,vb.net;numericupdown;custom-formatting
79371648,1,2025-01-20 14:34:13,0,100,1,,False,,php;symfony;api-platform.com
79371652,1,2025-01-20 14:34:43,1,147,0,,False,,reactjs;asp.net-core-webapi;supabase
79371653,1,2025-01-20 14:34:57,0,68,0,,False,,magento2
79371658,1,2025-01-20 14:36:51,1,112,0,,False,,sql-server;wmi;sql-server-agent
79371662,1,2025-01-20 14:38:16,0,89,1,79371696.0,True,,excel;vba
79371665,1,2025-01-20 14:39:12,0,111,1,,False,,python;c#;azure;encryption;azure-blob-storage
79371666,1,2025-01-20 14:39:29,0,60,2,,True,,html;css;tailwind-css
79371671,1,2025-01-20 14:41:50,0,77,1,79371690.0,True,,node.js;express;nginx
79371673,1,2025-01-20 14:42:13,0,468,1,,False,,python;python-3.x;django;docker;pip
79371681,1,2025-01-20 14:48:13,1,74,1,79372218.0,True,,python;matplotlib;3d
79371692,1,2025-01-20 14:51:11,2,144,1,,True,,haskell;type-families;type-kinds
79371699,1,2025-01-20 14:53:16,1,96,1,,True,,r;date
79371711,1,2025-01-20 14:57:32,1,119,1,79372121.0,True,,arrays;dictionary;go
79371731,1,2025-01-20 15:04:26,0,142,1,,False,,azure-devops-rest-api
79371737,1,2025-01-20 15:06:39,0,697,1,,False,,docker;yaml;ip;docker-network;lm-studio
79371743,1,2025-01-20 15:08:21,0,32,1,,False,,asp.net-web-api;amazon-elastic-beanstalk;error-logging
79371746,1,2025-01-20 15:09:29,-2,145,1,79446928.0,True,,autohotkey;windows-11;ahk2
79371747,1,2025-01-20 15:09:36,1,363,2,79406565.0,True,,python;google-colaboratory;ta-lib
79371751,1,2025-01-20 15:10:01,2,85,1,79371868.0,True,,sql-server;xml-dml;xml.modify
79371753,1,2025-01-20 15:11:19,-1,68,1,79371754.0,True,,julia
79371762,1,2025-01-20 15:13:36,0,379,1,,False,,spring-boot;authentication;http-status-code-403
79371768,1,2025-01-20 15:14:55,0,543,1,79373344.0,True,,azure-devops;deployment;azure-resource-manager;azure-rm-template
79371770,1,2025-01-20 15:15:17,0,84,0,,False,,c#;moq
79371771,1,2025-01-20 15:15:50,1,63,0,,False,,r;asynchronous;shiny
79371773,1,2025-01-20 15:16:23,2,815,0,,False,,ruby-on-rails;ruby;rails-activejob;kamal;ruby-on-rails-8
79371775,1,2025-01-20 15:16:34,0,57,0,,False,,html;css;drop-down-menu;display
79371777,1,2025-01-20 15:17:16,0,154,1,,False,,azure;azure-devops
79371779,1,2025-01-20 15:17:32,0,137,2,,False,,java;intellij-idea;lombok
79371780,1,2025-01-20 15:17:38,2,156,0,,False,,python;flask;curl;swagger
79371785,1,2025-01-20 15:18:42,0,673,1,,True,,react-native;expo;tamagui
79371786,1,2025-01-20 15:18:48,2,104,1,79371821.0,True,,r;ggplot2
79371789,1,2025-01-20 15:19:11,-4,356,1,,False,2025-01-20 17:20:55,reactjs;node.js;npm;npx
79371800,1,2025-01-20 15:22:03,0,40,1,79371833.0,True,,reactjs;next.js;react-context
79371804,1,2025-01-20 15:23:17,1,63,1,,False,,javascript;html;jquery;css
79371805,1,2025-01-20 15:23:31,1,141,1,,True,,css;angular;typescript;animation;angular-animations
79371816,1,2025-01-20 15:25:48,2,549,1,79372682.0,True,,c#;var;rider
79371823,1,2025-01-20 15:28:23,0,112,1,,True,,prometheus-alertmanager
79371826,1,2025-01-20 15:28:54,0,97,1,79381440.0,True,,react-native;video;expo
79371829,1,2025-01-20 15:29:49,1,706,2,79391885.0,True,,reactjs;fonts;chakra-ui
79371830,1,2025-01-20 15:30:20,0,48,1,79371831.0,True,,mongodb
79371835,1,2025-01-20 15:32:35,0,194,0,,False,,python;pymatgen
79371848,1,2025-01-20 15:36:31,2,65,1,79372065.0,True,,sql-server;azure-sql-database
79371856,1,2025-01-20 15:38:30,2,111,0,,False,,java;spring-security;microsoft-graph-api
79371871,1,2025-01-20 15:40:37,0,115,1,79373300.0,True,,azure-data-factory
79371872,1,2025-01-20 15:40:43,4,476,1,79372956.0,True,,python;algorithm;numpy;performance;fft
79371873,1,2025-01-20 15:40:44,0,115,1,,False,,flutter;dart
79371883,1,2025-01-20 15:44:29,0,88,1,,False,,asp.net-core;authentication;azure-active-directory
79428768,1,2025-02-11 02:48:31,2,179,1,79428801.0,True,,go;aws-lambda;aws-api-gateway
79428779,1,2025-02-11 02:57:44,0,104,1,,False,,html;css;border;visible
79428788,1,2025-02-11 03:03:25,1,208,1,,False,,next.js;github-actions;nrwl-nx;chakra-ui
79428793,1,2025-02-11 03:09:04,1,177,0,,False,,c++;network-programming;boost;boost-asio;multicast
79428804,1,2025-02-11 03:17:38,1,128,2,79429190.0,True,,php;posix;exec;setuid;proc-open
79428807,1,2025-02-11 03:21:44,0,50,1,,True,,python;beautifulsoup
79428809,1,2025-02-11 03:23:12,1,75,0,,False,,react-native;code-push
79428810,1,2025-02-11 03:25:39,1,122,3,79428826.0,True,,sql;database;database-agnostic
79428816,1,2025-02-11 03:29:28,1,52,0,,False,,next.js
79428824,1,2025-02-11 03:33:53,1,389,0,,False,,next.js;authorization;openid-connect;next-auth
79428827,1,2025-02-11 03:34:23,1,440,1,79450459.0,True,,css;safari;bootstrap-modal;webkit;mutation-observers
79428832,1,2025-02-11 03:36:19,1,106,0,,False,,scrapy
79428840,1,2025-02-11 03:42:22,-1,197,1,,False,,thumbnails;libtiff
79428845,1,2025-02-11 03:49:26,-7,139,1,79429013.0,True,2025-02-11 07:37:47,c++;compiler-errors;mac-address
79428846,1,2025-02-11 03:50:16,2,228,1,79428914.0,True,,json;swift;codable
79428848,1,2025-02-11 03:51:16,0,72,1,,False,,python;json;pandas;dataframe
79428852,1,2025-02-11 03:55:26,1,48,0,,False,,java;nio
79428863,1,2025-02-11 04:00:56,1,30,0,,False,,reactjs;next.js;server-side-rendering
79428873,1,2025-02-11 04:08:24,0,29,1,79502706.0,True,,python;kivy
79428874,1,2025-02-11 04:09:21,2,733,1,79438477.0,True,,react-native;expo
79428875,1,2025-02-11 04:12:17,0,54,1,,False,,java;docker;groovy
79428880,1,2025-02-11 04:19:28,0,81,1,79428892.0,True,,lambda;java-8
79428887,1,2025-02-11 04:29:04,0,664,1,79450020.0,True,,pytorch;large-language-model;deepseek
79428891,1,2025-02-11 04:31:57,0,26,0,,False,,postgresql-17
79428896,1,2025-02-11 04:35:00,0,177,1,79429243.0,True,,winui-3
79428897,1,2025-02-11 04:35:37,0,52,0,,False,,python;postgresql;psycopg2;psycopg3
79428898,1,2025-02-11 04:37:10,0,1878,1,79432238.0,True,,laravel;laravel-reverb;octane
79428902,1,2025-02-11 04:41:04,0,131,1,79429172.0,True,2025-04-16 19:15:37,javascript;reactjs;react-redux;cypress;redux-toolkit
79428912,1,2025-02-11 04:59:14,0,300,1,,False,,php;laravel;azure;microsoft-graph-api;access-token
79428913,1,2025-02-11 04:59:46,0,94,1,79432494.0,True,,cmake;conan;mlpack
79428920,1,2025-02-11 05:04:03,0,141,1,79429409.0,True,,ios;swift;animation;swiftui;swiftui-layout
79428931,1,2025-02-11 05:11:59,1,38,0,,False,,build;cyanogenmod;sony-xperia
79428934,1,2025-02-11 05:15:15,0,51,0,,False,,css;iframe;sharepoint
79428935,1,2025-02-11 05:15:23,0,158,3,,False,,ios;swift;swiftui
79428938,1,2025-02-11 05:17:46,0,86,1,,False,,javascript;google-chrome-extension;content-security-policy;mathjax;script-src
79428941,1,2025-02-11 05:18:33,-1,1111,1,,True,,azure-devops;tfs;azure-devops-rest-api
79428942,1,2025-02-11 05:18:51,1,382,1,,True,,shader;hlsl;slang-shader-language
79428945,1,2025-02-11 05:22:18,0,107,1,,False,,spring-boot;keycloak;spring-boot-3
79428948,1,2025-02-11 05:23:20,0,259,0,,False,,docker
79428959,1,2025-02-11 05:34:18,-2,120,1,79428976.0,True,,aws-lambda;terraform;aws-lambda-layers
79428965,1,2025-02-11 05:36:35,4,1249,3,,True,,python;pandas;dataframe;performance;python-polars
79428971,1,2025-02-11 05:42:37,2,870,1,,True,,vs-code;frontend;wolfram-mathematica;wolfram-language
79428988,1,2025-02-11 05:51:50,0,73,1,79759555.0,True,,authentication;session;jwt;next-auth
79428989,1,2025-02-11 05:51:57,-1,264,1,,False,,powerbi;localhost
79429004,1,2025-02-11 05:57:07,0,39,1,,False,,reactjs;material-ui
79429010,1,2025-02-11 06:00:02,0,131,1,,True,,c#;linq
79429015,1,2025-02-11 06:04:30,0,76,1,,False,,android;image;file;directory;storage
79429020,1,2025-02-11 06:06:04,2,120,0,,False,2025-02-11 06:20:02,python;python-typing;mypy
79429031,1,2025-02-11 06:11:05,-3,270,3,,False,,amazon-web-services;aws-lambda;serverless;serverless-framework;aws-serverless
79429045,1,2025-02-11 06:21:35,1,144,1,,True,,r;ggplot2;tidyverse
79429046,1,2025-02-11 06:21:43,1,118,1,79429268.0,True,,python;regex;reverse
79429062,1,2025-02-11 06:30:53,0,112,1,,False,,react-native;parameters;expo-router
79429065,1,2025-02-11 06:32:24,1,64,1,,True,,flutter;dart;animation;mobile
79429066,1,2025-02-11 06:33:54,0,73,1,,False,,reactjs;typescript;websocket;socket.io
79429070,1,2025-02-11 06:37:08,1,166,1,79429432.0,True,,python;for-loop;blackjack
79429072,1,2025-02-11 06:37:34,0,58,0,,False,,java;spring-boot;spring-data-jpa;spring-data
79429074,1,2025-02-11 06:38:45,1,192,1,,True,,flutter;dart;controller;flutter-getx;state-management
79429077,1,2025-02-11 06:39:47,-1,44,1,,False,,android;multithreading;android-camera2;timedelay;save-image
79429079,1,2025-02-11 06:40:47,1,57,2,79615516.0,True,,typescript
79429080,1,2025-02-11 06:40:48,1,46,0,,False,,git;github-actions
79429084,1,2025-02-11 06:41:36,0,893,1,79429199.0,True,,python;windows;pyinstaller;windows-defender
79429093,1,2025-02-11 06:44:51,1,158,1,,False,,typescript;playwright;playwright-test;playwright-typescript
79429095,1,2025-02-11 06:45:39,0,81,1,,False,,to-be-continuous
79429100,1,2025-02-11 06:46:45,0,115,1,,False,,java;docker;otel
79429102,1,2025-02-11 06:47:06,0,200,1,,False,,google-sheets;google-apps-script;url-parameters
79429106,1,2025-02-11 06:48:04,0,94,0,,False,,apache-kafka;apache-kafka-mirrormaker
79429107,1,2025-02-11 06:48:18,1,541,2,,False,,python;machine-learning;deep-learning;stable-diffusion;image-translation
79429108,1,2025-02-11 06:48:28,1,266,2,79438744.0,True,,vimeo;vimeo-api;vimeo-android
79429109,1,2025-02-11 06:48:45,1,221,0,,False,,prometheus;promql;grafana-variable
79429110,1,2025-02-11 06:49:38,1,931,3,,True,,vite;mern;chakra-ui
79429116,1,2025-02-11 06:53:19,0,56,0,,False,,maui
79429129,1,2025-02-11 07:03:48,0,97,1,,False,,python;tensorflow;google-colaboratory;anomaly-detection;tensorflow-federated
79429130,1,2025-02-11 07:03:53,1,535,1,79430975.0,True,,vs-code
79429132,1,2025-02-11 07:04:06,6,811,0,,False,,c++;gdb
79429148,1,2025-02-11 07:12:27,2,113,2,,False,,php;laravel;laravel-collection
79429161,1,2025-02-11 07:19:12,0,153,1,79435736.0,True,,caching;vite;progressive-web-apps;workbox
79429169,1,2025-02-11 07:23:15,0,229,2,,False,,java;android;kotlin;kotlin-multiplatform;compose-multiplatform
79429180,1,2025-02-11 07:27:03,-1,187,2,,True,,c#;asp.net-core-mvc
79429181,1,2025-02-11 07:27:22,0,578,2,79429399.0,True,,azure-active-directory;sharepoint-online;microsoft-entra-id
79429183,1,2025-02-11 07:28:08,0,816,1,,True,,.net;azure;azure-functions;azure-functions-isolated
79429184,1,2025-02-11 07:28:26,4,117,1,79430773.0,True,,r;terra
79429185,1,2025-02-11 07:29:13,-2,143,3,,True,2025-02-11 16:42:44,javascript;reactjs;react-hooks;infinite-loop
79429189,1,2025-02-11 07:30:08,0,86,1,,False,,c#;csv;azure-functions;csvhelper
79429195,1,2025-02-11 07:31:58,1,255,2,,False,,flutter
79429196,1,2025-02-11 07:32:29,4,1304,3,,True,,git;vs-code;git-diff
79429203,1,2025-02-11 07:35:12,1,272,1,,True,,android-studio;emulation
79429208,1,2025-02-11 07:37:50,0,530,1,79429438.0,True,,rust;memory-management;undefined-behavior;unsafe;rust-no-std
79429231,1,2025-02-11 07:50:24,0,443,1,79432741.0,True,,powershell;recursion;search;powershell-2.0
79429232,1,2025-02-11 07:51:57,1,154,1,,True,,python;odoo;json-rpc;odoo-17
79429240,1,2025-02-11 07:59:13,0,698,1,,False,,rest;microsoft-fabric
79429244,1,2025-02-11 08:00:20,1,30,0,,False,,maven;guice;sisu
79429249,1,2025-02-11 08:02:35,6,2407,2,,True,,maven;gitlab;gitlab-ci;code-coverage;jacoco
79429258,1,2025-02-11 08:04:51,0,1412,1,79429754.0,True,,gdscript;godot4
79429260,1,2025-02-11 08:05:13,1,83,1,79438302.0,True,,html;r-markdown;knitr
79429267,1,2025-02-11 08:09:49,-2,105,2,,True,,r;dataframe;transpose
79429285,1,2025-02-11 08:19:58,1,73,1,79429439.0,True,,r;reticulate
79429287,1,2025-02-11 08:20:57,0,61,0,,False,,python;amazon-s3;ffmpeg
79429290,1,2025-02-11 08:21:25,0,88,1,,True,,r;unit-testing;testing;testthat
79429293,1,2025-02-11 08:21:57,2,343,3,79430049.0,True,,powershell;jobs
79429297,1,2025-02-11 08:22:59,0,38,0,,False,,apache;mod-rewrite
79503029,1,2025-03-12 08:40:56,1,227,1,79505586.0,True,,javascript;jquery;jquery-select2
79503032,1,2025-03-12 08:41:44,1,138,1,79503580.0,True,,powershell;lua;escaping;vlc
79503035,1,2025-03-12 08:42:41,1,64,1,79503053.0,True,,python;django
79503051,1,2025-03-12 08:48:29,1,52,0,,False,,javascript;three.js;psd
79503056,1,2025-03-12 08:50:55,0,137,0,,False,,linux-kernel
79503064,1,2025-03-12 08:53:48,1,90,1,79506953.0,True,,qt;qml;qt5;qqmlcomponent
79503066,1,2025-03-12 08:54:52,0,625,1,,True,,apache-kafka;open-telemetry
79503071,1,2025-03-12 08:58:16,0,63,1,,False,,docker;hpc;singularity-container;apptainer
79503073,1,2025-03-12 08:58:22,0,42,1,79503127.0,True,,if-statement;conditional-statements
79503074,1,2025-03-12 08:58:47,1,83,0,,False,,excel;windows;events;vb6;microsoft-file-explorer
79503075,1,2025-03-12 08:59:03,0,195,1,79506285.0,True,,azure;azure-keyvault;azure-webapps;azure-rbac
79503078,1,2025-03-12 08:59:28,0,360,2,79503911.0,True,,android;flutter;google-developers-console;url-launcher;flutter-url-launcher
79503079,1,2025-03-12 08:59:30,-1,86,1,,False,,javascript;actionscript-3;flash
79503082,1,2025-03-12 09:01:20,1,89,1,,False,,c#;reactive-programming;system.reactive;rx.net
79503086,1,2025-03-12 09:03:17,2,36,1,,False,,julia;reinforcement-learning
79503088,1,2025-03-12 09:06:16,0,1011,1,,True,,javascript;firebase;react-native;firebase-cloud-messaging;react-native-firebase
79503093,1,2025-03-12 09:07:36,0,435,2,79504611.0,True,,testing;e2e-testing;web-api-testing
79503095,1,2025-03-12 09:08:03,2,92,1,,True,,go;cgo
79503104,1,2025-03-12 09:13:01,0,77,1,,False,,c#;wpf;ribbon;fluent;fluent.ribbon
79503106,1,2025-03-12 09:14:27,1,140,1,79504112.0,True,,go;google-bigquery;google-cloud-storage
79503107,1,2025-03-12 09:15:09,1,136,0,,False,,php;laravel;email;encoding;sendgrid
79503113,1,2025-03-12 09:17:13,2,148,1,79504103.0,True,,fpga
79503117,1,2025-03-12 09:18:35,2,63,1,79503247.0,True,2025-03-15 16:29:25,apache;.htaccess;mod-rewrite
79503118,1,2025-03-12 09:19:03,0,43,1,,False,,hyperledger-fabric;amazon-managed-blockchain
79503120,1,2025-03-12 09:20:41,1,84,0,,False,,pytorch-geometric;gnn
79503123,1,2025-03-12 09:22:01,-4,98,1,79503219.0,True,2025-03-13 05:24:31,excel;excel-formula;excel-2019
79503124,1,2025-03-12 09:22:26,1,258,1,,True,,ios;swift;swiftui
79503129,1,2025-03-12 09:25:11,0,104,1,,False,,javascript;node.js
79503133,1,2025-03-12 09:26:43,2,51,0,,False,,java;backend;spring-webflux
79503134,1,2025-03-12 09:28:07,0,75,1,79503321.0,True,,django;django-views;django-forms;django-templates
79503136,1,2025-03-12 09:29:26,0,334,1,,True,,spring-boot;testing;spring-kafka
79503138,1,2025-03-12 09:30:28,1,1285,1,,False,,azure;azure-keyvault;kql;azure-monitoring;azure-alerts
79503141,1,2025-03-12 09:30:53,1,129,1,79510883.0,True,,amazon-ecs;aws-service-connect
79503147,1,2025-03-12 09:32:31,0,60,1,,True,2025-03-13 22:16:18,python;docusignapi;docusign-sdk
79503151,1,2025-03-12 09:34:10,0,184,1,,True,,sql;sql-server;excel;t-sql;openrowset
79503152,1,2025-03-12 09:34:21,-1,132,1,,True,,css;bootstrap-4;blazor
79503157,1,2025-03-12 09:35:32,1,167,1,,True,,autodesk-forge;autodesk-viewer
79503160,1,2025-03-12 09:37:38,0,510,1,,True,,spring-boot;http;stream;spring-webflux;netscaler
79503163,1,2025-03-12 09:39:25,1,545,2,,True,,c#;asp.net;visual-studio;iis-express;.net-framework-version
79503174,1,2025-03-12 09:43:28,0,53,1,,False,,sql;jpa
79503175,1,2025-03-12 09:44:12,0,74,2,79503246.0,True,,ruby-on-rails;ruby;actionmailer
79503192,1,2025-03-12 09:49:50,0,111,0,,False,,windows;jvm;jvm-crash
79503199,1,2025-03-12 09:52:23,1,97,1,79503242.0,True,,git
79503203,1,2025-03-12 09:53:42,0,132,1,,True,,java;swing;jmenu
79503206,1,2025-03-12 09:54:34,-5,208,2,79503814.0,True,,c++;multithreading;dictionary;atomic;stdatomic
79503207,1,2025-03-12 09:54:40,0,77,0,,False,,maui
79503208,1,2025-03-12 09:54:45,0,61,0,,False,,c++;google-chrome;static;chromium
79503212,1,2025-03-12 09:58:00,6,158,3,79503223.0,True,,python;algorithm;numpy
79503213,1,2025-03-12 09:58:08,-1,1143,1,79521754.0,True,2025-05-19 10:28:11,google-cloud-platform;large-language-model;google-gemini
79503221,1,2025-03-12 09:59:54,-4,109,1,79503396.0,True,,google-sheets;array-formulas;criteria;sumifs
79503222,1,2025-03-12 10:01:40,0,142,0,,False,,powershell;powerbi;powerquery
79503227,1,2025-03-12 10:03:45,0,702,2,,False,,python;graphql;strawberry-graphql
79503228,1,2025-03-12 10:05:08,4,138,1,,True,,java;javafx
79503231,1,2025-03-12 10:06:39,0,151,2,79504821.0,True,,java;jackson;jackson2
79503240,1,2025-03-12 10:07:40,2,613,0,,False,,vs-code;jupyter-notebook
79503241,1,2025-03-12 10:07:42,1,121,1,,True,,strapi
79503244,1,2025-03-12 10:08:17,1,93,0,,False,,c#;xml;xml-signature;.net-9.0
79503248,1,2025-03-12 10:08:55,2,167,0,,False,,android;flutter;wallet;google-wallet
79503251,1,2025-03-12 10:11:14,1,285,1,79503773.0,True,,r;plotly
79503252,1,2025-03-12 10:11:22,0,86,1,,True,,sass;breakpoints;shopware6
79503254,1,2025-03-12 10:12:26,0,279,1,79507440.0,True,,multiplication;riscv
79503256,1,2025-03-12 10:12:53,3,154,2,79503292.0,True,,sql;postgresql;jsonb
79503266,1,2025-03-12 10:16:45,1,530,1,79508840.0,True,,javascript;html;css;accessibility;wai-aria
79503282,1,2025-03-12 10:25:07,0,131,1,,False,,java;excel;apache-poi
79503284,1,2025-03-12 10:25:23,2,305,0,,False,,rust;webassembly;rust-wasm
79503285,1,2025-03-12 10:25:36,1,56,0,,False,,snakemake
79503287,1,2025-03-12 10:26:06,0,79,1,,False,,sas
79503289,1,2025-03-12 10:26:36,0,228,1,,False,,git;git-commit
79503296,1,2025-03-12 10:29:06,0,123,1,,False,,guidewire;gosu
79503302,1,2025-03-12 10:31:28,0,142,1,,False,,ninja;gcov;meson-build;lcov
79503307,1,2025-03-12 10:34:42,0,299,0,,False,,python;google-cloud-platform;google-cloud-functions;google-cloud-storage
79503317,1,2025-03-12 10:38:03,2,96,2,,False,,html;css;popover;backdrop
79503322,1,2025-03-12 10:39:12,3,798,1,,False,,node.js;typescript;worker-thread;node-worker-threads
79503330,1,2025-03-12 10:43:25,0,453,1,79505330.0,True,,azure-devops;azure-pipelines
79503334,1,2025-03-12 10:44:28,-1,62,1,79503369.0,True,,typescript
79503340,1,2025-03-12 10:46:31,3,889,1,,True,,typescript;next.js;tailwind-css;monorepo;turborepo
79503342,1,2025-03-12 10:46:49,0,78,1,,False,,spring;kubernetes;spring-cloud;spring-cloud-kubernetes
79503344,1,2025-03-12 10:47:52,2,62,1,79503391.0,True,,html;angular;angular-forms;ngmodel
79503346,1,2025-03-12 10:48:29,0,166,0,,False,,pdf;ghostscript;pdfa
79503351,1,2025-03-12 10:51:05,0,260,1,,False,,azure-devops;groovy;pull-request
79503358,1,2025-03-12 10:53:22,0,329,1,,False,,bazel;android-build;android-kernel
79503373,1,2025-03-12 10:57:52,1,344,2,,False,,xcode;xcodebuild
79503375,1,2025-03-12 10:57:54,2,2371,1,,True,,next.js;tailwind-css
79503376,1,2025-03-12 10:58:54,0,1229,1,79505640.0,True,,npm;azure-devops;yarnpkg;azure-artifacts;renovate
79503377,1,2025-03-12 10:59:02,0,775,1,79503478.0,True,2025-03-14 14:02:15,reactjs;sentry;next.js15
79503380,1,2025-03-12 11:00:12,1,215,0,,False,,qt;cocoa;pyside
79503382,1,2025-03-12 11:01:28,0,80,0,,False,,javascript
79503388,1,2025-03-12 11:03:10,2,142,1,,True,,html;css;angular;assets;angular.json
79503400,1,2025-03-12 11:08:55,0,182,0,,False,,java;spring;spring-boot;tomcat
79503401,1,2025-03-12 11:10:00,0,43,0,,False,2025-03-12 11:15:25,python;pandas;dataframe
79503405,1,2025-03-12 11:12:47,1,219,0,,False,,c#;blazor;maui;blazor-webassembly;maui-blazor
79503411,1,2025-03-12 11:14:41,0,68,0,,False,,python;sql-server;performance;flask;sqlalchemy
79503416,1,2025-03-12 11:15:31,1,89,1,79503938.0,True,,typescript
79503418,1,2025-03-12 11:17:09,0,73,0,,False,,excel;if-statement;excel-2016;sumifs
79503422,1,2025-03-12 11:18:00,0,60,0,,False,,linux;process;linux-kernel
79503423,1,2025-03-12 11:18:07,1,89,1,79503491.0,True,,python;sympy;symbolic-math;derivative
79503425,1,2025-03-12 11:19:40,0,30,0,,False,2025-03-12 11:36:05,css;layout;flexbox
79503429,1,2025-03-12 11:24:18,1,116,0,,False,,angular;firebase;deployment;cicd;firebase-app-hosting
79503431,1,2025-03-12 11:26:07,1,79,0,,False,,django;django-views;django-templates;fetch-api;csrf-token
79503436,1,2025-03-12 11:27:44,1,34,0,,False,,android;android-jetpack-compose;android-jetpack-compose-material3
79559098,1,2025-04-07 04:54:57,0,73,1,,False,,gcc;rpath;runpath
79559107,1,2025-04-07 05:15:00,2,131,0,,False,,python;random;cpython;gil
79559112,1,2025-04-07 05:16:49,1,754,2,,True,,c#;.net;visual-studio;azure-devops;excel-interop
79559113,1,2025-04-07 05:17:11,2,238,1,79559114.0,True,,macos;segmentation-fault;d;macos-sequoia
79559115,1,2025-04-07 05:17:33,0,225,1,79559741.0,True,,javascript;node.js;typescript;nestjs;multipartform-data
79559122,1,2025-04-07 05:22:34,2,2044,2,,True,2025-08-01 22:42:37,python;deep-learning;pytorch;fine-tuning;oserror
79559133,1,2025-04-07 05:31:12,0,162,1,,False,,open-telemetry;open-telemetry-collector;observability
79559135,1,2025-04-07 05:34:12,0,118,0,,False,,android;flutter;dart;background-process;alarm
79559136,1,2025-04-07 05:34:16,-1,65,1,,False,,sqlite;schema
79559148,1,2025-04-07 05:46:29,-3,451,2,,True,2025-04-07 07:32:11,reactjs;ag-grid;html2canvas;ag-grid-react;dom-to-image
79559152,1,2025-04-07 05:49:00,0,166,1,,False,,banno-digital-toolkit;jackhenry-jxchange
79559156,1,2025-04-07 05:51:19,1,108,1,,False,,python;huggingface-transformers;huggingface;http-error
79559161,1,2025-04-07 05:53:34,0,70,2,79559223.0,True,,java;inheritance;inner-classes;junit-jupiter
79559164,1,2025-04-07 05:55:20,1,348,1,79559271.0,True,,python;python-typing;pyright
79559167,1,2025-04-07 06:00:06,0,381,1,,False,,javascript;chart.js
79559169,1,2025-04-07 06:01:17,1,348,0,,False,,flutter;dart;yaml
79559170,1,2025-04-07 06:01:50,2,133,1,,True,,java;pdf;itext;digital-signature
79559172,1,2025-04-07 06:03:57,0,128,1,,False,,flutter;supabase
79559185,1,2025-04-07 06:18:47,0,101,1,,False,,office-js;outlook-web-addins
79559188,1,2025-04-07 06:20:30,0,97,1,,False,,aws-cdk;aws-fargate;service-discovery;aws-cloudmap
79559199,1,2025-04-07 06:28:33,1,205,1,,False,,php;streaming;guzzle
79559200,1,2025-04-07 06:29:35,1,123,1,79559252.0,True,,rust;memory-management;lifetime
79559215,1,2025-04-07 06:38:48,0,62,1,79560149.0,True,,cmake;cmake-custom-command
79559220,1,2025-04-07 06:41:52,1,123,1,,True,,verilog;system-verilog;vivado
79559224,1,2025-04-07 06:44:06,1,154,0,,False,,javascript;html;css;dom;transform
79559229,1,2025-04-07 06:48:06,1,2333,3,,False,,vs-code
79559242,1,2025-04-07 06:55:44,0,189,1,,False,,tensorflow;machine-learning;raspberry-pi;image-classification;tflite
79559244,1,2025-04-07 06:56:11,-1,90,2,,True,,sql;oracle-database;procedure
79559246,1,2025-04-07 06:57:10,1,1882,3,,True,,android;flutter
79559247,1,2025-04-07 06:57:10,0,30,1,79559485.0,True,,oracle19c
79559256,1,2025-04-07 07:00:49,1,113,1,79559359.0,True,,python;django;django-queryset
79559258,1,2025-04-07 07:01:39,0,63,1,,False,,scala;akka;akka-persistence;pekko
79559261,1,2025-04-07 07:04:54,0,126,0,,False,,python;performance;concurrency;aiohttp
79559263,1,2025-04-07 07:05:16,0,2073,1,,False,,python;websocket;python-asyncio;agent;livekit
79559266,1,2025-04-07 07:05:50,9,7790,1,,True,,react-native;runtime-error;typeerror;react-native-hermes;react-native-upgrade
79559270,1,2025-04-07 07:08:55,0,610,1,79560318.0,True,,c++builder;indy10;rad-studio
79559274,1,2025-04-07 07:10:50,2,170,0,,False,,c++;std;c++20;std-ranges
79559277,1,2025-04-07 07:13:58,0,71,3,,True,,vb.net;visual-studio
79559279,1,2025-04-07 07:14:32,2,257,2,,True,,c;mingw
79559294,1,2025-04-07 07:20:14,0,105,0,,False,,reactjs;typescript;google-chrome-extension;chrome-extension-manifest-v3
79559300,1,2025-04-07 07:27:17,2,307,1,,True,,x86-64;qemu;u-boot
79559315,1,2025-04-07 07:35:42,0,65,1,,True,,google-sheets;array-formulas;sumproduct
79559328,1,2025-04-07 07:40:19,-2,146,1,,True,2025-04-07 10:07:27,postgresql
79559352,1,2025-04-07 07:58:25,1,478,0,,False,,react-native;expo;expo-router
79559354,1,2025-04-07 07:58:39,0,133,1,79559463.0,True,,c#;wpf;data-binding;datacontext
79559360,1,2025-04-07 08:04:13,3,110,1,,False,,c;esp32;can-bus;espressif-idf
79559361,1,2025-04-07 08:04:26,0,286,3,79794012.0,True,,sql;perl;duckdb
79559377,1,2025-04-07 08:13:54,1,127,1,,True,,machine-learning;deep-learning;neural-network
79559380,1,2025-04-07 08:14:34,1,117,2,,False,,gitlab-ci
79559381,1,2025-04-07 08:14:53,1,151,0,,False,,assembly;arm64;windows-arm64
79559384,1,2025-04-07 08:19:04,0,398,1,79563178.0,True,,android;google-analytics;firebase-analytics
79559385,1,2025-04-07 08:19:04,0,87,1,,True,2025-04-07 08:30:44,r;ggplot2;label;dot-plot
79559390,1,2025-04-07 08:20:25,1,537,1,,True,,java;jvm
79559394,1,2025-04-07 08:25:19,0,131,1,,False,,google-sheets;google-apps-script;google-bigquery;google-iam
79559399,1,2025-04-07 08:27:53,1,839,2,79561056.0,True,,windows;powershell;microsoft-teams
79559400,1,2025-04-07 08:27:53,0,61,0,,False,,javascript;http-redirect;iframe;safari;telegram
79559402,1,2025-04-07 08:28:46,0,134,2,,True,,wxwidgets
79559403,1,2025-04-07 08:29:01,2,58,1,,False,2025-04-07 13:20:55,typescript;syntax;typescript-generics
79559410,1,2025-04-07 08:33:03,2,144,0,,False,,android;kotlin;android-jetpack-compose
79559411,1,2025-04-07 08:35:20,0,74,1,,False,,concurrency;jms;spring-jms;solace;solace-mq
79559421,1,2025-04-07 08:39:11,0,92,3,,False,,c#;sql-server;concurrency;entity-framework-core;.net-8.0
79559423,1,2025-04-07 08:40:21,-1,95,1,,True,2025-04-07 09:41:03,python;algorithm;sorting;data-structures;bubble-sort
79559424,1,2025-04-07 08:40:30,0,31,0,,False,2025-04-07 09:03:06,c++;windows;ffmpeg
79559425,1,2025-04-07 08:42:03,0,85,0,,False,,vue.js;vuejs3;vue-component;ag-grid;vue-reactivity
79559426,1,2025-04-07 08:42:08,0,160,2,,False,,azure-devops;azure-pipelines
79559430,1,2025-04-07 08:46:52,0,650,2,,False,,azure;azure-container-apps
79559435,1,2025-04-07 08:52:29,0,257,1,79559782.0,True,,oracle-database
79559436,1,2025-04-07 08:52:39,1,65,1,,True,,blazor;blazor-server-side
79559438,1,2025-04-07 08:53:32,2,85,1,79559503.0,True,,r;shiny;media-queries;navbar;bslib
79559443,1,2025-04-07 08:56:36,0,657,1,79559915.0,True,,swift;swiftui;lazyhstack
79559444,1,2025-04-07 08:56:40,2,690,3,,True,,motion;twincat
79559451,1,2025-04-07 08:59:31,0,147,0,,False,,eclipse;gradle
79559457,1,2025-04-07 09:04:22,0,71,0,,False,,javascript;fetch-api;thunderbird;thunderbird-addon
79559464,1,2025-04-07 09:10:24,-1,205,1,79561280.0,True,,php;laravel;production;laravel-reverb
79559467,1,2025-04-07 09:11:55,4,1901,2,,True,,angular;testing;jestjs;rxjs;angular-signals
79559473,1,2025-04-07 09:15:14,1,52,1,79559930.0,True,,java;spring;mongodb
79559475,1,2025-04-07 09:17:00,1,234,1,,False,,azure;apim
79559476,1,2025-04-07 09:18:44,1,77,2,79565866.0,True,,javascript;angular;this;ag-grid-angular;method-reference
79559481,1,2025-04-07 09:20:26,1,94,0,,False,,android;kotlin;kotlin-multiplatform
79559493,1,2025-04-07 09:28:04,2,366,0,,False,,google-cloud-platform;google-cloud-vertex-ai;google-vpc;google-cloud-networking;vertex-ai-search
79559494,1,2025-04-07 09:28:41,2,101,2,79559715.0,True,,typescript
79559501,1,2025-04-07 09:31:24,1,31,0,,False,,tmux
79559504,1,2025-04-07 09:32:27,2,150,2,,True,,c
79559509,1,2025-04-07 09:34:46,4,115,1,79596700.0,True,,r;lazy-evaluation;tidyeval
79559513,1,2025-04-07 09:37:27,1,54,1,,True,,flutter
79559516,1,2025-04-07 09:38:57,2,434,1,79559753.0,True,,angular;angular-material;darkmode
79559525,1,2025-04-07 09:42:18,0,254,1,,False,,postgresql;debian;postgresql-13;debian-bookworm
79559530,1,2025-04-07 09:46:02,0,220,1,,False,,reactjs;express;cors
79559540,1,2025-04-07 09:50:03,2,128,0,,False,,c++;multithreading
79559541,1,2025-04-07 09:50:09,1,862,1,79564098.0,True,,ms-word;ms-office;docx;libreoffice;openoffice.org
79559550,1,2025-04-07 09:53:38,0,46,1,,True,,apache-drill
79559553,1,2025-04-07 09:54:50,0,362,1,79639366.0,True,,curl;gitlab;gitlab-ci;gitlab-api
79559557,1,2025-04-07 09:56:07,2,97,1,79559787.0,True,,c++;dll;shared-libraries
79559565,1,2025-04-07 10:01:22,0,100,1,79559627.0,True,,ios;swiftui
79559573,1,2025-04-07 10:03:57,1,78,1,,True,,swift;combine
79559581,1,2025-04-07 10:06:47,2,224,0,,False,2025-04-08 08:15:55,.net-core;.net-8.0;arm64
79559584,1,2025-04-07 10:07:58,-1,95,1,,False,,svg
79559586,1,2025-04-07 10:10:31,1,738,2,,False,,ios;flutter;ios-simulator
79559591,1,2025-04-07 10:12:29,0,341,1,79559641.0,True,,postgresql
79559594,1,2025-04-07 10:14:00,0,213,1,79559615.0,True,,arrays;powershell;byte;getstring
79613455,1,2025-05-09 03:38:51,2,80,1,79613456.0,True,2025-05-09 04:15:05,javascript
79613457,1,2025-05-09 03:44:00,0,1444,1,,False,,google-sheets;formula;spreadsheet
79613458,1,2025-05-09 03:44:39,2,48,1,,False,,apache-spark;join;pyspark;partitioning
79613461,1,2025-05-09 03:52:30,1,104,1,,True,,python;url;plotly-dash
79613464,1,2025-05-09 03:59:15,1,425,3,79624288.0,True,,latex;quarto
79613473,1,2025-05-09 04:15:56,2,112,3,79613505.0,True,,mysql
79613478,1,2025-05-09 04:19:25,-4,158,1,79613714.0,True,,ios;swift;swiftui
79613479,1,2025-05-09 04:19:51,-2,174,1,79613504.0,True,2025-05-10 01:56:15,spring-boot;rabbitmq;microservices
79613488,1,2025-05-09 04:31:41,-1,88,1,,False,,azure;.net-core;nuget;devops
79613489,1,2025-05-09 04:33:51,3,124,2,79615503.0,True,,typescript
79613497,1,2025-05-09 04:48:58,0,159,1,,False,,android;android-studio;build.gradle
79613511,1,2025-05-09 05:05:21,2,92,1,,True,2025-05-10 13:56:41,c;multithreading;thread-safety;pthreads
79613514,1,2025-05-09 05:11:08,0,110,2,79613523.0,True,,python;tqdm
79613515,1,2025-05-09 05:12:34,1,85,1,,True,,java;azure;azure-hdinsight
79613516,1,2025-05-09 05:13:47,3,152,3,,True,,algorithm;search
79613524,1,2025-05-09 05:26:17,1,278,3,,True,2025-05-12 15:54:07,java;spring;hibernate;transactions;sessionfactory
79613526,1,2025-05-09 05:27:13,1,297,2,,False,,angular;responsive-design;angular18
79613531,1,2025-05-09 05:32:18,2,287,1,,False,,ios;xcode;bitcode;xcode16;agora
79613536,1,2025-05-09 05:35:23,1,100,0,,False,,php;laravel-livewire;alpine.js
79613545,1,2025-05-09 05:45:03,0,89,1,,False,,c++;linux;glib;ubuntu-22.04;gio
79613548,1,2025-05-09 05:46:17,2,80,0,,False,,javascript;webapi
79613552,1,2025-05-09 05:51:33,-2,92,1,,False,2025-05-09 06:36:24,c#;interface
79613561,1,2025-05-09 05:58:35,1,285,1,,False,,angular;typescript;matomo;app-initializer
79613563,1,2025-05-09 06:05:45,0,74,0,,False,,hibernate;jpa;concurrentmodificationexception
79613566,1,2025-05-09 06:07:43,-2,106,1,,True,,jmeter
79613569,1,2025-05-09 06:08:21,1,205,3,,True,,angular;angular-material;angular-datatables
79613571,1,2025-05-09 06:11:03,0,56,0,,False,,python;xcode;kivy
79613578,1,2025-05-09 06:18:19,0,63,1,,False,,typescript
79613582,1,2025-05-09 06:24:26,0,176,1,,False,,javascript;css;wordpress;woocommerce
79613590,1,2025-05-09 06:33:56,1,58,1,,False,,macos;express;nodemon
79613594,1,2025-05-09 06:37:30,0,383,1,,True,,abap;opensql
79613595,1,2025-05-09 06:37:44,0,59,2,,False,,android;xml;kotlin;android-recyclerview
79613598,1,2025-05-09 06:39:59,1,190,1,79613932.0,True,,turing-machines
79613600,1,2025-05-09 06:41:03,0,116,1,,False,,android;flutter
79613601,1,2025-05-09 06:41:52,0,59,0,,False,,firebase-studio
79613608,1,2025-05-09 06:47:49,1,131,0,,False,,c++;visual-c++;cmake;linker-errors
79613609,1,2025-05-09 06:51:08,1,299,1,,True,,.net;xaml;xamarin;generics;maui
79613635,1,2025-05-09 07:08:37,1,86,1,79616760.0,True,,php;jquery;codeigniter-4
79613639,1,2025-05-09 07:11:02,-1,86,1,79614242.0,True,,sql;mysql
79613645,1,2025-05-09 07:15:13,0,127,1,,True,,c;clang-format
79613654,1,2025-05-09 07:23:44,-1,124,2,,True,,bash;while-loop;continue
79613686,1,2025-05-09 07:46:37,-1,50,2,,False,,oracle-database;duplicates
79613687,1,2025-05-09 07:46:56,0,85,1,79613734.0,True,,css;wordpress;font-face
79613689,1,2025-05-09 07:47:56,-1,73,1,,True,,node.js;typescript;flutter;dart
79613690,1,2025-05-09 07:48:02,1,125,1,,True,,android;screenshot;androidx;androidx-test
79613692,1,2025-05-09 07:48:22,0,121,0,,False,,audio;webrtc;text-to-speech;speech-to-text;voice-recognition
79613696,1,2025-05-09 07:51:59,0,43,1,79620945.0,True,,pyspark
79613699,1,2025-05-09 07:54:05,0,92,0,,False,,r;xml;officer;r-flextable
79613701,1,2025-05-09 07:55:39,1,129,1,79621714.0,True,,visual-c++;msbuild;visual-studio-2019
79613722,1,2025-05-09 08:08:25,-1,65,1,,False,,css;firefox;multiple-columns;microsoft-edge;fieldset
79613723,1,2025-05-09 08:08:40,0,48,1,,False,,react-native;react-navigation
79613727,1,2025-05-09 08:09:23,0,125,1,79615286.0,True,,javascript;google-apps-script;google-docs
79613728,1,2025-05-09 08:10:08,0,372,2,79614122.0,True,,c#;barcode-scanner;hid;opos
79613731,1,2025-05-09 08:11:06,0,171,1,,True,2025-05-09 09:25:06,git;github;git-fetch
79613737,1,2025-05-09 08:13:27,1,328,0,,False,,.net;sqlite;alpine-linux
79613743,1,2025-05-09 08:20:12,4,406,1,,True,,firebase;algolia;firebase-extensions
79613755,1,2025-05-09 08:30:48,2,92,2,79614097.0,True,,json;jolt
79613757,1,2025-05-09 08:32:17,0,34,1,79614112.0,True,,node.js;firebase;error-handling;google-cloud-functions
79613761,1,2025-05-09 08:34:18,1,451,3,79627922.0,True,,go;memory-leaks;goroutine
79613767,1,2025-05-09 08:37:35,2,117,1,79614219.0,True,,xquery;marklogic
79613769,1,2025-05-09 08:41:47,1,61,1,,False,,stm32;spi
79613773,1,2025-05-09 08:44:40,3,457,1,,True,,python;next.js;fastapi;fetch-api;form-data
79613775,1,2025-05-09 08:46:07,1,60,1,79614500.0,True,,redux;react-redux;redux-saga
79613778,1,2025-05-09 08:47:16,1,190,2,,True,,powershell;invoke-command;start-process
79613784,1,2025-05-09 08:51:28,0,169,1,79615636.0,True,,r;vegan;rda
79613787,1,2025-05-09 08:52:22,1,543,1,79614236.0,True,,postgresql
79613788,1,2025-05-09 08:53:27,1,111,1,79615272.0,True,,c;stm32;spi;stm32f1
79613795,1,2025-05-09 08:58:19,2,128,1,79613847.0,True,,javascript;css;svg;svg-animate
79613797,1,2025-05-09 09:00:10,1,296,2,79615037.0,True,,swift;sorting;swiftui;swiftui-table
79613798,1,2025-05-09 09:00:19,0,110,1,,False,,python;pyspark;azure-databricks
79613800,1,2025-05-09 09:01:03,0,125,0,,False,,visual-studio-2019;linker-errors
79613802,1,2025-05-09 09:01:47,0,142,0,,False,,file;rust;io;iterator
79613808,1,2025-05-09 09:05:57,1,37,1,,False,,spring-integration
79613809,1,2025-05-09 09:06:09,1,124,0,,False,,react-native;mediapipe;glog
79613821,1,2025-05-09 09:17:38,0,80,0,,False,,windows;gesture
79613827,1,2025-05-09 09:24:31,2,92,1,79613863.0,True,,css;css-transitions
79613828,1,2025-05-09 09:24:38,0,63,1,79613894.0,True,,spread-syntax;assemblyscript
79613832,1,2025-05-09 09:26:27,0,3486,2,,True,,mockito;byte-buddy;java-24
79613843,1,2025-05-09 09:31:26,0,89,1,,True,,c++;mathematical-optimization;nonlinear-optimization;ceres-solver
79613844,1,2025-05-09 09:32:25,1,103,1,79614870.0,True,,python;tkinter
79613846,1,2025-05-09 09:35:08,1,243,0,,False,,javascript;angular;ionic-framework;angular-ssr
79613852,1,2025-05-09 09:39:05,0,81,1,79615172.0,True,,postgresql;docker;blazor-server-side;mudblazor;circuit
79613856,1,2025-05-09 09:43:05,0,51,1,,False,,java;eclipse;bndtools
79613878,1,2025-05-09 09:54:42,1,230,0,,False,,java;docker;openapi;openapi-generator
79613879,1,2025-05-09 09:56:00,2,125,2,,False,,java;android-sqlite
79613898,1,2025-05-09 10:09:03,0,184,1,,False,,azure-active-directory;azure-functions;sharepoint-online;csom
79613899,1,2025-05-09 10:09:16,0,84,0,,False,,memcpy;msp430;cooja;contiki-ng;blackhole
79613902,1,2025-05-09 10:10:37,1,245,1,,False,,salesforce;custom-object;sfdc-metadata-api
79613903,1,2025-05-09 10:10:57,-2,83,1,79614136.0,True,,reactjs;node.js;kubernetes
79613904,1,2025-05-09 10:11:18,1,74,2,79613951.0,True,,macos;settings
79613909,1,2025-05-09 10:12:26,1,72,1,,True,,python;class;tkinter
79613910,1,2025-05-09 10:12:50,-1,108,3,79613936.0,True,,excel
79613917,1,2025-05-09 10:20:30,1,97,0,,False,,powerbi;powerbi-datasource
79613920,1,2025-05-09 10:23:32,-2,146,1,,True,2025-05-09 15:13:37,java;zoneddatetime
79613924,1,2025-05-09 10:25:52,4,614,1,,False,,intellij-idea
79613927,1,2025-05-09 10:27:47,0,37,1,,False,,pykx
79613929,1,2025-05-09 10:28:24,1,83,0,,False,,python;fork;gil
79613930,1,2025-05-09 10:28:33,0,38,0,,False,,asp.net
79613935,1,2025-05-09 10:33:52,1,138,1,79651084.0,True,,vs-code;coldfusion;cflint
79613939,1,2025-05-09 10:35:50,0,81,1,,True,,php;html;forms
79683041,1,2025-06-28 13:23:19,-1,94,2,,False,,mudblazor
79683042,1,2025-06-28 13:25:27,-1,116,1,,False,,rust;ethereum;solidity;metamask
79683049,1,2025-06-28 13:45:24,1,122,1,,False,,python;matplotlib
79683051,1,2025-06-28 13:46:11,1,89,2,,True,2025-06-29 15:15:49,javascript;jquery
79683053,1,2025-06-28 13:46:47,5,2623,2,,True,2025-07-25 04:00:18,ios;flutter;xcode;intellij-idea;ide
79683054,1,2025-06-28 13:47:00,2,241,1,79683849.0,True,,typescript;casting
79683063,1,2025-06-28 13:57:46,2,397,0,,False,,nuget;visual-studio-2022;ssms-21
79683067,1,2025-06-28 14:06:35,9,164,1,79684927.0,True,,java;algorithm;geometry
79683068,1,2025-06-28 14:09:08,0,241,1,,True,,c#;mvvm;data-binding;avaloniaui;avalonia
79683070,1,2025-06-28 14:13:18,1,131,1,79683085.0,True,,rust;vector;indexing;inner-join
79683084,1,2025-06-28 14:45:04,0,59,1,,True,,html;css;firefox
79683103,1,2025-06-28 15:08:50,2,1055,3,79683195.0,True,,node.js;angular;npm
79683106,1,2025-06-28 15:16:19,2,219,4,79684574.0,True,,arrays;ruby;partition
79683119,1,2025-06-28 15:32:42,1,50,0,,False,,html;node.js;google-cloud-platform
79683120,1,2025-06-28 15:34:31,-3,143,1,,True,,mips;cpu;computer-science;cpu-architecture;cpu-hazard
79683127,1,2025-06-28 15:40:06,7,324,5,79683779.0,True,,awk
79683133,1,2025-06-28 15:48:05,1,252,2,,True,,algorithm;time-complexity;big-o;complexity-theory
79683144,1,2025-06-28 16:00:55,0,184,1,,False,,c++;oop;templates
79683145,1,2025-06-28 16:01:13,3,105,0,,False,2025-06-30 19:00:07,git;git-bash;git-for-windows
79683146,1,2025-06-28 16:02:32,0,126,1,,False,,datatable;grafana
79683153,1,2025-06-28 16:09:06,1,89,2,,True,,mysql
79683162,1,2025-06-28 16:23:22,0,144,0,,False,,flutter;dart;lint;barrel-import
79683170,1,2025-06-28 16:45:02,2,207,1,,True,,java;swing;awt;java.util.scanner
79683174,1,2025-06-28 16:49:05,-3,111,1,79683856.0,True,,typescript
79683179,1,2025-06-28 17:00:58,-1,115,1,,True,2025-07-01 13:17:38,java;android;android-camerax;google-mlkit
79683182,1,2025-06-28 17:06:29,0,102,1,79683314.0,True,,swiftui
79683183,1,2025-06-28 17:06:46,0,84,1,,True,,css;video
79683186,1,2025-06-28 17:20:11,-1,433,3,,False,,vercel;webassembly;sveltekit
79683187,1,2025-06-28 17:24:03,3,106,1,79683324.0,True,,rust;architecture;dynamic-dispatch;entity-component-system;monomorphism
79683188,1,2025-06-28 17:26:02,0,136,1,79683398.0,True,,algorithm;image-processing;language-agnostic;linear-interpolation
79683192,1,2025-06-28 17:30:30,1,683,1,79683232.0,True,,ruby-on-rails;tailwind-css;tailwind-css-4;ruby-on-rails-8
79683193,1,2025-06-28 17:31:18,0,70,1,,False,,testng;testng-dataprovider
79683201,1,2025-06-28 17:47:07,0,124,2,,True,,python;tkinter;canvas;grid
79683203,1,2025-06-28 17:49:33,1,2678,2,,True,,vs-code;uv
79683212,1,2025-06-28 17:59:25,1,298,2,79716051.0,True,,android;android-jetpack-compose;androidx;koin;android-koin
79683216,1,2025-06-28 18:02:12,0,76,1,79683231.0,True,,avalonia;new-window
79683221,1,2025-06-28 18:08:07,0,52,1,,False,,fstar
79683224,1,2025-06-28 18:10:22,0,266,1,,False,,javascript;vue.js;vs-code;project
79683234,1,2025-06-28 18:18:38,0,157,3,,True,,bash;grep;ansi-colors
79683236,1,2025-06-28 18:20:52,1,227,1,,True,,python;ssl;openssl
79683237,1,2025-06-28 18:20:54,0,450,1,,True,,css;background;gradient;background-color;webflow
79683246,1,2025-06-28 18:32:53,2,61,1,79683818.0,True,,javascript;pdf;acrobat
79683251,1,2025-06-28 18:37:30,0,101,0,,False,,c++;vs-code;debugging
79683257,1,2025-06-28 18:55:57,0,232,1,,True,,huggingface-datasets;jsonlines
79683271,1,2025-06-28 19:12:39,-1,146,1,,False,,google-apps-script;web-applications;google-docs
79683272,1,2025-06-28 19:14:33,-4,152,2,79683382.0,True,,java;list
79683275,1,2025-06-28 19:22:00,3,127,1,79683494.0,True,,javascript;html;angular;typescript;angular-signals
79683282,1,2025-06-28 19:30:10,-1,71,1,,True,,azure-devops;azure-pipelines;azure-pipelines-yaml
79683285,1,2025-06-28 19:36:56,2,527,0,,False,,clion;jetbrains-ide;jetbrains-gateway
79683297,1,2025-06-28 19:52:50,1,213,2,,True,,r;parallel-processing;apply;doparallel
79683301,1,2025-06-28 19:58:07,0,657,2,,True,,c#;linq;datatable;datarow;dynamic-linq-core
79683302,1,2025-06-28 19:58:37,-1,85,1,,False,,android;image;listview;tablerow
79683305,1,2025-06-28 20:02:54,1,83,1,79683885.0,True,,php;yii2;yii2-advanced-app
79683326,1,2025-06-28 20:46:54,2,131,2,79684047.0,True,,assembly;optimization;micro-optimization;motorola;68000
79683329,1,2025-06-28 20:50:31,1,89,1,79683857.0,True,,mit-scratch;block-programming
79683330,1,2025-06-28 20:51:09,1,440,1,,False,,javascript;authentication;next.js;auth0
79683337,1,2025-06-28 21:15:33,3,104,1,79725389.0,True,,power-automate;power-automate-desktop
79683341,1,2025-06-28 21:20:17,4,194,2,,True,,c++;c++-concepts
79683346,1,2025-06-28 21:31:06,0,86,1,79683371.0,True,2025-06-29 04:58:30,coercion;lean
79683348,1,2025-06-28 21:34:14,0,472,1,,False,,c++;c;cmake;imgui;sdl-3
79683350,1,2025-06-28 21:44:25,1,230,2,,True,,delphi;delphi-5;baud-rate;tcomport
79683351,1,2025-06-28 21:47:25,1,262,1,,True,,angular;highcharts;angular2-highcharts
79683361,1,2025-06-28 22:09:13,0,45,1,,False,,android;android-widget;kotlin-native
79683375,1,2025-06-28 22:41:16,0,174,1,,False,,java;mysql;spring-boot;hibernate
79683386,1,2025-06-28 23:31:58,2,101,1,79683502.0,True,,java;maven;properties;version;maven-dependency
79683387,1,2025-06-28 23:33:44,0,145,1,,True,,shopify;e-commerce;cart;hydrogen;shopify-hydrogen
79683408,1,2025-06-29 00:47:04,1,105,1,79688706.0,True,,servlets;servlet-filters
79683425,1,2025-06-29 01:22:38,-1,116,1,79683437.0,True,,python;pandas;dataframe
79683427,1,2025-06-29 01:34:06,0,615,1,,True,,ios;swift;uikit;observable;ios26
79683430,1,2025-06-29 01:39:53,0,253,1,79686591.0,True,,rust;concurrency;rust-axum
79683432,1,2025-06-29 01:46:40,0,98,1,79683524.0,True,,excel;vba
79683433,1,2025-06-29 01:47:56,0,277,1,,True,,python;bluetooth;bluetooth-lowenergy
79683438,1,2025-06-29 02:06:53,6,1074,2,79683926.0,True,,css;google-chrome;fonts;microsoft-edge
79683444,1,2025-06-29 02:16:13,4,216,3,79684653.0,True,,python;numpy
79683445,1,2025-06-29 02:16:44,1,102,1,,False,,oracle-database;datagrip;python-oracledb
79683449,1,2025-06-29 02:24:34,-1,149,1,79688074.0,True,,ios;reactjs;react-native;expo;crash
79683450,1,2025-06-29 02:24:57,-1,212,1,,True,,ios;objective-c;key-value-observing;avkit
79683458,1,2025-06-29 02:45:21,2,102,0,,False,,neovim;neovim-plugin
79683459,1,2025-06-29 02:47:36,2,171,0,,False,2025-06-29 05:18:20,assembly;x86;nasm
79683461,1,2025-06-29 02:48:18,1,74,1,,True,,angular;bootstrap-5
79683476,1,2025-06-29 03:32:55,1,103,2,79683520.0,True,,ios;swift;swiftui
79683477,1,2025-06-29 03:46:31,4,173,1,79683969.0,True,,python;pandas;dataframe
79683484,1,2025-06-29 04:12:53,0,141,1,,True,,github-actions;devops;amazon-ecs;aws-fargate
79683503,1,2025-06-29 05:08:03,0,142,2,79684143.0,True,2025-07-01 20:43:19,css
79683507,1,2025-06-29 05:22:56,-2,229,2,79684072.0,True,,git;gitlab;git-push
79683508,1,2025-06-29 05:23:10,1,135,1,79742816.0,True,,css;angular;typescript;vs-code
79683517,1,2025-06-29 05:40:13,4,295,1,79686467.0,True,,perl;mmap;slurp
79683548,1,2025-06-29 06:47:02,0,335,1,,True,,node.js;express;redis;eventual-consistency;bullmq
79683565,1,2025-06-29 07:28:31,1,265,2,79683733.0,True,,r
79683572,1,2025-06-29 07:44:40,-1,157,1,,False,,python;algorithm
79683574,1,2025-06-29 07:46:21,1,444,1,,True,,telegram;telegram-bot;python-telegram-bot;py-telegram-bot-api;telegram-api
79683577,1,2025-06-29 08:01:58,0,203,1,,False,,.net-core;azure-functions;microsoft-entra-id
79683580,1,2025-06-29 08:04:27,-1,462,1,,False,,python
79683583,1,2025-06-29 08:18:52,1,125,2,79683591.0,True,,java;android;kotlin;gradle
79683587,1,2025-06-29 08:32:47,2,158,1,79683962.0,True,,powerbi;powerquery
79683588,1,2025-06-29 08:34:13,1,53,0,,False,,curses;dlopen;zos
79683595,1,2025-06-29 08:43:15,-3,71,1,79683669.0,True,2025-06-30 20:11:07,rust
79683611,1,2025-06-29 09:03:08,2,89,2,79683711.0,True,,sqlite
79683614,1,2025-06-29 09:07:57,2,155,0,,False,,c#;jwt;asp.net-core-webapi;asp.net-core-identity
79683619,1,2025-06-29 09:14:28,-1,303,1,,False,,reactjs;azure;oauth-2.0;azure-ad-msal
79708123,1,2025-07-20 15:15:43,1,90,0,,False,,python;matplotlib;cartopy
79708124,1,2025-07-20 15:18:59,1,214,2,79708202.0,True,,c;optimization;floating-point;nan;compiler-optimization
79708127,1,2025-07-20 15:21:47,1,1300,1,79708308.0,True,,android;android-studio;capacitor
79708131,1,2025-07-20 15:23:09,0,74,0,,False,,python;django;django-models;django-import-export
79708133,1,2025-07-20 15:26:29,0,96,2,79708170.0,True,,sql;db2
79708135,1,2025-07-20 15:28:17,2,294,3,79708387.0,True,,c++;testing;tuples;constexpr;compile-time
79708136,1,2025-07-20 15:28:34,2,593,1,79708155.0,True,,tailwind-css;daisyui;daisyui-5
79708139,1,2025-07-20 15:36:55,-2,273,1,79710807.0,True,2025-07-25 04:00:52,linux-kernel;linux-device-driver;embedded-linux;yocto
79708166,1,2025-07-20 16:11:31,1,96,1,,False,,docusignapi
79708167,1,2025-07-20 16:11:34,0,51,0,,False,,docker;pymc;mcmc;python-3.11;pytensor
79708172,1,2025-07-20 16:16:57,0,139,1,79717623.0,True,,python;python-3.x;xml-signature
79708177,1,2025-07-20 16:21:47,3,45,1,79708179.0,True,,django;templates
79708180,1,2025-07-20 16:29:27,1,36,1,79708205.0,True,,jquery;node.js
79708190,1,2025-07-20 16:41:02,1,101,1,79708262.0,True,,excel;vba;loops;transform
79708204,1,2025-07-20 16:52:35,2,108,1,79708326.0,True,,c++;boost;compiler-errors;multi-index;boost-multi-index
79708212,1,2025-07-20 17:03:05,1,353,2,,False,,amazon-web-services;aws-fargate;aws-service-connect
79708235,1,2025-07-20 17:32:43,0,265,2,,False,,php;laravel;caching;multi-tenant;tenancyforlaravel
79708236,1,2025-07-20 17:32:56,0,413,1,,False,,git;vs-code;github
79708240,1,2025-07-20 17:35:56,0,87,1,,False,,c#;unity-game-engine
79708243,1,2025-07-20 17:37:12,0,70,1,,True,,excel
79708266,1,2025-07-20 18:15:20,1,247,1,,True,,maui;ambiguous;maui-community-toolkit;.net-9.0
79708270,1,2025-07-20 18:20:20,0,98,0,,False,,python;huggingface-transformers;large-language-model
79708284,1,2025-07-20 18:39:41,0,134,1,,True,,excel;vba
79708289,1,2025-07-20 18:44:18,4,150,1,79708704.0,True,,c;typescript;interrupt;uart;mcu
79708290,1,2025-07-20 18:45:48,1,227,0,,False,,flutter;video;out-of-memory;playback;preloading
79708291,1,2025-07-20 18:47:43,4,283,1,79708300.0,True,,python;dataframe;python-polars;polars
79708294,1,2025-07-20 18:55:46,0,81,0,,False,,docker;gradio
79708313,1,2025-07-20 19:30:37,0,48,1,,False,,f#;maui
79708321,1,2025-07-20 19:42:15,0,104,0,,False,,typescript;vite;vitest;zod
79708337,1,2025-07-20 19:59:09,1,450,0,,False,,c#;controller;blazor;asp.net-core-webapi;dotnet-httpclient
79708339,1,2025-07-20 20:05:13,0,154,2,79708366.0,True,,python;sympy;signal-processing;polynomial-math
79708340,1,2025-07-20 20:08:34,3,142,3,79708353.0,True,,c;stack;stack-smash
79708354,1,2025-07-20 20:32:49,1,122,1,,False,,three.js;cannon.js
79708362,1,2025-07-20 20:43:00,3,742,2,,True,,rust;rust-analyzer
79708364,1,2025-07-20 20:46:50,3,305,4,,True,2025-07-21 11:57:52,c
79708367,1,2025-07-20 20:51:02,1,96,0,,False,,javascript;frida
79708368,1,2025-07-20 20:51:04,0,79,1,,True,,shell;jq
79708369,1,2025-07-20 20:53:38,0,60,1,,False,,spring-kafka;apache-kafka-streams
79708386,1,2025-07-20 21:13:21,0,136,0,,False,,c#;rabbitmq;event-handling;windows-services
79708391,1,2025-07-20 21:20:07,1,241,1,,True,,ios;swift;swiftui;realitykit
79708394,1,2025-07-20 21:29:11,0,223,1,,False,,grafana-loki
79708407,1,2025-07-20 21:57:19,3,393,2,,True,,python;python-3.x;web-scraping;python-requests
79708412,1,2025-07-20 22:04:07,10,825,0,,False,,c++;sonarqube;std-filesystem;create-directory
79708418,1,2025-07-20 22:29:54,0,58,1,,True,,anylogic
79708428,1,2025-07-20 23:03:43,1,40,1,,False,,huggingface-transformers;huggingface-hub
79708434,1,2025-07-20 23:20:55,1,59,1,79708616.0,True,,vue.js;express
79708440,1,2025-07-20 23:43:56,1,87,2,79708701.0,True,,python;django
79708446,1,2025-07-21 00:14:13,0,374,1,,False,,react-native;victory-native
79708454,1,2025-07-21 00:42:42,0,84,0,,False,,fpga;quartus;fsm;intel-fpga;digital-logic
79708459,1,2025-07-21 01:07:09,4,118,2,,True,,html;css;css-grid
79708466,1,2025-07-21 01:27:12,1,104,3,79710024.0,True,,javascript;sorting;filereader;alphabetical;alphabetical-sort
79708469,1,2025-07-21 01:32:37,2,134,0,,False,,flutter;proguard;flutter-add-to-app
79708478,1,2025-07-21 01:55:41,0,57,0,,False,,swiftui;realitykit;visionos
79708480,1,2025-07-21 01:56:49,-1,115,1,,True,2025-07-21 10:13:03,c#;entity-framework-core;casting;datetime-format
79708481,1,2025-07-21 02:01:11,0,94,0,,False,,matlab;symlink
79708486,1,2025-07-21 02:17:13,3,232,1,79749118.0,True,,iis;blazor;signalr;.net-8.0
79708489,1,2025-07-21 02:23:57,0,103,2,79711434.0,True,2025-10-06 01:17:44,angular;sass;angular-animations
79708490,1,2025-07-21 02:24:30,0,114,1,,False,,pyqt5;qt5
79708492,1,2025-07-21 02:31:19,0,206,1,79708634.0,True,,javascript;vs-code;quokka.js
79708498,1,2025-07-21 02:41:40,0,141,1,,False,,javascript;autodesk-forge;autodesk-viewer
79708503,1,2025-07-21 03:00:48,6,89,1,79708509.0,True,,rust;closures;borrow-checker
79708510,1,2025-07-21 03:11:39,-1,80,1,79709257.0,True,,php;laravel;try-catch;laravel-10;laravel-12
79708514,1,2025-07-21 03:17:18,1,189,0,,False,,google-analytics;google-analytics-api;google-analytics-4
79708515,1,2025-07-21 03:18:47,7,369,1,79708561.0,True,,android;android-jetpack-compose;android-resources;string-resource
79708521,1,2025-07-21 03:36:54,0,142,1,,False,,typescript;nuxt3.js;nuxt-module
79708536,1,2025-07-21 04:13:30,2,166,2,79709643.0,True,,r;raster;terra;map-projections;tidyterra
79708553,1,2025-07-21 04:43:38,3,162,2,79708624.0,True,,javascript;html
79708564,1,2025-07-21 05:02:47,0,206,1,,True,,json;postgresql
79708570,1,2025-07-21 05:15:15,1,462,1,,True,,python;python-requests;httpx
79708581,1,2025-07-21 05:21:35,6,172,3,79708748.0,True,,c++;type-conversion;overload-resolution
79708582,1,2025-07-21 05:23:35,2,34,0,,False,,error-handling;streaming;dolphindb
79708583,1,2025-07-21 05:25:08,0,108,0,,False,,python;amazon-web-services;aws-lambda;amazon-neptune;amazon-bedrock
79708584,1,2025-07-21 05:27:26,2,92,1,,True,,html;tailwind-css;tailwind-css-4
79708588,1,2025-07-21 05:36:08,0,71,1,,True,,mathjax
79708601,1,2025-07-21 05:53:09,0,63,0,,False,,jestjs;code-coverage;nomachine-nx
79708602,1,2025-07-21 05:53:13,1,63,1,79708686.0,True,2025-08-09 10:07:37,docker;intellij-idea;containers;port;intellij-plugin
79708603,1,2025-07-21 05:54:48,-6,171,1,79709074.0,True,2025-07-23 00:45:23,excel;vba;loops
79708605,1,2025-07-21 05:55:47,1,82,0,,False,,cuda;fortran;matrix-inverse
79708612,1,2025-07-21 06:00:59,3,113,1,79708675.0,True,,html;css;r;r-markdown;r-flextable
79708614,1,2025-07-21 06:02:51,0,159,1,79810572.0,True,,exception;jpa;eclipselink
79708620,1,2025-07-21 06:06:17,4,125,1,79708643.0,True,,html;css;r;r-markdown;r-flextable
79708628,1,2025-07-21 06:15:38,6,277,3,79708662.0,True,,c++;implicit-conversion;unique-ptr
79708630,1,2025-07-21 06:18:57,1,248,0,,False,,android;kotlin;credential-manager
79708635,1,2025-07-21 06:22:57,0,149,3,,False,,typescript;graphql;nestjs;apollo;nx-monorepo
79708636,1,2025-07-21 06:24:28,1,78,2,79711457.0,True,,reactjs;typescript;antd
79708647,1,2025-07-21 06:31:49,1,122,0,,False,,android;http-status-code-404;remote-debugging;http-1.1;samsung-internet
79708656,1,2025-07-21 06:36:46,1,110,1,79708665.0,True,,reactjs;node.js;linux;google-chrome;webrtc
79708671,1,2025-07-21 06:45:40,1,172,2,,True,,javascript;reactjs;next.js;tailwind-css;gsap
79708703,1,2025-07-21 07:26:10,0,337,0,,False,,bouncycastle;ktor;ktor-client
79708707,1,2025-07-21 07:30:55,0,161,0,,False,,ios;swift;react-native;widgetliveactivity
79708718,1,2025-07-21 07:39:23,1,79,0,,False,,unity-game-engine;urp;shader-graph
79708726,1,2025-07-21 07:50:14,0,83,1,,True,,java;pdfbox
79708729,1,2025-07-21 07:55:35,0,1629,1,,True,,android;react-native;android-studio;gradle;build.gradle
79708734,1,2025-07-21 07:57:35,-2,197,1,79709618.0,True,,ruby-on-rails;ruby;model-view-controller
79708757,1,2025-07-21 08:11:57,1,151,3,79709203.0,True,,c#;types;intersection-types
79708761,1,2025-07-21 08:15:14,0,48,1,,False,,android;android-module;glance
79708763,1,2025-07-21 08:15:45,1,141,1,79708842.0,True,,ios;swift;rx-swift;combine;swift-concurrency
79708765,1,2025-07-21 08:19:51,0,76,1,79708793.0,True,2025-07-21 13:31:59,html;css;html-table;html-select
79708778,1,2025-07-21 08:30:19,0,104,1,,False,,python;machine-learning;data-analysis;python-xarray
79708781,1,2025-07-21 08:32:49,2,228,3,,True,,flutter;flutter-flexible
79739604,1,2025-08-19 07:47:08,4,253,1,79741137.0,True,,c++;lifetime
79739619,1,2025-08-19 08:06:28,1,274,2,,True,,sql-server;amazon-web-services;aws-lambda;amazon-rds
79739620,1,2025-08-19 08:07:05,0,161,0,,False,,javascript;reactjs;video;html5-video;mp4
79739631,1,2025-08-19 08:19:39,0,54,0,,False,,sparql;wikidata
79739650,1,2025-08-19 08:36:49,0,94,1,,False,,libxml2;sigfpe
79739660,1,2025-08-19 08:47:15,2,507,1,,True,,python;python-typing;pytype
79739673,1,2025-08-19 08:57:24,0,189,1,,False,,c#;.net;configuration
79739681,1,2025-08-19 09:07:15,0,130,1,,True,,android;ionic-framework;background;bluetooth-lowenergy;capacitor
79739685,1,2025-08-19 09:13:36,0,119,1,,True,,html;css;bootstrap-4
79739688,1,2025-08-19 09:14:35,3,1312,1,,True,,ios;swiftui;uikit;liquid-glass
79739691,1,2025-08-19 09:16:49,3,228,2,,True,,python;computer-vision;scikit-image;lbph-algorithm
79739708,1,2025-08-19 09:32:29,0,319,1,,False,,cmake
79739709,1,2025-08-19 09:32:35,0,244,0,,False,,azure-active-directory;botframework;microsoft-teams;azure-bot-service
79739715,1,2025-08-19 09:36:35,-3,98,1,,False,,swift
79739724,1,2025-08-19 09:42:35,3,227,3,79739787.0,True,,c;alignment;strict-aliasing
79739725,1,2025-08-19 09:42:36,0,109,0,,False,,c++;camera;nrf91
79739726,1,2025-08-19 09:43:16,1,175,0,,False,,ruby-on-rails;sqlite
79739729,1,2025-08-19 09:44:46,-1,265,1,79739734.0,True,,intellij-idea
79739743,1,2025-08-19 09:55:26,0,422,2,79743737.0,True,,ios;mapkit;mapkitannotation;ios26;xcode26
79739748,1,2025-08-19 09:58:00,3,926,1,,False,,python;windows;qt;pytest;python-poetry
79739749,1,2025-08-19 09:58:23,1,313,1,,True,,youtube-data-api;google-apis-explorer
79739756,1,2025-08-19 10:05:41,0,159,2,,True,2025-08-24 13:41:14,arduino;esp32;arduino-ide;arduino-esp32
79739760,1,2025-08-19 10:11:24,0,119,1,,False,,google-cloud-platform;google-cloud-storage;airflow
79739771,1,2025-08-19 10:20:53,0,254,1,,False,,android;flutter;firebase;dart;firebase-authentication
79739776,1,2025-08-19 10:25:15,3,111,1,,False,,qt;qml
79739798,1,2025-08-19 10:52:16,1,151,1,79754323.0,True,,ruby-on-rails;ruby;rails-activerecord;ruby-on-rails-5.2
79739800,1,2025-08-19 10:53:58,2,295,1,79739864.0,True,,c#;.net;asp.net-core
79739808,1,2025-08-19 11:01:09,4,409,0,,False,,logging;grafana;grafana-loki;alloy;grafana-alloy
79739821,1,2025-08-19 11:10:43,0,93,0,,False,,angular;angular-router;esbuild
79739825,1,2025-08-19 11:13:07,0,93,0,,False,,amazon-web-services;aws-cloudformation;aws-cdk
79739829,1,2025-08-19 11:16:34,3,615,1,79739830.0,True,,css;tailwind-css;tailwind-css-4;lightningcss
79739843,1,2025-08-19 11:34:22,0,206,0,,False,,python;open3d;o3d
79739849,1,2025-08-19 11:39:34,-1,149,1,,True,2025-08-19 14:13:03,python
79739853,1,2025-08-19 11:43:21,0,302,1,79748823.0,True,,linux;gcc;io-redirection;c-header
79739854,1,2025-08-19 11:44:07,0,1270,1,79739913.0,True,,typescript;next.js;react-hook-form;zod;shadcnui
79739861,1,2025-08-19 11:50:21,-3,103,1,,False,,python;flask
79739862,1,2025-08-19 11:50:22,0,143,0,,False,,authentication;oauth-2.0;blazor;asp.net-core-9.0
79739874,1,2025-08-19 12:06:03,0,111,1,,False,,asp.net;dependency-injection;autofac
79739875,1,2025-08-19 12:06:06,3,172,1,79739883.0,True,,c;sockets;network-programming;arp
79739876,1,2025-08-19 12:06:16,1,101,1,,True,2025-08-20 06:25:56,r;dplyr;lubridate
79739892,1,2025-08-19 12:27:18,0,430,0,,False,,regex;certificate;keycloak;x509
79739896,1,2025-08-19 12:32:11,2,246,2,,True,,python;scipy;ode
79739898,1,2025-08-19 12:32:59,0,158,1,,False,,javascript;reactjs;typescript;next.js;next-auth
79739903,1,2025-08-19 12:38:13,3,344,4,79739966.0,True,,c;embedded
79739915,1,2025-08-19 12:51:56,1,235,1,,False,,domain-driven-design;cqrs
79739919,1,2025-08-19 12:53:33,0,77,1,79919700.0,True,,java;encryption;tls1.3;ecdh;hkdf
79739924,1,2025-08-19 12:57:05,4,264,2,79739972.0,True,,angular;dependency-injection;abstract-class
79739926,1,2025-08-19 12:58:18,0,260,1,,True,,javascript;html;ios;banno-digital-toolkit
79739927,1,2025-08-19 12:58:23,0,218,2,,False,,spring-kafka
79739931,1,2025-08-19 13:01:49,2,189,2,,True,,powerbi;dax
79739932,1,2025-08-19 13:03:25,1,209,1,79739970.0,True,,visual-studio;visual-studio-2022;xunit
79739934,1,2025-08-19 13:04:39,2,83,0,,False,,snowflake-cloud-data-platform;snowflake-schema;materialized-views
79739936,1,2025-08-19 13:06:02,5,162,1,79740140.0,True,,c++;dcmtk
79739948,1,2025-08-19 13:13:41,0,294,1,79741217.0,True,2025-08-27 00:18:59,linux;docker;docker-container;docker-network;nic
79739950,1,2025-08-19 13:14:38,3,128,0,,False,,javafx;webview;javafx-webengine
79739953,1,2025-08-19 13:15:50,1,211,1,,False,,python;django
79739955,1,2025-08-19 13:17:20,6,433,0,,False,,bash;git;gnupg
79739963,1,2025-08-19 13:23:20,2,200,1,79740271.0,True,,amazon-vpc;elastic-ip;amazon-app-runner;aws-nat-gateway
79739981,1,2025-08-19 13:34:49,2,209,4,79744185.0,True,,angular
79739987,1,2025-08-19 13:38:19,2,233,0,,False,,mongodb;mongoose;mongodb-query;user-controls;mongoose-schema
79739998,1,2025-08-19 13:46:36,1,296,1,,False,,dbus;qt6
79740005,1,2025-08-19 13:53:10,2,456,1,,False,,postgresql;mqtt;timescaledb;telegraf;starlark
79740020,1,2025-08-19 14:01:10,0,177,1,,False,,angular;typescript;ag-grid
79740023,1,2025-08-19 14:03:17,0,62,0,,False,,reactjs;firebase;firebase-authentication
79740026,1,2025-08-19 14:07:19,0,111,0,,False,,javascript;asynchronous;promise
79740028,1,2025-08-19 14:09:18,3,175,1,,True,,python;machine-learning;pytorch;gradient-descent
79740029,1,2025-08-19 14:11:33,2,260,4,79740050.0,True,,git
79740033,1,2025-08-19 14:15:33,0,72,1,,False,,xml;puppet
79740034,1,2025-08-19 14:15:57,1,138,1,79740242.0,True,,flutter;dart;dependencies;versioning;record
79740038,1,2025-08-19 14:19:16,2,42,0,,False,,jaxb
79740044,1,2025-08-19 14:22:09,3,127,2,79740076.0,True,,assembly;interrupt;x86-16;detection
79740045,1,2025-08-19 14:22:37,1,230,1,79740183.0,True,,android;kotlin;gradle;android-room
79740053,1,2025-08-19 14:26:53,0,713,1,,True,,firebase;firebase-studio
79740054,1,2025-08-19 14:28:09,1,156,0,,False,,laravel;passwords;reset
79740056,1,2025-08-19 14:29:05,2,173,1,,True,,java;postgresql;jpa;orm;nativequery
79740057,1,2025-08-19 14:29:29,1,514,1,,True,,r;macos;renv
79740059,1,2025-08-19 14:30:39,0,83,1,,True,,google-apps-script;google-workspace-add-ons;google-chat
79740062,1,2025-08-19 14:32:18,0,124,0,,False,,python;python-can
79740067,1,2025-08-19 14:35:00,0,197,1,,True,2025-08-23 12:10:40,javascript;reactjs;react-hooks
79740068,1,2025-08-19 14:36:00,1,566,1,,False,,python;github-actions;uv;release-please
79740069,1,2025-08-19 14:37:04,-1,214,2,79740164.0,True,2025-09-02 16:42:05,python;selenium-webdriver;loading;wait
79740071,1,2025-08-19 14:39:20,3,616,1,79740130.0,True,,javascript;xss;pdf.js
79740083,1,2025-08-19 14:47:58,0,64,2,,False,,sbt
79740119,1,2025-08-19 15:25:05,2,73,1,,False,2026-02-12 11:05:39,nats.io;moleculer
79740120,1,2025-08-19 15:25:06,2,193,2,79740688.0,True,,angular;typescript;angular-material;drag-and-drop;angular-cdk
79740122,1,2025-08-19 15:25:14,2,185,1,79740185.0,True,2025-08-20 04:14:34,video;mp4;h.264;codec;webcodecs
79740124,1,2025-08-19 15:27:41,-1,96,1,79740137.0,True,2025-08-19 16:43:40,c#;dapper
79740131,1,2025-08-19 15:33:05,0,135,0,,False,,android;flutter;heif;android-16
79740143,1,2025-08-19 15:47:01,0,65,1,,True,,java;codeql
79740174,1,2025-08-19 16:22:11,6,325,4,79741622.0,True,,python;numpy;matlab;bit-manipulation;data-conversion
79740175,1,2025-08-19 16:22:23,0,88,1,79743730.0,True,,react-native;npm;expo;metro-bundler
79740178,1,2025-08-19 16:25:26,1,96,1,79742397.0,True,,excel;excel-formula
79740179,1,2025-08-19 16:28:25,0,142,1,79755465.0,True,,ios;swift;twilio
79740186,1,2025-08-19 16:37:41,1,126,1,,True,,export-to-csv;eeglab
79740187,1,2025-08-19 16:38:21,7,118,1,79740216.0,True,,rust;option-type;mutability
79740204,1,2025-08-19 16:53:30,3,163,2,79740309.0,True,,ansible;ansible-collections
79740209,1,2025-08-19 16:59:26,1,288,2,,False,,python;playwright;playwright-python
79740211,1,2025-08-19 17:04:04,0,99,1,79740221.0,True,2025-08-20 06:26:47,python;json;file;discord
79740212,1,2025-08-19 17:04:41,5,778,0,,False,,java;spring;spring-boot;java-aot
79740213,1,2025-08-19 17:05:57,0,319,2,79740387.0,True,,java;spring-boot;apache-kafka;spring-kafka;kafka-consumer-api
79757255,1,2025-09-06 00:22:05,-1,188,1,79759473.0,True,,javascript;web-scraping;proxy;puppeteer
79757263,1,2025-09-06 00:53:58,1,111,2,,True,2025-09-09 17:21:13,python;numpy
79757270,1,2025-09-06 01:08:25,2,350,1,79757414.0,True,,tailwind-css;tailwind-css-4
79757280,1,2025-09-06 01:48:51,0,122,1,,False,,angular;kendo-ui-angular2;kendo-tabstrip
79757282,1,2025-09-06 01:52:51,4,219,1,79762357.0,True,2025-09-30 09:00:36,python;numpy;floating-point;numpy-ndarray
79757283,1,2025-09-06 01:58:03,6,344,2,79759962.0,True,,c++;language-lawyer;atomic
79757286,1,2025-09-06 02:03:21,0,93,1,,True,,c++;arrays;class
79757292,1,2025-09-06 02:14:23,0,76,0,,False,,unity-game-engine;game-development
79757293,1,2025-09-06 02:14:25,0,128,1,79758119.0,True,,amazon-web-services;amazon-iam;aws-iam-policy
79757300,1,2025-09-06 02:40:28,1,142,1,79757892.0,True,,typescript;events;discord;discord.js;roles
79757302,1,2025-09-06 02:50:41,0,42,1,,False,,apache-kafka;spring-kafka
79757303,1,2025-09-06 03:04:47,0,143,1,,True,2025-09-09 05:36:23,bash;amazon-s3;sed;aws-cloudshell
79757307,1,2025-09-06 03:11:33,0,58,0,,False,,odoo-17
79757312,1,2025-09-06 03:28:39,1,161,3,,True,,xml;xslt;copy
79757317,1,2025-09-06 03:51:01,2,570,1,,True,,oracle-database;dbt
79757322,1,2025-09-06 04:03:49,0,101,1,79757333.0,True,,java;android;ubuntu;environment-variables;nativescript
79757324,1,2025-09-06 04:10:20,3,392,4,,True,,lua;global;local;love2d
79757335,1,2025-09-06 04:48:44,4,106,2,,True,,python;conditional-statements;python-itertools
79757342,1,2025-09-06 05:06:30,2,254,1,79757352.0,True,,html;css
79757347,1,2025-09-06 05:22:21,0,103,1,,False,,html;ios;accessibility;voice-control
79757348,1,2025-09-06 05:22:26,1,107,0,,False,,openscad
79757353,1,2025-09-06 05:36:26,0,215,1,79757372.0,True,,ios;swift
79757356,1,2025-09-06 05:50:55,-1,95,1,,False,,arrays;actionscript-3;flash;adobe;game-development
79757357,1,2025-09-06 05:50:56,0,115,1,,True,,python;django
79757368,1,2025-09-06 06:10:37,0,225,1,79757369.0,True,,user-interface;slint
79757370,1,2025-09-06 06:12:58,2,137,1,79757444.0,True,,node.js;express;jwt;middleware;body-parser
79757374,1,2025-09-06 06:22:13,0,110,1,79757475.0,True,,kdb+
79757384,1,2025-09-06 07:02:57,-1,206,2,79757390.0,True,2025-09-06 10:26:50,git;git-bash;git-push
79757388,1,2025-09-06 07:11:44,0,98,0,,False,,java;javafx
79757400,1,2025-09-06 07:42:16,0,63,1,,False,,json
79757408,1,2025-09-06 07:56:25,5,375,5,79757804.0,True,,r;data.table
79757412,1,2025-09-06 08:02:02,0,159,1,,False,2025-09-06 18:34:05,cmake;build;cross-platform;cross-compiling
79757413,1,2025-09-06 08:02:28,0,297,1,,False,,flutter;video;flutter-plugin;android-media3
79757415,1,2025-09-06 08:09:56,0,105,1,,False,,android;kotlin;user-interface;android-jetpack-compose;speech-recognition
79757417,1,2025-09-06 08:13:29,0,173,1,,False,,python;pytorch;gpu
79757427,1,2025-09-06 08:43:31,0,112,0,,False,,fault-tolerance
79757450,1,2025-09-06 09:23:39,-5,136,1,,True,,excel;excel-formula;numbered-list
79757452,1,2025-09-06 09:23:55,1,276,1,,True,2025-09-07 12:15:33,java;hibernate;jpa;enums
79757457,1,2025-09-06 09:33:38,1,124,0,,False,,hidden-markov-models;mermaid
79757466,1,2025-09-06 09:51:53,0,82,1,,False,2025-09-06 18:23:56,swift
79757479,1,2025-09-06 10:12:24,3,196,1,79757754.0,True,,assembly;x86;qemu;bootloader;osdev
79757481,1,2025-09-06 10:18:03,0,80,1,,False,,javascript;html;datatables;form-submit
79757491,1,2025-09-06 10:33:39,2,94,1,79757550.0,True,,vue.js;nuxt.js;tailwind-css
79757495,1,2025-09-06 10:46:59,0,196,1,,False,,flutter;firebase;oauth-2.0;google-signin
79757496,1,2025-09-06 10:49:36,1,131,1,,True,,string;rust;rust-ndarray
79757506,1,2025-09-06 11:11:36,0,121,0,,False,,python;algorithmic-trading;quantconnect
79757518,1,2025-09-06 11:36:10,-1,507,3,,False,2025-11-30 14:24:25,python;pandas;dataframe;web-scraping
79757525,1,2025-09-06 11:56:09,0,224,1,,False,,spring-boot;spring-security;deserialization;spring-authorization-server
79757532,1,2025-09-06 12:07:39,0,85,1,79758074.0,True,,flutter;dynamic;flutter-swiper
79757537,1,2025-09-06 12:15:54,1,93,0,,False,2025-09-06 14:07:51,r;shiny;plotly
79757542,1,2025-09-06 12:28:52,1,80,1,,True,,c;stm32;adc
79757549,1,2025-09-06 12:43:20,1,221,1,79759030.0,True,,c;memory-model
79757553,1,2025-09-06 12:48:49,-1,164,1,79757753.0,True,,c++;std;metaprogramming;template-meta-programming;c++23
79757554,1,2025-09-06 12:49:20,2,179,2,79757593.0,True,,sql;sql-server;sql-server-2012
79757556,1,2025-09-06 12:53:47,1,157,2,,True,2025-09-06 14:50:10,r;dataframe;for-loop;if-statement;conditional-statements
79757560,1,2025-09-06 13:00:07,1,80,0,,False,,vim;color-scheme;macvim
79757564,1,2025-09-06 13:06:49,0,126,1,,False,2026-02-26 13:50:59,python;dataframe;window-functions;python-polars
79757570,1,2025-09-06 13:12:31,0,119,1,,False,,javascript;sveltekit;supabase;sveltekit-superforms
79757572,1,2025-09-06 13:15:05,1,119,1,,False,,c;terminal
79757573,1,2025-09-06 13:16:38,1,128,0,,False,,c++;performance;functional-programming;c++-templates
79757574,1,2025-09-06 13:16:57,-4,190,3,,True,2025-09-07 02:09:32,c;loops;for-loop;nested-loops;control-flow
79757584,1,2025-09-06 13:33:53,1,95,2,,True,,mysql;concept
79757601,1,2025-09-06 14:04:25,4,193,2,79757612.0,True,,c++;clang;compiler-warnings
79757618,1,2025-09-06 14:43:58,6,177,1,79757641.0,True,2025-09-07 14:17:13,c#;.net;logging
79757620,1,2025-09-06 14:47:01,0,356,2,79758579.0,True,,reactjs;django;django-rest-framework;jwt;django-rest-framework-simplejwt
79757628,1,2025-09-06 15:00:24,0,177,1,79760009.0,True,,laravel;eloquent;laravel-7
79757633,1,2025-09-06 15:10:09,0,94,0,,False,,spring;spring-boot;spring-security;spring-cloud-gateway;spring-authorization-server
79757634,1,2025-09-06 15:12:32,0,62,1,79759193.0,True,,javascript;browser;pouchdb
79757637,1,2025-09-06 15:16:16,1,55,0,,False,,kubernetes;url-rewriting;kubernetes-ingress
79757640,1,2025-09-06 15:22:07,-1,101,1,,False,,salesforce;apex
79757654,1,2025-09-06 15:51:22,2,131,2,,True,,r;ggplot2;ggh4x
79757664,1,2025-09-06 16:10:58,1,101,1,79758124.0,True,,c++;rest;qt;endpoint;qtnetwork
79757676,1,2025-09-06 16:29:44,0,210,1,,False,,java;google-gemini;langchain4j
79757679,1,2025-09-06 16:37:57,2,73,0,,False,,python;sympy;integration;piecewise
79757685,1,2025-09-06 16:51:38,5,381,3,79757757.0,True,,c;bit-manipulation;scanf;bitwise-operators
79757694,1,2025-09-06 17:29:10,0,74,1,,False,,excel;dax
79757699,1,2025-09-06 17:35:07,0,96,1,79757794.0,True,2025-09-07 14:20:44,sql;postgresql;jsonb-array-elements
79757701,1,2025-09-06 17:37:01,1,178,1,,False,,javascript;angular;routes;module
79757716,1,2025-09-06 18:07:31,2,89,0,,False,,numpy;linker;f2py;python-3.12
79757719,1,2025-09-06 18:12:26,0,93,1,79759332.0,True,,node.js;npm;npm-install;asdf
79757727,1,2025-09-06 18:20:59,12,908,1,79757820.0,True,,rust
79757731,1,2025-09-06 18:23:45,4,206,1,79757870.0,True,,julia
79757736,1,2025-09-06 18:30:10,1,133,1,79757889.0,True,,c++;windows;winapi
79757743,1,2025-09-06 19:02:28,0,66,0,,False,,.net;blazor
79757746,1,2025-09-06 19:11:23,1,100,1,79757886.0,True,,c#;listview;maui;collectionview
79757748,1,2025-09-06 19:19:47,1,152,2,,True,,node.js;authentication;active-directory;single-sign-on;kerberos
79757749,1,2025-09-06 19:24:10,0,281,1,,False,,android;react-native;expo;react-native-svg
79757756,1,2025-09-06 19:34:48,5,250,0,,False,,c++;multithreading;std;atomic;stdatomic
79757761,1,2025-09-06 19:49:51,1,191,1,79770929.0,True,,javascript;google-sheets;google-drive-api;google-picker
79757777,1,2025-09-06 20:29:38,2,873,1,79759181.0,True,,rust;sveltekit;webview2;tauri
79757783,1,2025-09-06 20:39:05,0,298,1,,True,,javascript;html;css;web-component;lit
79757784,1,2025-09-06 20:39:24,1,60,0,,False,,javascript;node.js;express;href;pm2
79757788,1,2025-09-06 20:49:52,0,62,0,,False,,wordpress
79757796,1,2025-09-06 21:17:18,1,82,1,79757823.0,True,,swift
79757798,1,2025-09-06 21:21:20,4,266,2,79757904.0,True,,c++;inline
79757806,1,2025-09-06 21:35:10,2,469,2,79791802.0,True,,c;x11;xlib
79757813,1,2025-09-06 21:49:30,0,138,1,,False,,linux;bash;process;daemon;strace
79757818,1,2025-09-06 21:57:44,1,206,1,79757876.0,True,,ios;swift;apple-push-notifications;pusher
79757837,1,2025-09-06 22:52:48,1,194,2,79757840.0,True,,bash;variables;io-redirection
79757853,1,2025-09-06 23:41:28,3,228,2,79758193.0,True,,python;pandas;dataframe;numpy;pytorch
79797299,1,2025-10-23 00:05:49,0,63,1,,False,,spring-boot;lombok;mapstruct
79797303,1,2025-10-23 00:23:58,1,177,1,,True,,flutter;textfield;clipboard
79797309,1,2025-10-23 00:36:12,0,113,1,,False,,ruby-on-rails;linux;bash
79797313,1,2025-10-23 00:47:30,0,69,0,,False,,next.js;prisma;next-auth
79797321,1,2025-10-23 01:04:30,-3,154,2,,True,2025-10-23 10:44:47,python;while-loop;break;mu
79797322,1,2025-10-23 01:08:04,0,104,1,,True,2025-10-23 10:47:50,html;css;flexbox
79797325,1,2025-10-23 01:16:27,0,94,1,,False,,azure-active-directory;azure-managed-identity;microsoft-entra-id;azure-sql-managed-instance
79797326,1,2025-10-23 01:17:22,1,307,0,,False,,ios;swift;google-maps;swiftui;google-maps-sdk-ios
79797328,1,2025-10-23 01:21:15,1,283,1,,True,,python;sqlite;transactions
79797339,1,2025-10-23 02:09:07,1,98,1,79797406.0,True,2025-10-23 10:49:16,python;game-development
79797347,1,2025-10-23 02:25:42,0,129,2,79797502.0,True,,html;css
79797349,1,2025-10-23 02:27:08,-3,77,1,,True,2025-10-23 04:38:51,python
79797355,1,2025-10-23 02:40:10,-1,100,1,79797372.0,True,,next.js;aws-amplify;next-auth
79797357,1,2025-10-23 02:40:32,0,158,3,,True,,c++
79797379,1,2025-10-23 03:53:19,0,110,1,,True,2025-10-23 07:17:26,ignite;apacheignite
79797414,1,2025-10-23 05:02:17,1,137,1,79806447.0,True,,ios;github-actions
79797415,1,2025-10-23 05:02:37,0,67,0,,False,,java;android;onesignal;react-native-onesignal
79797419,1,2025-10-23 05:09:41,0,103,1,,False,,python;pyqt5;gdal;gdal-python-bindings
79797422,1,2025-10-23 05:13:39,0,62,0,,False,,cefsharp
79797425,1,2025-10-23 05:24:22,2,169,2,,True,,c;makefile
79797426,1,2025-10-23 05:24:52,2,207,2,,True,,c++;private;static-assert;move-constructor
79797428,1,2025-10-23 05:27:58,0,107,1,79798474.0,True,,eclipse
79797433,1,2025-10-23 05:38:03,0,180,2,,True,,excel;vba;copy;excel-2010;copy-paste
79797435,1,2025-10-23 05:42:18,4,177,2,79803214.0,True,,r;dplyr
79797438,1,2025-10-23 05:49:38,1,117,2,79797448.0,True,2025-10-27 08:50:10,html;image
79797451,1,2025-10-23 06:18:26,0,128,0,,False,,go;wails;mise
79797457,1,2025-10-23 06:25:52,0,108,1,,True,,ios;swift;onesignal;react-native-onesignal
79797460,1,2025-10-23 06:29:26,-3,91,1,79814841.0,True,,asp.net-mvc-4;deserialization;json-serialization
79797461,1,2025-10-23 06:30:44,3,133,1,79798032.0,True,,python;setuptools;python-module;python-packaging
79797462,1,2025-10-23 06:30:50,0,668,1,,False,,vue.js;tailwind-css;vite;tailwind-css-4
79797463,1,2025-10-23 06:31:15,3,81,0,,False,,adk
79797469,1,2025-10-23 06:40:18,0,180,1,79797482.0,True,,c++;c++11;unordered-map;stdmap;multimap
79797471,1,2025-10-23 06:42:40,1,309,2,,True,,r;installation;package;dependencies;repository
79797475,1,2025-10-23 06:45:23,1,103,1,,False,,pyqt;pyside6;qlistview;qabstractitemmodel
79797479,1,2025-10-23 06:49:04,2,65,0,,False,2025-10-23 07:27:41,http2;quic
79797485,1,2025-10-23 06:55:56,0,494,1,79798460.0,True,,html;node.js;web-crawler;firecrawl
79797486,1,2025-10-23 06:57:55,0,34,0,,False,,android;flutter;appicon
79797494,1,2025-10-23 07:07:58,4,183,1,,False,,python;generics;python-typing;typeddict
79797497,1,2025-10-23 07:10:35,0,64,1,,True,,django;iframe;wagtail;wagtail-admin
79797500,1,2025-10-23 07:11:24,0,106,1,,False,,random;typo3;extend;tx-news;typo3-12.x
79797501,1,2025-10-23 07:12:17,0,98,0,,False,,android;kotlin;debugging;android-jetpack-compose
79797505,1,2025-10-23 07:15:20,3,63,1,79806551.0,True,,python;gtk4
79797517,1,2025-10-23 07:30:14,1,1104,1,79797534.0,True,2025-10-23 20:18:04,javascript;cors;fetch-api
79797524,1,2025-10-23 07:35:58,1,330,0,,False,,lua;neovim;haxe;language-server-protocol;treesitter
79797526,1,2025-10-23 07:39:04,2,56,1,79797578.0,True,,swift;screencapturekit
79797533,1,2025-10-23 07:45:27,2,179,2,,False,,javascript;reactjs;material-ui;vite
79797536,1,2025-10-23 07:47:49,0,64,0,,False,,office365;sharepoint-online;power-automate;microsoft-forms
79797557,1,2025-10-23 08:15:08,0,114,1,,True,,typo3
79797559,1,2025-10-23 08:16:32,0,63,0,,False,,android;kotlin;webview;chromium-embedded;kmp
79797560,1,2025-10-23 08:19:12,0,66,1,79797696.0,True,2025-10-23 10:57:08,sparql;jena
79797564,1,2025-10-23 08:22:59,3,194,2,,True,,java;spring;spring-boot;dependency-injection;spring-context
79797565,1,2025-10-23 08:23:23,1,84,0,,False,,nuget
79797570,1,2025-10-23 08:31:09,0,173,1,79797640.0,True,,c++;qt;tcp;mqtt
79797574,1,2025-10-23 08:38:55,0,148,0,,False,,delphi
79797577,1,2025-10-23 08:45:33,4,74,0,,False,2025-10-23 09:35:03,postgresql
79797582,1,2025-10-23 08:51:00,-1,123,1,,False,2025-10-23 09:28:39,c++;linker
79797587,1,2025-10-23 09:02:30,0,219,1,79798041.0,True,2025-10-25 11:07:13,python;pytest;requests-mock
79797601,1,2025-10-23 09:16:39,1,128,1,79798015.0,True,,r;ggplot2;plot;ggh4x
79797603,1,2025-10-23 09:18:25,1,61,0,,False,,azure;azure-logic-apps;azurecaf
79797604,1,2025-10-23 09:18:30,0,79,0,,False,,sqlalchemy
79797606,1,2025-10-23 09:22:22,0,105,0,,False,,facebook-graph-api;facebook-marketing-api;facebook-graph-api-v2.0
79797615,1,2025-10-23 09:31:13,0,102,0,,False,,dynamics-crm;microsoft-dynamics;power-platform;dynamics-marketing
79797617,1,2025-10-23 09:32:00,0,94,1,79797764.0,True,2025-10-24 07:57:51,html;css;css-grid
79797621,1,2025-10-23 09:36:16,1,136,1,79799578.0,True,,android;ssl;iis;https;maui
79797630,1,2025-10-23 09:40:10,4,294,1,79797659.0,True,,c;c99;c89;ansi-c
79797632,1,2025-10-23 09:42:50,1,107,1,,True,,dbt
79797639,1,2025-10-23 09:49:47,2,101,1,,False,,php;facebook-graph-api
79797647,1,2025-10-23 09:59:50,0,136,0,,False,,python;c++;fortran;random-forest
79797648,1,2025-10-23 10:01:32,-1,139,1,,False,,c++;lambda
79797650,1,2025-10-23 10:03:31,1,79,1,,False,,angular;typescript;rxjs;angular-input
79797662,1,2025-10-23 10:16:43,0,175,0,,False,,python;pytorch
79797666,1,2025-10-23 10:22:12,0,446,1,79798521.0,True,,android;react-native;cmake
79797669,1,2025-10-23 10:25:08,3,392,1,79797710.0,True,,python;docker;pycharm;remote-debugging;debugpy
79797673,1,2025-10-23 10:27:21,0,63,0,,False,,android;android-displaycutout
79797674,1,2025-10-23 10:27:40,0,270,1,,False,,c++;vs-code;debugging;cmake
79797676,1,2025-10-23 10:29:53,0,74,0,,False,,python;supabase;pgvector
79797682,1,2025-10-23 10:38:05,2,219,0,,False,,python;rust;python-polars;rust-polars
79797685,1,2025-10-23 10:40:19,1,381,1,79797714.0,True,2025-11-19 12:50:57,python;selenium-webdriver
79797687,1,2025-10-23 10:41:42,14,1815,4,79797996.0,True,,c;c99;memory-alignment;c89;alignof
79797693,1,2025-10-23 10:53:12,1,107,1,79797883.0,True,2025-10-27 13:39:28,vim;syntax-highlighting
79797694,1,2025-10-23 10:53:51,0,76,0,,False,,webassembly;emscripten;emcc;emsdk
79797695,1,2025-10-23 10:54:39,0,102,0,,False,,codesys
79797700,1,2025-10-23 11:01:50,3,190,1,,True,,jupyter-notebook;jupyter;hidden-files
79797702,1,2025-10-23 11:05:05,1,1252,1,79797708.0,True,,excel;spreadsheet-protection
79797712,1,2025-10-23 11:15:07,0,48,0,,False,,firebase;google-cloud-storage;firebase-tools
79797723,1,2025-10-23 11:25:14,5,155,1,79797963.0,True,2025-11-18 11:12:15,haskell;polymorphism;type-inference;eta-expansion
79797728,1,2025-10-23 11:30:26,0,87,0,,False,,java;maven;openapi;openapi-generator;openapi-generator-maven-plugin
79797734,1,2025-10-23 11:37:05,0,153,1,79798482.0,True,,mapping;ros2;nvidia-jetson;slam
79797740,1,2025-10-23 11:43:27,1,54,0,,False,,json;hibernate
79797746,1,2025-10-23 11:51:52,0,102,1,,False,,java
79797748,1,2025-10-23 11:54:54,1,320,2,79798719.0,True,,r;ggplot2;patchwork
79797750,1,2025-10-23 11:55:56,4,4033,4,79963550.0,True,,javascript;next.js;turbopack
79797752,1,2025-10-23 11:56:40,6,228,0,,False,,ios;swift;sms
79797759,1,2025-10-23 12:03:20,0,125,1,,False,,webpack;vuejs3;gulp;spfx
79797763,1,2025-10-23 12:05:48,1,122,1,79797843.0,True,,php;namespaces;composer-php;autoload
79797770,1,2025-10-23 12:11:58,0,50,0,,False,,drag-and-drop;droppable;react-dnd;dnd-kit
79797771,1,2025-10-23 12:12:01,2,166,1,79797781.0,True,,css;angular;sass;material-ui;angular-material
79797779,1,2025-10-23 12:19:52,0,42,0,,False,,android
79797784,1,2025-10-23 12:23:42,3,232,2,,False,,mongodb;go
79797789,1,2025-10-23 12:27:22,0,687,1,,True,2025-10-25 13:35:18,google-apps-script;google-cloud-platform;google-cloud-vertex-ai;google-gemini
79810473,1,2025-11-05 18:33:12,1,137,0,,False,,javascript;reactjs;vite;progressive-web-apps
79810475,1,2025-11-05 18:35:50,-2,123,1,,True,,javascript;reactjs;github-pages
79810480,1,2025-11-05 18:45:06,0,46,0,,False,,testing;end-to-end;best-practices
79810483,1,2025-11-05 18:52:06,-1,108,1,,True,,sql;db2
79810487,1,2025-11-05 18:54:04,1,205,1,,True,,sql;snowflake-cloud-data-platform;concatenation
79810488,1,2025-11-05 18:56:06,1,83,1,79810527.0,True,,html;angular;typescript;angular-signals
79810494,1,2025-11-05 18:59:58,1,102,1,79814880.0,True,,assembly;pic;mplab
79810500,1,2025-11-05 19:08:42,0,117,1,,False,,image;frontend;vite;tooling-recommendation
79810510,1,2025-11-05 19:15:43,0,758,0,,False,,python;google-cloud-platform;rate-limiting;google-cloud-billing;google-cloud-api-keys
79810512,1,2025-11-05 19:16:39,1,80,0,,False,,spring-boot;swagger
79810514,1,2025-11-05 19:18:38,0,88,4,,False,,google-sheets;google-apps-script;google-sheets-formula;best-practices
79810518,1,2025-11-05 19:23:12,0,84,1,,False,,php;opencart;opencart-events
79810530,1,2025-11-05 19:31:43,1,243,2,,False,,node.js;postgresql;sequelize.js
79810535,1,2025-11-05 19:33:17,1,39,0,,False,2025-11-05 21:09:08,typescript
79810549,1,2025-11-05 19:53:52,1,85,0,,False,,intellij-idea
79810550,1,2025-11-05 19:57:15,0,69,2,,True,,typescript;mongodb
79810553,1,2025-11-05 20:01:02,0,226,3,,False,,c#;logging;advice
79810590,1,2025-11-05 20:46:18,-2,145,1,,True,2025-11-06 05:05:03,python;pygame;mouseevent
79810593,1,2025-11-05 20:47:48,0,119,0,,False,,c#;unity-game-engine
79810594,1,2025-11-05 20:48:20,0,102,1,,False,,c++;freertos;platformio
79810595,1,2025-11-05 20:49:27,0,148,2,,False,,python;matplotlib;pyqt;pyside6;advice
79810601,1,2025-11-05 21:02:46,0,79,0,,False,,sparql;wikidata;wikidata-query-service
79810602,1,2025-11-05 21:04:36,0,77,1,79810683.0,True,,sparql;rdf;amazon-neptune
79810617,1,2025-11-05 21:20:04,3,77,0,,False,,google-apps-script;google-workspace-add-ons
79810618,1,2025-11-05 21:20:20,3,291,4,79811107.0,True,,python;pandas;dataframe;filter;group-by
79810621,1,2025-11-05 21:22:14,0,62,0,,False,,gitlab-ci;cicd
79810630,1,2025-11-05 21:39:40,0,37,0,,False,,maven
79810638,1,2025-11-05 21:53:49,0,77,3,,False,,google-sheets;google-sheets-formula;advice
79810639,1,2025-11-05 21:55:09,0,115,1,,False,,pipe;trace32;lauterbach
79810643,1,2025-11-05 22:01:09,1,90,1,79810650.0,True,,r;ggplot2;plot;coefficients
79810649,1,2025-11-05 22:09:28,2,159,0,,False,,python;fft;periodicity
79810653,1,2025-11-05 22:12:57,1,187,0,,False,,sap-fiori;cds;sap-data-dictionary
79810655,1,2025-11-05 22:15:16,3,108,3,,False,,acumatica
79810656,1,2025-11-05 22:15:50,0,161,0,,False,,c#;network-programming;server;tcp
79810657,1,2025-11-05 22:16:00,0,188,0,,False,,typescript;vitest
79810659,1,2025-11-05 22:19:15,0,230,1,,True,,sql;postgresql;query-optimization;sql-execution-plan
79810661,1,2025-11-05 22:21:38,4,197,3,,True,,arrays;c;for-loop;char
79810667,1,2025-11-05 22:34:33,1,90,0,,False,,r;pca;eigenvalue
79810668,1,2025-11-05 22:37:40,1,113,0,,False,,angular;server-side-rendering;angular-ssr;angular-localize
79810670,1,2025-11-05 22:38:57,0,74,1,79811350.0,True,,machine-learning;pytorch
79810675,1,2025-11-05 22:46:41,8,163,1,79812891.0,True,,c++;forward-declaration;c++-modules
79810676,1,2025-11-05 22:46:56,-5,168,1,,False,2025-11-05 22:58:06,c++;iostream;auto
79810680,1,2025-11-05 22:49:18,2,131,1,,True,,javascript;html;css;forms;onclick
79810688,1,2025-11-05 23:05:31,1,256,2,79810921.0,True,,ios;swift
79810697,1,2025-11-05 23:20:17,-1,114,1,79810703.0,True,2025-12-10 06:08:35,html;css
79810719,1,2025-11-05 23:48:54,4,315,2,,True,,javascript;html;css
79810721,1,2025-11-05 23:50:15,0,53,0,,False,,javascript;dom;advice
79810722,1,2025-11-05 23:56:39,2,112,3,,True,,npm;next.js;faust
79810726,1,2025-11-06 00:06:09,0,88,0,,False,,javascript;typescript;queue;bundler;nitro
79810729,1,2025-11-06 00:12:50,1,129,0,,False,,r;tmap
79810733,1,2025-11-06 00:23:19,0,136,0,,False,,c#;wpf;xaml
79810736,1,2025-11-06 00:28:59,1,82,0,,False,2025-11-06 01:17:12,javascript;typescript;function;types;strict
79810740,1,2025-11-06 00:45:24,0,348,1,,True,,boto3
79810742,1,2025-11-06 00:49:28,1,285,1,,True,,postgresql;debezium
79810743,1,2025-11-06 00:50:40,0,109,0,,False,,ios;swiftui;widgetkit
79810748,1,2025-11-06 01:01:53,0,76,1,,False,,macos;sms;automator;imessage;tooling-recommendation
79810750,1,2025-11-06 01:06:43,0,169,1,,False,,java;validation;keycloak;keycloak-services
79810757,1,2025-11-06 01:31:13,0,70,0,,False,,operating-system;filesystems;ext2;advice
79810759,1,2025-11-06 01:35:54,0,87,2,,False,,record;ada;predicate;advice
79810770,1,2025-11-06 02:00:48,2,104,1,79811226.0,True,,angular;mocking;karma-jasmine
79810773,1,2025-11-06 02:11:16,0,99,0,,False,,ios;xcode;photokit;ios26
79810774,1,2025-11-06 02:12:27,5,215,2,79810827.0,True,,excel;vba;events
79810777,1,2025-11-06 02:20:29,2,271,3,79811125.0,True,,c#;.net;blazor;blazor-webassembly
79810781,1,2025-11-06 02:25:09,4,182,1,,True,,c;race-condition
79810784,1,2025-11-06 02:31:31,-1,140,1,,True,2025-11-06 05:35:44,r;dplyr
79810790,1,2025-11-06 02:56:47,0,49,1,,False,,windows;search;alias;startmenu;advice
79810798,1,2025-11-06 03:07:59,0,199,1,79810799.0,True,,android;material-design;mdc-components
79810800,1,2025-11-06 03:12:47,1,179,0,,False,,javascript;typescript;three.js;react-three-fiber;shadcnui
79810806,1,2025-11-06 03:22:20,1,112,1,79810807.0,True,,.net;feature-flags
79810818,1,2025-11-06 03:36:16,1,82,1,79811879.0,True,,python;reportlab
79810819,1,2025-11-06 03:40:36,0,157,1,79810843.0,True,,memory-management;x86;paging
79810820,1,2025-11-06 03:44:46,0,156,2,,False,,python;machine-learning;scikit-learn;advice
79810823,1,2025-11-06 03:50:00,3,125,1,79811108.0,True,,javascript;r;reactable
79810839,1,2025-11-06 04:23:15,0,154,1,,False,,amadeus;advice
79810841,1,2025-11-06 04:25:36,0,140,1,79810987.0,True,,c#;wpf;xaml;data-binding;designer
79810847,1,2025-11-06 04:34:53,1,30,0,,False,,griddb
79810849,1,2025-11-06 04:37:40,10,705,3,,True,2026-05-13 13:22:44,algorithm;math;permutation
79810856,1,2025-11-06 04:47:43,0,154,7,,False,,python;pandas;roberta-language-model;best-practices
79810857,1,2025-11-06 04:51:31,1,176,1,79817871.0,True,,hibernate;caching;redis;wildfly;redisson
79810859,1,2025-11-06 04:52:12,-2,137,2,,True,,swift;swiftui;rotation;swift-playground
79810875,1,2025-11-06 05:20:38,0,64,0,,False,,java;jbpm
79810882,1,2025-11-06 05:50:05,0,73,0,,False,,cassandra
79810883,1,2025-11-06 05:52:01,2,144,1,79810895.0,True,,c;macros;clang;c-preprocessor
79810887,1,2025-11-06 05:59:00,2,165,1,79810917.0,True,,c;linux;sockets;network-programming;raw-sockets
79810892,1,2025-11-06 06:10:36,1,125,1,79811515.0,True,,python;matplotlib;seaborn
79810894,1,2025-11-06 06:12:24,2,105,1,,False,,python;time-travel
79810893,1,2025-11-06 06:12:24,2,206,1,,False,,java;spring;non-nullable;errorprone;nullaway
79810898,1,2025-11-06 06:18:26,0,120,2,79833017.0,True,,flutter;dart;admob
79810904,1,2025-11-06 06:30:18,1,111,0,,False,,python;google-cloud-platform;dataform;data-engineering
79810910,1,2025-11-06 06:39:32,0,167,5,,False,,c#;advice
79810911,1,2025-11-06 06:42:37,0,100,1,79811903.0,True,,java;spring-boot;jakarta-mail;imap
79810913,1,2025-11-06 06:43:20,0,65,0,,False,,react-native;geolocation
79810916,1,2025-11-06 06:47:26,2,167,1,79810954.0,True,,delphi;devexpress;firemonkey;vcl;delphi-13-florence
79810919,1,2025-11-06 06:48:29,0,96,1,,False,,angular;pdf;pdf-viewer;tooling-recommendation
79810929,1,2025-11-06 07:06:02,0,260,2,,False,,ms-access;dbeaver;advice
79810933,1,2025-11-06 07:15:22,0,76,3,,False,,linux-kernel;kernel;kernel-extension;best-practices
79810939,1,2025-11-06 07:23:48,0,198,1,79811060.0,True,2025-11-08 07:23:57,string;rust;split;functional-programming
79810940,1,2025-11-06 07:24:53,3,144,0,,False,,javascript;typescript;lightweight-charts
79810948,1,2025-11-06 07:32:55,3,133,2,,True,,javascript;css;webpack
79810955,1,2025-11-06 07:39:40,2,177,3,79811298.0,True,,sql;sql-server;sql-function
79844678,1,2025-12-12 08:17:06,0,103,0,,False,,strapi
79844684,1,2025-12-12 08:28:04,1,389,1,79844693.0,True,,python;python-typing;python-unittest;pyright
79844685,1,2025-12-12 08:29:01,1,104,1,79844751.0,True,,git;git-plumbing;git-switch
79844687,1,2025-12-12 08:32:53,0,120,0,,False,,azure;automation;azure-functions;azure-sql-database;azure-data-factory
79844689,1,2025-12-12 08:33:57,1,153,1,,False,,batch-file;cmd;escaping
79844704,1,2025-12-12 08:55:38,6,166,0,,False,,java;jvm;jvm-hotspot
79844715,1,2025-12-12 09:12:29,0,373,0,,False,,ios;uikit;ios26
79844723,1,2025-12-12 09:20:14,3,124,1,79844820.0,True,,typescript;typescript-eslint
79844726,1,2025-12-12 09:25:59,2,124,0,,False,,gnuplot
79844728,1,2025-12-12 09:32:12,0,216,4,,False,,c++;gzip;zlib;best-practices
79844730,1,2025-12-12 09:36:53,2,163,1,79856465.0,True,,git;perforce;git-p4
79844733,1,2025-12-12 09:38:37,-2,183,5,,False,2026-08-30 05:43:59,python;advice
79844738,1,2025-12-12 09:43:05,2,127,0,,False,,sharepoint;sharepoint-online;spfx
79844750,1,2025-12-12 09:47:41,1,212,1,79844925.0,True,,c#;recursion;stack-overflow
79844758,1,2025-12-12 09:58:24,1,822,0,,False,,python;cmake;windows-subsystem-for-linux;llamacpp;llama-cpp-python
79844793,1,2025-12-12 10:01:06,3,263,2,79845011.0,True,,perl;syntax
79844765,1,2025-12-12 10:07:32,0,106,1,,False,,rust;collision-detection;borrow-checker;kdtree
79844767,1,2025-12-12 10:08:47,0,124,0,,False,,gdb;gdbserver
79844777,1,2025-12-12 10:29:14,0,101,0,,False,,ios;swift;push;payload;pushy
79844782,1,2025-12-12 10:34:59,-1,332,2,,True,,jquery;proxy;deprecated
79844783,1,2025-12-12 10:35:02,0,443,0,,False,,xcode;user-interface;swiftui;bottom-sheet;swiftui-sheet
79844786,1,2025-12-12 10:36:19,10,2002,3,79900467.0,True,,ruby-on-rails;ruby;redis;rubygems
79844799,1,2025-12-12 10:48:10,0,115,0,,False,,css;sass;quarto;reveal.js
79844800,1,2025-12-12 10:52:40,0,229,5,,False,,python;tkinter;tooling-recommendation
79844801,1,2025-12-12 10:54:01,0,113,1,79844826.0,True,2025-12-12 12:07:05,r;dataframe;ggplot2;scatter-plot;facet-wrap
79844813,1,2025-12-12 11:03:12,1,255,2,,True,,c++;multithreading;openmp
79844827,1,2025-12-12 11:21:42,0,64,2,,False,,java;dependencies;classloader;vert.x;advice
79844829,1,2025-12-12 11:23:42,0,55,2,,False,,mysql;peewee;flask-peewee;advice
79844834,1,2025-12-12 11:27:38,2,174,1,79844903.0,True,,ios;swift;uikit;core-animation
79844837,1,2025-12-12 11:31:52,2,190,1,,True,,python;numpy;scipy;finite-element-analysis
79844841,1,2025-12-12 11:39:16,0,144,2,,False,,java;mapstruct
79844849,1,2025-12-12 11:52:40,3,172,2,,False,,javascript;reactjs;react-slick
79844854,1,2025-12-12 11:57:21,0,112,1,79846533.0,True,,angular
79844863,1,2025-12-12 12:06:00,5,232,1,,True,,c;assembly;interrupt;x86-16;watcom
79844869,1,2025-12-12 12:11:21,3,115,1,79845247.0,True,,julia;prettytable
79844870,1,2025-12-12 12:11:24,2,113,1,,True,,python
79844877,1,2025-12-12 12:21:00,1,148,0,,False,,ubuntu;windows-subsystem-for-linux;.net-8.0
79844879,1,2025-12-12 12:27:05,-3,186,1,,True,2025-12-12 13:16:31,python;security;secret-key;totp;hmacsha512
79844885,1,2025-12-12 12:36:53,1,208,1,79845007.0,True,,c++;multithreading;asynchronous;boost-asio;asio
79844887,1,2025-12-12 12:39:10,0,122,1,,False,,react-native;expo;tooling-recommendation
79844894,1,2025-12-12 12:48:14,0,197,1,,True,,.net;microsoft.extensions.logging
79844904,1,2025-12-12 12:58:35,1,520,2,,True,,angular
79844907,1,2025-12-12 13:00:27,0,243,1,,False,,colors;vertex;meshlab
79844911,1,2025-12-12 13:05:31,3,198,1,79844934.0,True,,c#;postgresql;entity-framework-core;npgsql
79844914,1,2025-12-12 13:09:58,-1,157,1,79845034.0,True,2025-12-12 23:14:21,.net;ubuntu;ssl
79844915,1,2025-12-12 13:10:30,0,177,4,,False,,python;advice
79844919,1,2025-12-12 13:17:19,0,77,0,,False,,count;min;group
79844932,1,2025-12-12 13:38:18,0,135,1,79845098.0,True,,python;tkinter;tkinter-canvas;python-3.13
79844947,1,2025-12-12 13:56:06,3,250,1,79844994.0,True,,c++;qt;qml;pass-by-value;qlist
79844949,1,2025-12-12 14:03:56,3,224,2,,True,,delphi;delphi-13-florence;delphi-12.3
79844951,1,2025-12-12 14:09:22,1,185,2,79844971.0,True,,excel;vba
79844954,1,2025-12-12 14:11:28,0,80,1,,False,,sql;ssis;powerbi;business-intelligence;dataflowtask
79844956,1,2025-12-12 14:16:39,1,107,1,79844986.0,True,,ms-access;ascii;letters-and-numbers
79844959,1,2025-12-12 14:21:44,2,140,2,,True,,sql;mysql
79844965,1,2025-12-12 14:32:00,0,98,3,,False,,sap-erp;tooling-recommendation
79844967,1,2025-12-12 14:32:09,1,151,1,79845258.0,True,,python;excel;pandas;dataframe;geopandas
79844969,1,2025-12-12 14:34:22,0,181,1,,False,,java;openapi;spring-boot-maven-plugin;advice
79844974,1,2025-12-12 14:41:45,0,89,0,,False,,stm32;iar;stm32cubemx;cubemx;touchgfx
79844975,1,2025-12-12 14:43:36,1,167,0,,False,,zsh;zshrc;zsh-completion
79844976,1,2025-12-12 14:43:52,1,117,1,,True,,testing;events;event-listener;laravel-12
79844978,1,2025-12-12 14:45:23,0,121,7,,False,,c#;generics;advice
79844980,1,2025-12-12 14:47:52,1,69,0,,False,,classification;textures;feature-extraction
79844981,1,2025-12-12 14:50:22,2,187,1,79845049.0,True,,haskell;existential-type;type-theory;higher-rank-types
79844985,1,2025-12-12 14:52:54,0,180,1,79895705.0,True,,windows;arm;native;arm64;windows-arm64
79844988,1,2025-12-12 15:00:46,0,74,0,,False,,ios;swift;audio;webrtc-ios
79844995,1,2025-12-12 15:11:12,0,197,2,,False,,typescript;spring-boot;swagger
79845015,1,2025-12-12 15:40:18,0,653,1,79849487.0,True,,azure;azure-devops;microsoft-edge;azure-devops-rest-api;private-network-access
79845020,1,2025-12-12 15:46:36,1,474,1,79845021.0,True,,shadcnui
79845023,1,2025-12-12 15:48:52,0,87,1,,True,2025-12-12 20:15:34,css;tailwind-css
79845027,1,2025-12-12 15:50:50,0,125,1,79845028.0,True,,amazon-web-services;aws-lambda;grafana
79845050,1,2025-12-12 16:18:52,0,105,0,,False,,design-patterns;schema;admin;mern;advice
79845055,1,2025-12-12 16:23:46,3,194,2,,True,,python;pandas;timestamp;iso8601
79845056,1,2025-12-12 16:24:02,0,829,1,,False,,google-chrome;google-chrome-extension;tooling-recommendation
79845059,1,2025-12-12 16:31:35,2,154,0,,False,,embedded-linux;yocto;gpio;boot;u-boot
79845061,1,2025-12-12 16:32:58,0,115,0,,False,,quarkus;quarkus-panache;quarkus-reactive;advice
79845063,1,2025-12-12 16:35:44,1,197,0,,False,,java;spring;spring-boot;spring-boot-actuator;prometheus-pushgateway
79845065,1,2025-12-12 16:38:08,0,141,1,,True,,flutter;dart
79845071,1,2025-12-12 16:43:31,0,74,1,,False,,ant
79845073,1,2025-12-12 16:46:02,0,88,1,,False,,keystonejs;keystonejs6
79845075,1,2025-12-12 16:47:31,15,13190,4,,True,,postgresql;nestjs;prisma;prisma-orm
79845089,1,2025-12-12 17:07:31,0,77,1,,False,,ms-access;advice
79845091,1,2025-12-12 17:09:18,2,147,1,79845150.0,True,,java;spring-webflux;project-reactor
79845093,1,2025-12-12 17:12:23,3,233,2,79847476.0,True,,rust
79845096,1,2025-12-12 17:18:37,0,481,1,,False,,reactjs;react-hook-form;zod
79845097,1,2025-12-12 17:20:09,2,146,2,,True,,c#;.net;wpf;xaml
79845100,1,2025-12-12 17:22:37,0,197,0,,False,,wpf;.net-10.0
79845107,1,2025-12-12 17:26:28,2,146,1,,True,,c#;linq;entity-framework-6;linq-to-entities
79845113,1,2025-12-12 17:35:40,2,126,1,79845140.0,True,,powerbi;dax;powerbi-desktop
79845133,1,2025-12-12 18:09:33,0,118,1,,False,,google-apps-script;gmail
79845134,1,2025-12-12 18:10:22,2,220,1,,True,,c#;wildcard;winscp-net;directory-listing
79845137,1,2025-12-12 18:13:49,0,115,0,,False,,javascript;jquery
79845144,1,2025-12-12 18:24:45,2,115,1,79845194.0,True,,javascript;jquery;bootstrap-datetimepicker
79845168,1,2025-12-12 19:01:33,1,75,1,,True,,vue.js;vuetify.js
79845172,1,2025-12-12 19:06:56,0,105,2,,False,,google-cloud-platform;google-cloud-bigtable;google-cloud-dns;google-cloud-billing;advice
79845173,1,2025-12-12 19:07:16,0,57,1,,False,,formatting;datagrip;advice
79845191,1,2025-12-12 19:29:54,1,275,2,79862847.0,True,,ios;swift;nsurlsession;urlsession;nsurlsessionuploadtask
79845195,1,2025-12-12 19:33:32,0,102,0,,False,,android-studio
79845200,1,2025-12-12 19:39:03,0,138,3,,False,,java;spring;rest;rest-client;best-practices
79845201,1,2025-12-12 19:42:49,0,145,0,,False,,vs-code;intellisense
79845203,1,2025-12-12 19:44:52,1,212,2,,True,2025-12-15 16:35:41,android;kotlin;android-jetpack-compose
